ISO3_Code,Country_Name,M49_Code,Life_Expectancy_2016,Life_Expectancy_2017,Life_Expectancy_2018,Life_Expectancy_2019,Life_Expectancy_2020,Mean_Years_Of_Schooling_2016,Mean_Years_Of_Schooling_2017,Mean_Years_Of_Schooling_2018,Mean_Years_Of_Schooling_2019,Mean_Years_Of_Schooling_2020,CPI_Food_2016,CPI_Food_2017,CPI_Food_2018,CPI_Food_2019,CPI_Food_2020,Net_FDI_2016,Net_FDI_2017,Net_FDI_2018,Net_FDI_2019,Net_FDI_2020,Infant_Mortality_Rate_2016,Infant_Mortality_Rate_2017,Infant_Mortality_Rate_2018,Infant_Mortality_Rate_2019,Infant_Mortality_Rate_2020,Unemployment_2016,Unemployment_2017,Unemployment_2018,Unemployment_2019,Unemployment_2020,Access_To_Electricity_2016,Access_To_Electricity_2017,Access_To_Electricity_2018,Access_To_Electricity_2019,Access_To_Electricity_2020,Fertility_Rate_2016,Fertility_Rate_2017,Fertility_Rate_2018,Fertility_Rate_2019,Fertility_Rate_2020,Immunization_Measles_2016,Immunization_Measles_2017,Immunization_Measles_2018,Immunization_Measles_2019,Immunization_Measles_2020,Labor_Force_Gender_Ratio_2016,Labor_Force_Gender_Ratio_2017,Labor_Force_Gender_Ratio_2018,Labor_Force_Gender_Ratio_2019,Labor_Force_Gender_Ratio_2020,Corruption_Perception_Index_2020,Corruption_Perception_Index_2019,Corruption_Perception_Index_2018,Corruption_Perception_Index_2017,Corruption_Perception_Index_2016,Prevalence_of_undernourishment_2016,Prevalence_of_undernourishment_2017,Prevalence_of_undernourishment_2018,Prevalence_of_undernourishment_2019,Prevalence_of_undernourishment_2020
AFG,Afghanistan,4.0,63.1361,63.016,63.081,63.5645,62.5751,2.463660385,2.561424686,2.659188987,2.756953288,2.854717589,108.916832,113.832502,113.490296,119.067918,128.002089,78.81,42.59,78.91,12.586666,-24.142135,67.5,64.8,62.3,60.1,58.0,11.15799999,11.18000031,11.15200043,11.21700001,11.71000004,97.69999695,97.69999695,96.61613464,97.69999695,97.69999695,4.8,4.633,4.473,4.321,4.176,64.0,67.0,71.0,64.0,66.0,27.1038412375653,28.9361754413037,29.4739178697398,30.0098803224511,24.6858778957205,19.0,16.0,16.0,15.0,15.0,22.2,23.0,24.0,26.9,29.8
AGO,Angola,24.0,61.0923,61.6798,62.1438,62.4484,62.2612,5.417390823,5.417390823,5.417390823,5.417390823,5.417390823,154.136774,183.757815,211.993524,252.263872,330.372845,-452.522619,-8749.300466,-6461.790581,-1749.052913,-1956.982582,84.1,80.6,77.3,74.2,71.5,7.412000179,7.407999992,7.421000004,7.421000004,8.333000183,41.81312943,43.01325989,45.29000092,45.64279938,46.89060974,5.686,5.6,5.519,5.442,5.371,45.0,42.0,50.0,51.0,44.0,93.8053547304643,93.9264828466799,94.1019195082736,94.3309199504084,93.4262284145821,27.0,26.0,19.0,19.0,18.0,15.4,15.4,15.7,17.9,20.8
ALB,Albania,8.0,78.8602,79.0473,79.1838,79.2825,76.9893,10.72752833,10.91069206,11.09698316,11.28645502,11.28645502,104.588667,107.497139,110.638289,113.430423,116.338895,1036.471408,1122.69405,1207.129445,1160.122963,1017.126096,9.4,9.4,9.5,9.7,9.8,15.42000008,13.61999989,12.30000019,11.47000027,13.32900047,99.88999939,99.88999939,100.0,100.0,100.0,1.659,1.638,1.617,1.597,1.58,96.0,96.0,94.0,95.0,91.0,76.6604881917464,74.5183571677263,76.1208647546987,77.829119439077,75.8574481545003,36.0,35.0,36.0,38.0,39.0,4.7,4.7,4.6,4.3,3.9
ARE,United Arab Emirates,784.0,79.3347,79.5036,79.6274,79.7262,78.9457,10.8426199,12.05539989,12.48400021,12.69402981,12.69402981,100.998062,104.268174,105.564297,104.435251,108.084044,-6106.627,-3705.723,-4694.006,-3351.498637,947.138965,7.4,7.2,7.0,6.8,6.6,1.639999986,2.460000038,2.351999998,2.230000019,3.187999964,100.0,100.0,100.0,100.0,100.0,1.491,1.448,1.413,1.387,1.369,99.0,99.0,99.0,99.0,99.0,54.9341874541192,56.7360933056163,54.0172796887255,53.9476897747383,52.4171051177432,71.0,71.0,70.0,71.0,66.0,6.3,6.4,6.2,6.0,5.6
ARG,Argentina,32.0,76.3077,76.833,76.9994,77.2845,75.8921,10.92819023,11.01644516,11.10470009,11.14726927,11.14726927,119.206012,143.476356,216.878531,340.091177,483.12659,1473.633407,10361.23124,10070.636,5123.845949,2888.722899,10.9,10.3,9.7,9.1,8.6,8.111000061,8.350000381,9.220000267,9.840000153,11.46000004,99.84957886,100.0,99.98957825,100.0,100.0,2.288,2.275,2.261,2.247,2.233,90.0,89.0,94.0,86.0,77.0,67.0664064718027,67.6967475057438,69.737121048085,70.4379197289097,70.5190413038846,42.0,45.0,40.0,39.0,36.0,2.6,3.1,3.4,3.5,3.7
ARM,Armenia,51.0,74.6639,74.9059,75.0645,75.4386,72.173,11.37989998,11.18758965,11.23515987,11.2827301,11.33030033,98.137571,103.525785,105.20448,104.877866,110.065339,263.213932,221.878286,247.133658,396.632618,144.575322,13.4,12.7,12.1,11.5,10.9,17.62000084,17.70000076,18.96999931,18.29999924,21.20599937,99.80000305,99.69999695,99.90000153,100.0,100.0,1.744,1.75,1.755,1.758,1.76,97.0,96.0,95.0,95.0,94.0,71.0751767702097,71.3920296807736,66.0791226833094,68.5374316759537,67.2182603892526,49.0,42.0,35.0,35.0,33.0,2.7,2.8,2.9,3.1,3.5
AUS,Australia,36.0,82.8707,83.0006,83.3871,83.11,84.3239,12.35210991,12.42234039,12.55362034,12.65668964,12.72681999,102.0419,101.84973,103.387085,106.077455,108.479571,46096.89194,38869.21733,60677.87796,29958.1441,10974.58167,3.8,3.8,3.7,3.7,3.7,5.710000038,5.590000153,5.300000191,5.159999847,6.460000038,100.0,100.0,100.0,100.0,100.0,1.752,1.741,1.74,1.657,1.581,95.0,94.0,94.0,94.0,93.0,84.0514207230873,84.6660105721004,85.2441495619991,85.7140863884792,85.965111246242,77.0,77.0,77.0,77.0,79.0,1.5,1.5,1.5,1.5,1.5
AUT,Austria,40.0,81.5925,81.6391,81.6862,81.9077,81.5036,12.11466026,12.15911961,12.20790482,12.25669003,12.25669003,101.1,104.3,105.1,106.0,109.0723,-6474.80789,4701.948504,-324.439639,-9926.827669,-14126.46004,3.6,3.6,3.6,3.6,3.6,6.010000229,5.5,4.849999905,4.489999771,5.360000134,100.0,100.0,100.0,100.0,100.0,1.53,1.52,1.47,1.46,1.44,95.0,96.0,94.0,95.0,95.0,83.723335382459,83.6853239749318,83.3114761068965,83.5567332700303,84.0869513565137,76.0,77.0,76.0,75.0,75.0,1.5,1.5,1.5,1.5,1.5
AZE,Azerbaijan,31.0,72.0039,72.2478,72.7601,73.1023,66.8679,10.55539989,10.54459953,10.54176044,10.5429697,10.5429697,124.781488,137.525291,137.288192,142.912168,148.740532,1926.0,303.0,-358.0,-927.8,-318.2,24.5,22.8,21.5,20.4,19.4,5.0,5.0,4.900000095,4.849999905,6.462999821,100.0,100.0,100.0,100.0,100.0,1.9,1.75,1.73,1.81,1.7,98.0,98.0,96.0,98.0,82.0,90.3326187877734,90.3518680445281,90.7093386426792,90.8177576735683,88.8703613779578,30.0,30.0,25.0,31.0,30.0,1.5,1.5,1.5,1.5,1.5
BEL,Belgium,56.0,81.2661,81.3618,81.4787,81.8311,80.7884,11.98532009,12.23692989,12.30630493,12.37567997,12.37567997,102.1507,104.2831,105.8205,106.2867,108.0026,22868.65467,-30406.34426,-8677.660575,1305.307654,-1789.822114,4.1,4.1,4.2,4.2,4.2,7.829999924,7.090000153,5.949999809,5.360000134,5.550000191,100.0,100.0,100.0,100.0,100.0,1.68,1.65,1.62,1.6,1.55,96.0,96.0,96.0,96.0,96.0,81.3550624604442,82.3526476775414,83.8767093940339,84.2876271052249,84.3573143972422,76.0,75.0,75.0,75.0,77.0,1.5,1.5,1.5,1.5,1.5
BEN,Benin,204.0,59.5394,59.8558,60.1403,60.4537,60.088,3.863223294,4.010411011,4.157598728,4.304786445,4.304786445,98.81456,100.826915,101.594,96.63285,100.80699,114.409647,168.995331,184.303164,191.058358,151.767219,95.4,93.2,90.9,88.4,85.9,1.827999949,1.644000053,1.470000029,1.470000029,1.583999991,37.09524536,34.5,39.24691772,40.32868958,41.41095734,4.977,4.906,4.836,4.767,4.7,68.0,68.0,68.0,68.0,65.0,94.8290854459268,95.085492611413,95.3772047366391,95.699388968029,95.6994808935357,41.0,41.0,40.0,39.0,36.0,7.6,7.9,8.1,7.7,7.4
BFA,Burkina Faso,854.0,59.3262,59.5361,60.0466,60.0391,59.7306,1.602925003,1.761222512,1.91952002,2.114962259,2.114962259,98.316135,104.243617,103.823713,98.208717,103.618644,340.114274,-7.696131,200.701559,146.537696,126.448072,97.5,94.1,90.8,87.8,85.0,4.434000015,4.563000202,4.690000057,4.69299984,4.894999981,16.64105606,17.21404266,14.39999962,18.37485504,18.95723915,5.353,5.271,5.189,5.109,5.029,88.0,88.0,88.0,88.0,88.0,78.3047574314716,78.4822170026177,78.6856265274451,78.9247422790987,78.9247368132726,40.0,40.0,41.0,42.0,42.0,12.3,12.4,12.7,14.1,18.0
BGD,Bangladesh,50.0,71.09,71.7879,72.5675,72.8057,71.9678,6.113890171,6.270249844,6.385879993,6.549980164,7.379059792,108.2819,116.000498,122.142365,129.304981,136.211324,2292.19,2009.6,3590.06,2846.37,2551.98,36.1,34.2,32.4,30.7,29.1,4.349999905,4.369999886,4.413000107,4.438000202,5.413000107,75.91999817,88.0,91.80000305,92.19999695,96.19999695,2.09,2.062,2.036,2.011,1.987,97.0,97.0,97.0,97.0,97.0,41.8012189212087,45.0602111400487,45.2600711346385,45.3819431498933,43.9716398838606,26.0,26.0,26.0,28.0,26.0,13.3,12.5,11.5,11.0,11.4
BGR,Bulgaria,100.0,74.8336,74.7992,74.8983,75.0624,73.6453,11.23243999,11.24269962,11.29952653,11.35635344,11.41318035,100.490613,104.336471,107.007477,114.476757,116.637022,635.183163,1483.287541,894.007137,1296.870197,2222.199978,7.7,7.3,7.0,6.6,6.1,7.570000172,6.159999847,5.210000038,4.230000019,5.119999886,100.0,100.0,100.0,100.0,99.69999695,1.54,1.56,1.56,1.58,1.56,92.0,94.0,93.0,95.0,88.0,80.1537493661635,80.2971579265213,79.4763697519418,79.297398408181,78.7835547370671,44.0,43.0,42.0,43.0,41.0,3.5,3.0,2.8,3.0,3.0
BIH,Bosnia and Herzegovina,70.0,76.8083,76.9349,77.0926,77.2412,76.2254,9.692919731,9.752649784,9.812379837,10.17434978,10.53631973,97.8111,99.5009,99.6182,101.0793,101.7047,311.141147,413.371027,598.51228,396.82428,375.874698,6.2,6.1,6.0,5.9,5.7,25.40999985,20.53000069,18.39999962,15.68999958,15.26500034,100.0,100.0,100.0,100.0,100.0,1.286,1.276,1.265,1.254,1.243,68.0,69.0,68.0,68.0,68.0,58.6208183813292,61.2644183657743,59.2661777243117,64.1367387370302,61.5526673338134,35.0,36.0,38.0,38.0,39.0,1.5,1.5,1.5,1.5,1.5
BLR,Belarus,112.0,74.258,74.4519,74.5676,74.216,72.5132,11.85758429,11.95291634,12.04824839,12.14358044,12.14358044,115.694397,120.59984,127.57051,133.005014,141.238025,1124.0,1208.5,1371.3,1277.1,1314.6,3.9,3.6,3.4,3.1,2.9,5.840000153,5.650000095,4.760000229,4.159999847,4.768000126,100.0,100.0,100.0,100.0,100.0,1.733,1.541,1.448,1.382,1.382,98.0,97.0,98.0,98.0,97.0,82.7045167704637,82.0338299298491,80.6324630958392,81.3964858579563,80.6414687538633,47.0,45.0,44.0,44.0,40.0,1.5,1.5,1.5,1.5,1.5
BOL,Bolivia (Plurinational State of),68.0,67.6277,67.7015,67.748,67.841,64.4667,9.162832737,9.396595001,9.630357265,9.86411953,9.827750206,108.111846,110.954091,113.008593,115.232584,114.329014,246.49949,632.781025,386.834085,-264.951156,-946.246411,29.9,28.6,27.4,26.3,25.4,3.5,3.650000095,3.519999981,3.819999933,7.900000095,91.80000305,91.80000305,92.80000305,95.08000183,97.55412292,2.829,2.777,2.73,2.688,2.651,94.0,83.0,89.0,79.0,74.0,73.2212640156102,75.6886401667044,79.4491292216721,75.2931136783232,73.6668537064432,31.0,31.0,29.0,33.0,33.0,13.1,12.5,12.1,11.9,13.9
BRA,Brazil,76.0,74.4415,74.8266,75.1095,75.3379,74.0089,7.731040001,7.851759911,7.982019901,8.128813955,8.128813955,114.3018,112.1666,116.6876,124.141857,141.626625,59601.13601,47544.55963,76138.00314,46354.54687,50586.15178,16.7,15.4,15.2,14.9,14.7,11.60000038,12.81999969,12.32999992,11.93000031,13.68999958,99.69999695,99.80000305,99.69999695,99.80000305,100.0,1.747,1.739,1.73,1.719,1.706,95.0,91.0,92.0,91.0,79.0,70.854286248901,72.4569060739238,73.004276734606,73.9107629468767,70.7926537556154,38.0,35.0,35.0,37.0,40.0,1.5,1.5,1.5,2.6,4.1
BRB,Barbados,52.0,76.8149,76.936,77.067,77.2569,77.3929,9.734617347,9.77397843,9.813339513,9.852700596,9.852700596,114.376464,121.945129,120.550901,135.506459,140.72365,462.836987,233.809541,232.392,187.541323,254.6,13.7,13.4,13.0,12.6,12.2,8.25,8.619999886,8.319999695,8.409999847,10.37699986,100.0,100.0,100.0,100.0,100.0,1.613,1.615,1.619,1.623,1.628,92.0,92.0,85.0,92.0,89.0,89.2274236656232,88.1947344335838,87.379324570731,89.6154422186879,87.5764454650535,64.0,62.0,68.0,68.0,61.0,4.4,4.3,4.1,3.7,3.4
BRN,Brunei Darussalam,96.0,74.7332,74.722,74.7118,74.7483,74.7949,9.06,9.1,9.14,9.18,9.18,99.021323,101.225778,101.336234,100.926443,105.672775,3558.758055446969,207.90435219083957,3856.5611093664115,1695.6356989999997,1322.2601105625004,10.8,11.0,11.2,11.4,11.5,8.383000374,9.319999695,8.699999809,6.920000076,7.68200016,100.0,100.0,100.0,100.0,100.0,1.915,1.881,1.848,1.819,1.796,98.0,97.0,99.0,97.0,99.0,80.568398348219,82.0010781161865,78.7885000818116,75.6857529182077,74.9596620025112,60.0,60.0,63.0,62.0,58.0,6.8,6.2,5.8,5.8,5.9
BWA,Botswana,72.0,65.4644,66.7526,65.4224,65.4636,65.6471,10.1,10.18,10.26,10.34,10.34,104.29427,105.430148,105.225589,108.382356,112.275703,312.216268,259.709235,368.033857,73.812243,63.132069,49.2,47.8,47.0,45.9,44.8,21.02899933,21.56599998,22.07099915,22.61000061,24.93000031,64.17505646,67.40000153,68.22926331,69.95973969,71.99475861,2.942,2.91,2.874,2.836,2.796,97.0,97.0,97.0,97.0,87.0,84.9084410548527,85.7944234992409,86.6825414817812,87.5781325158709,86.1498725017271,60.0,61.0,61.0,61.0,60.0,20.1,21.3,21.5,22.1,21.9
CAN,Canada,124.0,82.0434,82.0192,82.0508,82.3628,82.0471,13.73192024,13.76600456,13.80017348,13.83442722,13.83442722,98.58939,100.0767,102.5556,105.8136,106.3802,-33450.74531,-53421.57573,-19177.07579,-31060.61006,-24832.36439,5.3,5.2,5.1,5.1,5.0,7.0,6.340000153,5.829999924,5.659999847,9.460000038,100.0,100.0,100.0,100.0,100.0,1.59,1.54,1.5,1.47,1.4,89.0,90.0,90.0,90.0,90.0,87.2064916845893,87.6284492313788,88.0250433280405,87.6606768307749,86.6996901450935,77.0,77.0,81.0,82.0,82.0,1.5,1.5,1.5,1.5,1.5
CHE,Switzerland,756.0,83.4452,83.4125,83.5615,83.7802,83.067,13.66668034,13.73318529,13.79969025,13.85966015,13.85966015,99.67825,100.3039,101.7886,101.0811,100.6567,-16384.94123,91200.63675,-111804.8905,-35354.63697,-63939.47576,4.2,4.2,4.1,4.0,4.0,4.920000076,4.800000191,4.710000038,4.389999866,4.820000172,100.0,100.0,100.0,100.0,100.0,1.54,1.52,1.52,1.48,1.46,94.0,95.0,95.0,95.0,97.0,84.3497905094021,84.0731124269813,84.7385020994044,85.5131122415837,85.1738789518793,85.0,85.0,85.0,85.0,86.0,1.5,1.5,1.5,1.5,1.5
CHL,Chile,152.0,80.0794,80.3501,80.1334,80.3263,79.3769,10.42321491,10.59051991,10.76136507,10.9349663,10.9349663,104.5233,107.0929,110.1873,114.3097,123.0354,3836.168964,2604.278544,6450.385411,3247.162005,-3196.84402,7.7,7.4,7.2,7.0,6.8,6.739999771,6.960000038,7.230000019,7.289999962,11.18000031,100.0,99.69999695,100.0,100.0,100.0,1.713,1.678,1.649,1.627,1.611,93.0,93.0,93.0,95.0,91.0,67.4035813377071,68.1077596780231,69.6119817472602,70.5696962733958,67.032107708069,67.0,67.0,67.0,67.0,66.0,3.1,2.9,2.7,2.6,2.6
CIV,CÃ´te d'Ivoire,384.0,58.0599,58.4805,58.8494,59.3185,59.0318,4.921027531,5.013731346,5.106435161,5.199138977,5.199138977,100.23522,103.126809,103.930573,107.557312,110.586129,549.220086,298.983969,475.678486,816.170219,350.473618,88.4,86.0,83.2,80.3,77.9,2.599999905,3.269999981,3.292999983,3.318000078,3.487999916,64.30000305,65.59999847,67.14739227,68.45955658,69.67912292,4.759,4.704,4.649,4.593,4.536,73.0,70.0,75.0,73.0,66.0,69.4460736773441,70.3166158547744,70.6254258566964,70.9253775689133,70.9257211272929,36.0,35.0,35.0,36.0,34.0,6.9,6.0,5.2,4.7,4.4
CMR,Cameroon,120.0,60.2333,60.8103,61.1798,61.5839,60.8328,5.983691359,6.039564753,6.095438148,6.151311543,6.151311543,100.59845,101.965277,104.1522,106.976975,110.712969,702.678,792.137,651.895417,899.655389,403.717252,84.2,80.6,77.3,74.7,72.2,3.575000048,3.599999905,3.617000103,3.638000011,3.836999893,59.80877686,61.03086472,62.20000076,63.48987961,64.72136688,4.708,4.639,4.572,4.506,4.443,71.0,65.0,59.0,60.0,62.0,86.4262765965891,86.6073369072214,86.8278573108204,87.0814926993125,87.0815038295774,25.0,25.0,25.0,25.0,26.0,5.9,6.6,6.9,6.7,6.7
COD,Democratic Republic of the Congo,180.0,59.0664,59.4114,59.9417,60.2757,59.7392,6.75948,6.889088258,7.018696516,7.018696516,7.018696516,109.950799,116.044473,117.852991,119.661508,121.470025,932.374669,1047.979483,1407.563588,1354.128941,1498.084808,92.8,89.6,86.6,83.8,81.2,4.477000237,4.465000153,4.451000214,4.451000214,5.265999794,17.04183769,17.91650963,18.56829071,19.10000038,19.10000038,6.112,6.017,5.919,5.819,5.718,63.0,65.0,64.0,65.0,62.0,89.596545591156,89.6934482947873,89.8786445071286,90.1380277649383,88.4185710691881,18.0,18.0,20.0,21.0,21.0,36.0,36.4,36.3,37.7,39.8
COG,Congo,178.0,63.5765,63.76,64.0531,62.7467,63.7852,6.124,6.138,6.152,6.166,6.166,97.303491,98.72583,97.762748,102.808461,101.593885,1601.236924,4372.020131,4301.636044,3343.439176,3988.358114,50.8,49.1,47.6,52.5,44.6,20.55900002,20.55900002,20.61400032,20.62199974,22.84300041,45.50832748,46.57394791,47.41667557,48.40747452,49.51710129,4.536,4.482,4.428,4.374,4.321,67.0,70.0,75.0,73.0,68.0,96.3751342834635,96.6133766105335,96.9446465349154,97.3616530669878,95.3458016844893,19.0,19.0,19.0,21.0,20.0,26.4,28.3,29.3,29.9,31.6
COL,Colombia,170.0,76.4713,76.6456,76.7479,76.7523,74.7692,8.221500397,8.362985134,8.504469872,8.643030167,8.862859726,112.482,113.0231,115.13,121.8075,127.6561,9331.0,10147.13215,6408.802152,11094.92219,5724.090215,15.0,14.6,14.1,13.6,13.2,8.68999958,8.869999886,9.109999657,9.960000038,15.03999996,98.40000153,98.5,98.5,99.75592041,100.0,1.843,1.825,1.807,1.789,1.771,93.0,93.0,95.0,95.0,90.0,71.4405653607758,71.4745537776587,70.8294033305572,70.2903203472456,66.2366566020452,39.0,37.0,36.0,37.0,37.0,6.0,5.9,6.2,7.2,8.2
CPV,Cabo Verde,132.0,75.7423,76.5928,75.7331,76.0042,74.8077,5.973347954,6.076351994,6.181132228,6.287719287,6.287719287,100.424339,99.32918,100.100364,104.367955,101.698239,135.14965,119.679897,120.475466,133.766588,117.943223,18.1,16.8,15.8,14.9,14.2,12.00800037,12.23999977,12.17000008,12.21899986,15.30599976,87.5449295,88.69096375,90.41175079,91.40000153,94.16174316,2.346,2.309,2.274,2.242,2.213,93.0,96.0,99.0,98.0,95.0,76.4411362114823,78.0217811838299,78.0683713753084,77.0088453497317,74.8333524672419,58.0,58.0,57.0,55.0,59.0,17.0,16.2,15.4,14.5,17.7
CRI,Costa Rica,188.0,79.4592,79.3769,79.4835,79.4272,79.277,8.564390182,8.643780231,8.72317028,8.763615131,8.804059982,99.55278,103.0246,103.3305,103.8196,107.7201,2127.035025,2652.093384,2283.145638,2631.191771,1623.994024,8.9,8.7,8.4,8.2,7.9,8.600000381,8.140000343,9.630000114,11.48999977,17.40999985,99.5,99.59999847,99.69999695,99.70999908,99.90000153,1.789,1.772,1.754,1.737,1.721,93.0,96.0,94.0,95.0,95.0,60.8616470754889,60.6046852259924,62.6788395015394,67.865746260714,65.3893754933724,57.0,56.0,56.0,59.0,58.0,3.6,3.2,3.2,3.4,3.4
CYP,Cyprus,196.0,81.0563,81.328,81.382,81.397,81.3905,12.08658028,12.18473005,12.28287983,12.36152506,12.44017029,100.78,96.47,98.5,100.27,100.64,2238.61659,744.238096,5591.122985,5946.380562,2307.321422,2.9,2.8,2.8,2.8,2.8,12.94999981,11.05000019,8.369999886,7.070000172,7.590000153,100.0,100.0,100.0,100.0,100.0,1.345,1.337,1.329,1.321,1.313,90.0,90.0,90.0,86.0,86.0,84.6196737023192,84.9711229738446,84.5783192999612,83.4194656236306,81.682472266188,57.0,58.0,59.0,57.0,55.0,1.5,1.5,1.5,1.5,1.5
CZE,Czechia,203.0,78.9967,78.9557,79.0039,79.2433,78.5746,12.73709011,12.78682041,12.8280654,12.86931038,12.86931038,100.8,106.4,105.8,110.9,110.8,7632.962874,1961.671529,2347.807863,5980.25424,3150.153362,3.2,3.2,3.1,3.0,2.9,3.950000048,2.890000105,2.24000001,2.00999999,2.549999952,100.0,100.0,100.0,100.0,100.0,1.63,1.69,1.71,1.71,1.71,98.0,97.0,96.0,92.0,94.0,75.8415472098479,76.2914875121461,76.8039838532999,76.7405877884051,76.0570630823282,54.0,56.0,59.0,57.0,55.0,1.5,1.5,1.5,1.5,1.5
DEU,Germany,276.0,80.8471,80.9442,81.1717,81.5584,81.1472,14.1321497,14.10476494,14.07738018,14.09096691,14.09096691,102.3,105.0,106.1,108.1,108.5,-48027.81099,-37876.10849,-24170.99172,-85215.25598,701.177376,3.9,3.9,3.8,3.7,3.7,4.119999886,3.75,3.380000114,3.140000105,3.809999943,100.0,100.0,100.0,100.0,100.0,1.6,1.57,1.57,1.54,1.53,97.0,97.0,97.0,97.0,97.0,83.5933594081162,83.8184145988953,83.7693849459793,83.8961655439241,85.4192973687762,80.0,80.0,80.0,81.0,81.0,1.5,1.5,1.5,1.5,1.5
DJI,Djibouti,262.0,62.1908,62.7966,63.0381,63.0854,62.6943,4.07,4.07,4.0,4.1,4.1,108.327675,106.936486,110.019595,117.519103,118.879304,3558.758055446969,207.90435219083957,3856.5611093664115,1695.6356989999997,1322.2601105625004,63.8,61.8,59.7,57.8,55.9,26.19300079,26.05999947,26.18899918,26.35700035,28.38999939,58.67544556,60.20000076,60.5641861,61.21192932,61.76708221,2.846,2.785,2.728,2.676,2.627,75.0,81.0,86.0,83.0,62.0,38.2655301227578,38.7372917580983,39.2952916364589,39.8126228948539,38.7512437261787,27.0,30.0,31.0,31.0,30.0,13.6,13.5,13.1,13.1,13.5
DMA,Dominica,212.0,70.1284,67.5253,73.59,73.5588,73.649,8.017922938,8.059343959,8.100764979,8.142186,8.142186,100.277671,100.692414,102.838259,104.650506,104.497231,41.107778,-2.152963,-37.216296,32.509877,25.129679,32.4,33.5,34.4,35.0,35.4,8.153829960959184,7.832068034639456,7.531707479299319,7.343251690040818,8.617748307782314,99.98353577,100.0,100.0,100.0,100.0,2.6829081632653065,2.642860544217687,2.6119285714285714,2.578761904761905,2.539071428571429,96.0,77.0,84.0,92.0,92.0,71.60922124272811,71.79873959347235,71.87843033876432,72.13267584240388,71.33609747938485,55.0,55.0,57.0,57.0,59.0,5.4,5.7,5.7,6.5,6.9
DNK,Denmark,208.0,80.8803,81.1112,80.99,81.4337,81.5449,13.16281986,13.011765,12.86071014,12.91060019,12.96049023,100.9,102.9,102.7,103.6,103.8,-9875.187917,-5769.44338,1567.948914,-7816.839987,-3244.039576,4.1,4.0,3.9,3.7,3.6,5.989999771,5.829999924,5.130000114,5.019999981,5.639999866,100.0,100.0,100.0,100.0,100.0,1.79,1.75,1.73,1.7,1.67,94.0,97.0,95.0,96.0,94.0,87.4250048120453,87.3943873956835,86.9877243258767,86.7330723027126,86.9850750316326,88.0,87.0,88.0,88.0,90.0,1.5,1.5,1.5,1.5,1.5
DOM,Dominican Republic,214.0,72.9867,73.0629,73.2323,73.5767,72.8894,9.044050217,8.936204255,9.106114462,9.306864107,9.306864107,102.703904,108.375097,108.344358,116.067323,125.775809,3558.758055446969,207.90435219083957,3856.5611093664115,1695.6356989999997,1322.2601105625004,35.0,34.9,34.8,34.4,33.8,7.28000021,5.829999924,5.860000134,6.360000134,6.130000114,98.90000153,100.0,98.90000153,99.0,100.0,2.387,2.367,2.346,2.323,2.299,85.0,86.0,91.0,96.0,82.0,63.8835024045267,64.436310743738,64.7886596979437,67.2437864676114,64.3416243779021,28.0,28.0,30.0,29.0,31.0,6.8,6.2,6.1,7.0,6.7
DZA,Algeria,12.0,75.7318,75.7428,76.0656,76.4742,74.4528,7.877038634,7.940606186,8.004686727,8.069284397,8.069284397,105.435418,111.015653,110.86839,110.615938,113.340313,1590.096852,1260.947166,620.816595,1350.821964,1109.896337,24.8,24.3,23.8,23.3,22.7,10.19999981,10.33300018,10.42000008,10.51299953,12.55000019,99.35025024,99.63549042,99.69783783,99.5,99.80413055,3.052,3.045,3.023,2.988,2.942,94.0,88.0,80.0,80.0,80.0,25.4773705466379,25.2636177431848,25.0532818615054,24.8778600511553,24.1241414205571,36.0,35.0,35.0,33.0,34.0,2.8,2.7,1.5,1.5,1.5
ECU,Ecuador,218.0,76.7634,76.9725,77.0938,77.2971,72.1535,8.692919731,8.765919685,8.782986323,8.800052961,8.817119598,102.056869,101.812931,101.142593,100.51045,100.451819,3558.758055446969,207.90435219083957,3856.5611093664115,1695.6356989999997,1322.2601105625004,14.8,14.4,13.9,13.4,13.0,4.599999905,3.839999914,3.529999971,3.809999943,6.110000134,98.69999695,99.19999695,98.69999695,99.08999634,98.84999847,2.475,2.451,2.427,2.403,2.38,86.0,81.0,83.0,83.0,81.0,69.1141431171461,69.9071266945978,68.9076689980583,69.5980981425602,67.002888174152,39.0,38.0,34.0,32.0,31.0,9.7,10.7,11.6,13.7,15.4
EGY,Egypt,818.0,70.8435,71.3019,71.3669,71.3575,70.9905,8.806776914,9.04570961,9.305633501,9.573026174,9.573026174,134.431459,168.258855,187.105598,190.438451,195.77547,7900.2,7209.7,7817.8,8605.0,5525.3,22.5,21.7,20.9,20.1,19.5,12.40999985,11.73999977,9.819999695,7.840000153,9.166999817,100.0,100.0,100.0,100.0,100.0,3.41,3.37,3.326,3.28,3.236,95.0,94.0,94.0,95.0,94.0,32.997947170074,32.8696938813099,27.1091224976609,23.2177785318814,23.0286838488384,33.0,35.0,35.0,32.0,34.0,4.6,4.9,4.9,5.0,5.1
ESP,Spain,724.0,83.0411,83.0295,83.1436,83.5321,82.2892,10.01107979,10.07671499,10.1423502,10.37387514,10.60540009,101.6783,103.4037,104.7927,106.5367,107.7488,-12376.14288,-14079.14506,15761.0313,-11156.68617,-12493.66075,3.3,3.3,3.3,3.3,3.2,19.62999916,17.21999931,15.25,14.10000038,15.52999973,100.0,100.0,100.0,100.0,100.0,1.34,1.31,1.26,1.23,1.23,97.0,98.0,98.0,98.0,96.0,82.5141532199161,82.3762368316189,82.265881859633,83.0689884749571,83.1515517277405,62.0,62.0,58.0,57.0,58.0,1.5,1.5,1.5,1.5,1.5
EST,Estonia,233.0,77.8201,77.976,78.1395,78.6693,78.3431,13.51035023,13.55548,13.65631008,13.60237026,13.54843044,100.8273,107.2426,109.1138,112.3214,112.1076,572.485336,1061.397564,1439.710943,1104.045129,2937.470837,2.8,2.6,2.4,2.3,2.1,6.760000229,5.760000229,5.369999886,4.449999809,6.800000191,100.0,100.0,100.0,100.0,100.0,1.6,1.59,1.67,1.66,1.58,93.0,93.0,87.0,88.0,91.0,79.901303191662,79.9296653505622,80.4902694626804,81.6089458144985,81.5329445868163,75.0,74.0,73.0,71.0,70.0,1.5,1.5,1.5,1.5,1.5
ETH,Ethiopia,231.0,64.3919,64.8383,65.4117,65.8377,65.3705,2.681135178,2.854597012,3.028058847,3.201520681,3.201520681,107.258998,123.818599,137.970999,169.321469,205.400982,3558.758055446969,207.90435219083957,3856.5611093664115,1695.6356989999997,1322.2601105625004,59.0,55.9,53.2,50.8,48.7,2.288000107,2.299000025,2.318000078,2.325999975,3.236999989,42.90000153,44.29999924,44.94060135,48.063591,51.0939827,4.456,4.35,4.247,4.146,4.049,57.0,59.0,55.0,58.0,60.0,85.2547347048067,85.6236615125738,85.9981967812308,86.3618502108756,84.4457387066601,38.0,37.0,34.0,35.0,34.0,14.4,15.7,18.2,21.9,24.9
FIN,Finland,246.0,81.2915,81.4976,81.6266,81.8706,81.8657,12.68652487,12.73937988,12.80649996,12.87362003,12.87362003,99.26,99.19,100.31,102.08,102.27,-15694.42673,3438.00793,-13625.98196,8746.456862,-4029.500239,2.4,2.4,2.4,2.3,2.3,8.819999695,8.640000343,7.360000134,6.690000057,7.760000229,100.0,100.0,100.0,100.0,100.0,1.57,1.49,1.41,1.35,1.37,94.0,94.0,96.0,96.0,95.0,88.1278289806587,87.9674202058933,88.4749371107682,88.2625637628626,87.7415846638137,85.0,86.0,85.0,85.0,89.0,1.5,1.5,1.5,1.5,1.5
FRA,France,250.0,82.4372,82.4732,82.5909,82.7315,82.2104,11.35085964,11.40970039,11.50988007,11.61005974,11.61005974,100.73,102.18,104.85,107.01,108.21,-41770.67477,-11152.15599,-67450.26997,-4698.43587,-26270.52242,4.2,4.3,4.3,4.3,4.4,10.05000019,9.409999847,9.020000458,8.409999847,8.010000229,100.0,100.0,100.0,100.0,100.0,1.92,1.89,1.87,1.86,1.83,90.0,90.0,90.0,92.0,92.0,85.1601493826005,84.9786329187634,85.4176711166084,85.9053644832313,86.0903773365678,69.0,69.0,72.0,70.0,69.0,1.5,1.5,1.5,1.5,1.5
GAB,Gabon,266.0,65.8025,66.1889,66.3064,66.6028,66.5305,9.094,9.208,9.322,9.436,9.436,100.193024,97.952898,104.745253,107.114183,108.096933,1198.36016,1397.73833,1441.999149,1586.915986,1322.2601105625004,47.4,45.5,44.1,43.0,41.7,20.66900063,20.72100067,20.74900055,20.74200058,21.97200012,88.2038269,86.26999664,89.8815155,90.72629547,91.57156372,4.039,4.008,3.969,3.922,3.869,64.0,63.0,59.0,62.0,53.0,70.2300181405712,69.7780983665753,69.3882169424989,69.0977638231608,68.4336100050275,30.0,31.0,31.0,32.0,35.0,15.1,16.1,17.0,16.6,17.2
GBR,United Kingdom of Great Britain and Northern Ireland,826.0,81.0747,81.1684,81.1254,81.725,80.4345,13.07054679,13.16133022,13.24292692,13.32452361,13.4061203,97.9,101.9,102.6,104.3,102.9,296304.4975,-46019.20255,23874.89794,51535.20668,53133.33333,4.4,4.4,4.3,4.3,4.2,4.809999943,4.329999924,4.0,3.74000001,4.472000122,100.0,100.0,100.0,100.0,100.0,1.79,1.74,1.68,1.63,1.56,92.0,92.0,92.0,91.0,91.0,83.7801990384157,84.6739940154246,84.901602077937,85.7551502779942,87.2561841578232,77.0,77.0,80.0,82.0,81.0,1.5,1.5,1.5,1.5,1.5
GEO,Georgia,268.0,73.5692,73.5701,73.3414,73.4696,72.7653,12.81457043,12.87436008,12.84828997,12.82221985,12.82221985,103.633275,111.227323,113.078113,127.035973,135.646876,1245.40446,1708.854069,966.099219,1029.239069,594.004841,10.2,9.9,9.7,9.5,9.3,16.60000038,13.93999958,12.67000008,11.56999969,18.5,100.0,100.0,99.90000153,100.0,100.0,2.059,2.062,2.06,2.055,2.046,93.0,95.0,98.0,99.0,91.0,71.7411791934184,73.3610625086676,75.5061220107643,75.096091358079,73.345385357783,56.0,56.0,58.0,56.0,57.0,8.3,8.1,7.8,7.8,7.6
GHA,Ghana,288.0,63.8902,64.0131,64.122,64.7401,64.114,7.919448013,8.056260907,8.193073801,8.329886695,8.329886695,109.687808,118.456337,128.767478,136.06047,155.174325,3470.6,3239.1,2908.0,3291.0,1335.0,52.2,50.1,48.1,46.4,44.7,5.52699995,4.21999979,4.276000023,4.315999985,4.651000023,79.30000305,79.0,80.40000153,83.5,85.87355042,3.984,3.926,3.87,3.816,3.765,89.0,95.0,92.0,92.0,88.0,88.7132395216279,89.0082694273974,89.33622300214,89.6812728500574,89.6793226772109,43.0,41.0,41.0,40.0,43.0,7.7,7.1,6.2,5.2,4.1
GMB,Gambia,270.0,63.0127,62.9955,63.04,63.7549,62.6125,4.02814688,4.180482013,4.332817146,4.485152279,4.637487411,112.652111,120.875693,128.593068,138.418569,147.797522,-26.3,16.083258,51.459211,43.449211,44.612281,57.4,55.1,53.1,51.2,49.4,9.498000145,9.484999657,9.475999832,9.498000145,11.08100033,56.32740784,56.20000076,60.29999924,62.09999847,62.27306747,5.338,5.281,5.219,5.154,5.087,97.0,90.0,91.0,85.0,82.0,74.2529344928889,74.3781136043125,74.5492486366724,74.7793606979974,73.108654962381,37.0,37.0,37.0,30.0,26.0,11.6,12.2,13.1,18.0,21.6
GRC,Greece,300.0,81.1617,80.8501,81.3907,81.2489,80.9092,10.25430012,10.54285765,10.83141518,11.11997271,11.40853024,99.25755,99.73506,100.1118,100.4421,101.2292,4432.188005,3316.475273,3496.392928,4377.753366,2869.249231,4.4,4.3,4.2,4.2,4.1,23.54000092,21.48999977,19.29000092,17.30999947,16.29999924,100.0,100.0,100.0,100.0,100.0,1.38,1.35,1.35,1.34,1.34,97.0,97.0,97.0,97.0,97.0,75.2552955473911,74.5909048058255,73.8288277709968,73.9591489322727,73.6700232147494,50.0,48.0,45.0,48.0,44.0,1.5,1.5,1.5,1.5,1.5
GTM,Guatemala,320.0,72.3547,72.5506,72.7257,73.1289,71.7969,5.774713993,5.74357605,5.712438107,5.681300163,5.681300163,112.8665,126.804669,132.698445,140.599917,152.80262,964.99596,934.06642,777.86225,799.43959,704.49363,27.3,26.4,25.4,24.5,23.6,2.579999924,2.460000038,2.279999971,2.190000057,3.552999973,91.81558228,93.30000305,94.42923737,95.74200439,97.05526733,2.973,2.92,2.87,2.822,2.777,89.0,94.0,89.0,90.0,88.0,47.8163680863166,45.9817282665372,46.4592229846994,46.9761774134312,46.0312394379751,25.0,26.0,27.0,28.0,28.0,16.4,16.3,16.2,16.3,16.0
HKG,"China, Hong Kong SAR",344.0,84.539,84.8988,85.2456,85.2735,85.1968,12.09660006,12.16905022,12.19762993,12.22620964,12.22620964,104.514294,106.43787,110.41326,125.288914,128.623112,57684.17663,23980.62426,22044.39625,20512.08557,17005.12424,28.889115646258496,27.987074829931974,27.089795918367347,26.27278911564626,25.420408163265307,3.390000105,3.130000114,2.819999933,2.930000067,5.829999924,100.0,100.0,100.0,100.0,100.0,1.205,1.125,1.072,1.051,0.868,87.00680272108843,87.2312925170068,87.4421768707483,87.17006802721089,84.31292517006803,79.8833411843135,80.5825913338389,80.4311634570359,81.4828491957872,81.8382353449752,77.0,76.0,76.0,77.0,77.0,1.5,1.5,1.5,1.5,1.5
HND,Honduras,340.0,72.5878,72.6918,72.8141,72.8811,71.4619,6.528709888,6.408294916,6.287879944,7.088479996,7.088479996,100.481722,105.602798,107.15464,110.37471,114.797458,900.1,1035.0,895.2,499.5,371.9,18.6,18.0,17.4,16.8,16.2,6.730000019,5.53000021,5.650000095,5.699999809,8.373000145,91.59999847,86.5,91.59999847,91.09999847,93.20671082,2.536,2.496,2.46,2.427,2.394,98.0,98.0,91.0,89.0,82.0,56.8673971883335,55.1656654319455,60.3048456086067,54.4167796494713,52.9823387527007,24.0,26.0,29.0,29.0,30.0,13.8,13.2,13.1,13.3,15.3
HRV,Croatia,191.0,78.2314,78.0832,78.337,78.7376,77.9845,11.78733331,11.92040895,12.05498697,12.19108434,12.19108434,99.5,101.7,102.2,104.3,103.4,2211.724337,1264.379074,970.585942,1168.408197,1068.568348,4.8,4.8,4.7,4.6,4.6,13.10000038,11.21000004,8.430000305,6.619999886,7.510000229,100.0,100.0,100.0,100.0,100.0,1.43,1.42,1.47,1.47,1.48,90.0,89.0,93.0,93.0,91.0,78.6531272953663,78.2858036974327,79.2860241779735,78.4779124507357,77.1020525438541,47.0,47.0,48.0,49.0,49.0,1.5,1.5,1.5,1.5,1.5
HTI,Haiti,332.0,63.3922,63.8538,64.0188,64.2546,64.0518,5.326,5.402,5.478,5.554,5.554,118.301076,131.81249,155.233742,193.97349,238.895112,3558.758055446969,207.90435219083957,3856.5611093664115,1695.6356989999997,1322.2601105625004,67.9,66.0,64.1,62.2,60.5,13.92500019,13.87699986,13.85999966,13.91499996,15.45100021,40.40000153,43.74927139,44.96234512,45.99023438,46.92553329,3.041,2.986,2.935,2.887,2.842,69.0,69.0,69.0,65.0,65.0,89.2114038105566,89.4096264777358,89.6618059358229,89.475797767869,87.4633032625151,18.0,18.0,20.0,22.0,20.0,43.2,44.6,45.4,46.4,47.2
HUN,Hungary,348.0,76.1552,76.0055,76.2039,76.4543,75.7297,11.88941002,11.97945499,12.06949997,12.15954494,12.24958992,100.3883,103.8145,108.4742,114.6414,119.7122,2833.557956,2294.897675,3387.932566,1035.833809,-113.432313,4.7,4.4,4.2,4.1,4.0,5.110000134,4.159999847,3.710000038,3.420000076,4.25,100.0,100.0,100.0,100.0,100.0,1.53,1.54,1.55,1.55,1.56,99.0,99.0,99.0,99.0,99.0,74.6608832050307,74.2215010116349,74.0424380433489,73.3738411503334,73.1859872923557,44.0,44.0,46.0,45.0,48.0,1.5,1.5,1.5,1.5,1.5
IDN,Indonesia,360.0,69.7976,69.9356,70.3375,70.5184,68.8077,7.976150036,8.069094896,8.162039757,8.359274864,8.556509972,109.845498,111.228529,115.018191,117.127899,123.310831,16135.92,18502.04,12510.62,20531.07,14113.63,26.6,25.6,24.6,23.8,23.0,4.300000191,3.880000114,4.400000095,3.619999886,4.28000021,97.62000275,98.13999939,98.51000214,98.84999847,96.94999695,2.362,2.336,2.311,2.288,2.266,88.0,90.0,89.0,88.0,76.0,62.3121203162099,63.7282316880733,64.5958021437086,65.3889966053136,65.2362179887967,37.0,40.0,38.0,37.0,37.0,6.6,5.9,5.9,6.2,6.5
IND,India,356.0,70.1167,70.4672,70.7095,70.9098,70.1499,6.350639359,6.452129304,6.55361925,6.655109195,6.655109195,105.017313,110.111437,108.308901,121.47525,126.177518,39408.2122,28763.29224,30709.27574,37414.1958,52501.95178,41.0,38.6,36.3,34.4,32.6,5.422999859,5.357999802,5.329999924,5.269999981,7.997000217,89.21779633,92.12494659,95.69999695,97.30826569,99.0,2.266,2.243,2.222,2.202,2.184,88.0,90.0,93.0,95.0,89.0,28.4153367086289,28.1563979209184,27.9071642409396,28.9152844020892,26.7935082402427,40.0,41.0,41.0,40.0,40.0,13.9,13.2,13.3,14.6,16.3
IRL,Ireland,372.0,81.5498,81.9168,82.0863,82.2586,82.4699,11.36181815,11.4341898,11.50796839,11.58222303,11.58222303,97.06382,95.60786,94.24897,93.3754,91.91943,9327.887361,54883.02211,-25716.48567,97736.86968,82898.34679,3.6,3.4,3.3,3.2,3.0,8.369999886,6.710000038,5.739999771,4.949999809,5.619999886,100.0,100.0,100.0,100.0,100.0,1.81,1.77,1.75,1.71,1.63,92.0,92.0,92.0,91.0,92.0,80.5308080999551,81.1822562449136,81.7858081765849,81.924650980726,81.7754071077442,72.0,74.0,73.0,74.0,73.0,1.5,1.5,1.5,1.5,1.5
IRN,Iran (Islamic Republic of),364.0,75.6,75.9712,76.195,76.1031,74.832,10.31394005,10.42034294,10.52784353,10.63645314,10.63645314,110.971952,125.558481,190.769168,245.587773,388.000265,3267.887667,4943.251556,2298.398889,1423.17937,1263.609938,14.9,14.4,13.9,13.4,12.9,12.61999989,12.22999954,12.18999958,10.73999977,12.16899967,99.94999695,99.94000244,100.0,100.0,100.0,2.083,2.116,2.137,2.146,2.142,99.0,99.0,99.0,99.0,99.0,23.4974510710213,24.8706371159631,24.8086736424256,24.1222054446192,20.3968797308313,25.0,26.0,28.0,30.0,29.0,4.9,5.2,5.2,4.9,4.1
IRQ,Iraq,368.0,68.9878,70.4126,71.5143,71.5764,69.1228,7.837934567,7.860422708,7.88291085,7.905593489,7.905593489,97.375511,97.776646,98.478632,97.174943,97.275227,-6560.2,-5110.2,-5073.5,-3269.8,-3044.0,28.8,27.9,27.0,26.1,25.2,10.81999969,13.02000046,12.9659996,12.86299992,14.0880003,99.60430145,99.87207031,99.90000153,99.99200439,100.0,3.864,3.762,3.672,3.597,3.537,79.0,81.0,85.0,82.0,76.0,20.1833839588799,15.4384076420855,15.5060373475688,15.6177256339543,15.4682692802977,21.0,20.0,18.0,18.0,17.0,19.1,18.8,18.1,17.4,15.9
ISL,Iceland,352.0,82.03,82.5352,82.7703,82.4042,82.5755,13.32010517,13.4558567,13.59160824,13.72735977,13.76716995,100.1814,99.66061,104.3018,105.4117,112.6733,720.096713,166.838935,-457.432313,-766.352436,-534.914224,2.2,2.1,2.1,2.0,1.9,2.980000019,2.74000001,2.700000048,3.50999999,5.480000019,100.0,100.0,100.0,100.0,100.0,1.74,1.71,1.71,1.74,1.72,91.0,92.0,93.0,93.0,93.0,88.8860531995704,89.3168974091493,89.3497953045969,89.4512896965601,88.9540915054631,75.0,78.0,76.0,77.0,78.0,1.5,1.5,1.5,1.5,1.5
ISR,Israel,376.0,82.4854,82.7195,82.8232,82.8123,82.3598,13.05535211,13.15115217,13.24765522,13.3448664,13.3448664,97.89688,96.981,100.7463,100.848,101.0516,-2590.255,9268.49,15428.008,10449.438,18898.87,3.8,3.8,3.7,3.6,3.6,4.800000191,4.21999979,4.0,3.799999952,4.329999924,100.0,100.0,100.0,100.0,100.0,3.11,3.11,3.09,3.01,2.9,97.0,98.0,98.0,99.0,99.0,85.9216225639119,85.9457460870304,87.6051462356544,88.1201458350572,88.8434310845657,60.0,60.0,61.0,62.0,64.0,1.5,1.5,1.5,1.5,1.5
ITA,Italy,380.0,83.0492,82.7282,83.1847,83.552,82.3953,10.39278984,10.47961998,10.56645012,10.65328026,10.7401104,101.1,102.6,103.4,104.2,105.0,12287.78198,-483.819659,4864.361363,-1641.150104,-10745.78587,3.4,3.3,3.2,3.0,2.9,11.68999958,11.21000004,10.60999966,9.949999809,9.159999847,100.0,100.0,100.0,100.0,100.0,1.34,1.32,1.29,1.27,1.24,87.0,92.0,93.0,94.0,92.0,68.2708680240048,68.9694122497512,69.2031855699771,69.7432229106494,68.9273368139477,53.0,53.0,52.0,50.0,47.0,1.5,1.5,1.5,1.5,1.5
JAM,Jamaica,388.0,72.0198,71.9114,71.793,71.767,71.8686,8.879589332,8.970338495,9.062015112,9.154628661,9.154628661,105.703442,112.771563,115.318634,127.671928,139.341515,645.690903,841.24,762.029257,219.425,362.489066,15.1,14.6,14.2,13.7,13.3,13.18999958,11.63000011,9.100000381,7.690000057,9.479999542,96.7379837,97.60958099,98.48712158,99.36762238,100.0,2.009,1.993,1.979,1.965,1.95,95.0,95.0,89.0,94.0,93.0,82.3799047947982,82.8885386617343,82.3266871884212,82.2956976666479,80.3528331301945,44.0,43.0,44.0,44.0,39.0,9.3,9.0,8.1,7.5,6.9
JOR,Jordan,400.0,75.2153,75.5018,75.7743,76.044,75.1843,10.16455984,10.25772977,10.3508997,10.39878988,10.44668007,95.659311,96.055879,100.6889,100.780312,100.2586,1549.71831,2023.098592,962.535211,686.338028,699.577465,17.0,16.4,16.0,15.5,15.0,15.27999973,18.13999939,18.27000046,16.80999947,19.02599907,99.95882416,100.0,99.90000153,100.0,99.90000153,2.954,2.849,2.761,2.691,2.639,96.0,93.0,92.0,87.0,76.0,26.718091111534,26.950885551927,23.8239923284903,21.870117888073,21.5815450415854,49.0,48.0,49.0,48.0,48.0,7.1,8.8,11.2,14.6,16.9
JPN,Japan,392.0,84.0664,84.1976,84.2971,84.4258,84.6879,13.30426394,13.33075812,13.34510708,13.36610034,13.36610034,103.1296,105.1515,103.5386,105.1098,104.3028,-136577.9116,-155232.2646,-133838.3347,-212095.5282,-105449.0835,2.7,2.6,2.6,2.5,2.5,3.099999905,2.799999952,2.400000095,2.400000095,2.799999952,100.0,100.0,100.0,100.0,100.0,1.44,1.43,1.42,1.36,1.34,96.0,97.0,97.0,96.0,98.0,71.4496923178204,72.4813442729759,73.736010121895,74.6507092730735,74.5096385561487,74.0,73.0,73.0,73.0,72.0,1.5,1.5,1.5,2.8,3.2
KAZ,Kazakhstan,398.0,70.8984,71.3958,71.4717,71.5675,70.0304,11.9441363,12.07710298,12.21006966,12.34756189,12.34756189,117.883086,125.488061,131.625938,144.382136,160.572729,13746.38234,3756.1,4722.68655,5498.133124,5905.368704,11.0,10.5,10.3,10.1,10.0,4.960000038,4.900000095,4.849999905,4.800000191,4.889999866,100.0,100.0,100.0,100.0,100.0,2.77,2.75,2.84,2.9,3.13,99.0,99.0,99.0,99.0,93.0,84.0382638431353,83.1802239817943,83.2353971199642,83.3040574829362,84.3716893684532,38.0,34.0,31.0,31.0,29.0,1.5,1.5,1.5,1.5,1.5
KEN,Kenya,404.0,62.1632,62.4808,62.6765,62.9432,62.6755,6.388,6.476,6.564,6.652,6.652,116.160845,121.591737,124.678383,137.168267,148.979046,1127.3955,1389.994867,1128.18902,1087.606645,723.870362,47.2,45.9,44.3,43.0,41.9,2.75999999,3.513000011,4.249000072,5.010000229,5.729000092,53.09999847,55.97640991,61.2845726,69.69999695,71.4379425,3.663,3.572,3.492,3.423,3.365,96.0,89.0,89.0,89.0,88.0,92.2068269287959,93.0429445117375,93.9259721529979,94.8662257996371,93.9551494441792,31.0,28.0,27.0,28.0,26.0,23.3,25.1,24.7,25.6,26.9
KGZ,Kyrgyzstan,417.0,70.2761,70.5877,70.728,71.2301,69.6291,11.35618418,11.36215797,11.36813177,11.37410556,11.37410556,93.555445,96.093915,93.59001,98.966598,116.391498,615.9922,-78.0,139.0,399.0,-332.5,21.2,20.1,19.2,18.3,17.5,7.210000038,6.889999866,6.886000156,6.918000221,8.706000328,99.70999908,100.0,100.0,99.87423706,99.98104858,3.1,3.0,3.3,3.3,3.0,97.0,95.0,96.0,96.0,92.0,64.0848479674404,61.1895289333951,59.4721252280934,59.3321193967595,58.5045886012909,31.0,30.0,29.0,29.0,28.0,6.1,5.8,5.4,5.2,5.3
KHM,Cambodia,116.0,70.2244,70.5153,70.5609,70.6923,70.416,4.722,4.844,4.966,5.088,5.088,108.19555,110.232083,112.32988,116.106655,121.605188,2396.842,2670.873,3083.623,3560.089918,3497.84626,30.3,29.0,27.7,26.6,25.7,0.720000029,0.140000001,0.143000007,0.147,0.331,69.54431152,89.06999969,81.07565308,84.0,86.40000153,2.559,2.53,2.503,2.478,2.453,84.0,84.0,84.0,84.0,84.0,86.193589038827,87.9889012610334,87.8775344169387,87.7852960793181,86.0279980720424,21.0,20.0,20.0,21.0,21.0,8.5,7.7,6.6,6.0,6.3
KOR,Republic of Korea,410.0,82.9259,83.2855,83.3427,83.6557,83.6089,12.21428586,12.31303351,12.41257949,12.51293027,12.51293027,104.0209,104.4411,108.8606,109.0106,115.2986,-17785.2,-16156.5,-26037.8,-25604.7,-23256.1,3.4,3.3,3.2,3.1,3.0,3.650000095,3.650000095,3.819999933,3.75,3.930000067,100.0,100.0,100.0,100.0,100.0,1.172,1.052,0.977,0.918,0.837,98.0,97.0,98.0,98.0,98.0,71.0232315688661,71.6734016497237,72.1617142327846,73.155356368518,73.0999153118471,61.0,59.0,57.0,54.0,53.0,1.5,1.5,1.5,1.5,1.5
KWT,Kuwait,414.0,79.7011,79.7806,79.7217,79.685,76.9198,7.132780075,7.192820072,7.216040134,7.328022618,7.328022618,102.904167,102.259774,102.165351,103.959382,114.157033,-4109.147713,-8665.324869,-3511.045943,2599.868473,-2746.108255,8.7,8.7,8.7,8.8,8.9,2.160000086,2.197000027,2.164999962,2.167000055,3.539000034,100.0,100.0,100.0,100.0,100.0,2.082,2.083,2.082,2.077,2.068,99.0,99.0,98.0,97.0,95.0,56.789722818577,57.1258040787586,57.1088199592661,57.1593448672026,55.9201415123938,42.0,40.0,41.0,39.0,41.0,1.5,1.5,1.5,1.5,2.7
LAO,Lao People's Democratic Republic,418.0,67.1667,67.4344,67.6341,68.1382,68.4968,5.116,5.202,5.288,5.374,5.374,106.070173,103.834914,104.462433,115.198284,120.724951,920.111854,1676.574948,1319.609787,557.17653,1322.2601105625004,51.5,49.4,47.5,45.7,44.1,0.791999996,0.805000007,0.827000022,0.851999998,1.034000039,90.54953003,93.59999847,97.79715729,99.09208679,100.0,2.751,2.709,2.667,2.626,2.583,81.0,86.0,86.0,83.0,79.0,96.1996163860841,96.2803749367821,96.3657379970754,96.429072828965,96.2304527779863,29.0,29.0,29.0,29.0,30.0,5.9,5.6,5.3,5.4,5.1
LBN,Lebanon,422.0,79.5054,79.6543,79.729,79.2359,77.8038,8.554324481,8.609094987,8.663865494,8.718636,8.718636,100.878405,104.59922,111.058604,121.908011,612.286589,1563.742344,1204.975686,2026.788724,1752.043454,3039.445796,8.0,7.7,7.4,7.2,7.0,9.782999992,10.27400017,10.79599953,11.35000038,13.29699993,99.72562408,99.87982941,99.69999695,99.97486877,100.0,2.104,2.097,2.087,2.075,2.06,82.0,82.0,82.0,82.0,74.0,32.3041637936419,32.4837264937439,32.6825651712314,32.8430997633038,32.1516530294389,25.0,28.0,28.0,28.0,28.0,6.2,6.8,7.1,9.0,10.9
LBR,Liberia,430.0,60.4162,60.5535,60.8532,61.1044,60.9476,4.668,4.806,4.944,5.082,5.082,114.655207,119.939983,156.491773,192.40867,222.693794,285.5167,193.66575,45.054252,-15.291099,6.886301,86.1,84.3,82.5,80.4,78.3,3.079999924,3.049000025,3.029999971,3.015000105,3.980000019,17.70000076,24.20000076,22.87913322,23.10000038,27.53470993,4.461,4.387,4.315,4.247,4.183,70.0,75.0,74.0,68.0,61.0,87.668530443549,88.0042099129911,88.3776488029819,88.7749214554898,86.8306112347834,28.0,28.0,32.0,31.0,37.0,36.3,36.6,37.5,39.2,38.3
LKA,Sri Lanka,144.0,75.3314,75.4035,75.748,76.0084,76.3929,10.50934029,10.57874966,10.64155006,10.63134003,10.82730007,107.738321,121.476764,116.053694,126.086374,135.486361,660.241,1300.932,1546.187,680.824,419.326632,8.2,7.8,7.5,7.2,6.9,4.239999771,4.050000191,4.320000172,4.349999905,5.877999783,97.5,97.5,99.56487274,99.75856781,100.0,2.211,2.206,2.199,2.188,2.174,99.0,99.0,99.0,99.0,96.0,47.6745454481836,49.0534619018248,45.9062862304535,46.0588856825976,45.0715344392512,38.0,38.0,38.0,38.0,36.0,4.7,4.3,4.1,3.7,3.4
LSO,Lesotho,426.0,52.2641,53.0636,53.733,54.1726,54.6933,5.744151237,5.83282906,5.921506884,6.010184707,6.010184707,114.102507,120.306252,126.652872,136.021313,154.259877,3558.758055446969,207.90435219083957,3856.5611093664115,1695.6356989999997,1322.2601105625004,91.5,91.0,90.6,90.9,89.5,23.47500038,23.20000076,22.81299973,22.44000053,24.56299973,35.07159042,33.70000076,47.0,44.50020981,47.35273743,3.197,3.171,3.141,3.108,3.07,90.0,90.0,90.0,90.0,90.0,78.6300310697516,78.9622637752114,79.3266498059164,79.6748838595978,78.050492898083,41.0,40.0,41.0,42.0,39.0,32.0,29.5,28.7,31.2,34.7
LTU,Lithuania,440.0,74.8816,75.4399,75.6767,76.2119,75.0676,13.10509968,13.18838978,13.29162661,13.39486345,13.49810028,102.7698,106.6792,106.0702,109.8271,110.1011,259.447433,940.466104,272.410991,1026.077047,763.958213,4.8,4.4,4.0,3.6,3.3,7.860000134,7.070000172,6.150000095,6.260000229,8.489999771,100.0,100.0,100.0,100.0,100.0,1.69,1.63,1.63,1.61,1.48,94.0,94.0,92.0,93.0,90.0,84.2795708095682,84.0943686908276,83.6116469094289,84.4199787628351,83.3183325857879,60.0,60.0,59.0,59.0,59.0,1.5,1.5,1.5,1.5,1.5
LUX,Luxembourg,442.0,82.0535,81.734,81.8035,82.1434,81.4335,12.84430344,12.65323261,12.82510172,13.01519217,13.01519217,102.36,104.8,107.26,108.57,110.57,1728.985411,-41579.96408,-28379.54018,-19680.36755,-64941.87361,2.8,2.8,2.8,2.8,2.8,6.289999962,5.519999981,5.590000153,5.590000153,6.769999981,100.0,100.0,100.0,100.0,100.0,1.41,1.39,1.38,1.34,1.37,99.0,99.0,99.0,99.0,99.0,83.2451805967057,86.3766395146427,87.2690573885075,85.3263983334538,88.3191568119479,80.0,80.0,81.0,82.0,81.0,1.5,1.5,1.5,1.5,1.5
LVA,Latvia,428.0,74.7535,74.8054,75.0012,75.5337,75.4526,12.93480968,13.05903006,13.18325043,13.25271988,13.25271988,103.707,107.6008,108.2293,110.8273,112.0215,95.193819,575.004802,761.716259,979.540478,604.222016,4.7,4.4,4.2,4.1,4.0,9.640000343,8.720000267,7.409999847,6.309999943,8.100000381,100.0,100.0,100.0,100.0,100.0,1.74,1.69,1.6,1.61,1.55,93.0,96.0,98.0,99.0,99.0,81.9395799984035,81.3746653754412,81.6167093349231,81.8581357719282,81.7114652870494,57.0,56.0,58.0,58.0,57.0,1.5,1.5,1.5,1.5,1.5
MAR,Morocco,504.0,73.284,73.6603,73.9863,74.2705,73.9199,5.514,5.648,5.782,5.916,5.916,102.915825,105.673223,102.672525,103.321325,101.545796,1577.489834,1665.084606,2776.797014,826.966533,1271.369329,22.3,21.2,20.3,19.5,18.7,9.300000191,9.241999626,9.265000343,9.279999733,11.45400047,97.80000305,100.0,98.09999847,99.59999847,100.0,2.489,2.451,2.415,2.382,2.353,99.0,99.0,99.0,99.0,99.0,33.3989882249309,33.591368636155,33.7657963932904,33.9119284951106,33.2360313062633,40.0,41.0,43.0,40.0,37.0,3.8,3.7,3.8,4.4,5.6
MDG,Madagascar,450.0,64.9969,65.0938,65.2697,65.8821,65.182,4.981364182,5.027301993,5.073239803,5.120468534,5.120468534,108.527849,124.350403,132.739542,136.881016,143.464897,360.926271,251.862206,234.655349,372.693195,257.371515,57.2,55.5,53.7,51.9,50.2,1.804999948,1.822999954,1.843000054,1.856999993,2.473999977,22.89999962,24.10000038,36.5,31.04000092,33.7350769,4.184,4.13,4.077,4.026,3.976,62.0,55.0,52.0,55.0,50.0,93.9443302719064,94.1724969529533,94.3916761116176,94.6094551876149,92.6602497003952,25.0,24.0,25.0,24.0,26.0,41.6,42.3,44.3,47.4,48.5
MEX,Mexico,484.0,74.4122,74.1378,74.0146,74.2021,70.1328,8.599900246,8.742489815,8.933190346,9.077120304,9.221050262,106.7546,115.6086,121.93,125.0005,132.2561,30875.28,30212.541,25365.0234,23111.5909,22551.308,15.7,15.2,14.6,14.1,13.7,3.859999895,3.420000076,3.279999971,3.480000019,4.449999809,99.5,100.0,99.5,99.59999847,99.40000153,2.186,2.157,2.129,2.103,2.079,96.0,76.0,97.0,73.0,92.0,55.8424260340453,55.3693748342107,56.1712623191341,57.9519132348188,57.1909131213353,31.0,29.0,28.0,29.0,30.0,5.8,6.1,6.0,6.0,6.1
MKD,North Macedonia,807.0,76.0296,76.4766,77.3142,77.2928,75.1677,9.538281441,9.710748672,9.883215904,10.05568314,10.22815037,97.43726,99.431827,100.03379,100.959197,104.130737,350.749375,203.281707,712.953931,406.681819,234.902963,10.9,9.6,8.1,6.8,5.9,23.71999931,22.37999916,20.73999977,17.26000023,17.20000076,100.0,100.0,99.80000305,100.0,100.0,1.5,1.43,1.42,1.34,1.3,82.0,83.0,75.0,75.0,63.0,62.6066939326431,63.1400038645827,63.7911618506285,67.9723518256038,66.2804545905547,35.0,35.0,37.0,35.0,37.0,3.0,2.8,2.5,3.1,3.3
MLI,Mali,466.0,58.7313,59.1322,59.3934,59.6637,58.6331,1.98,2.09,2.2,2.31,2.31,97.700714,100.691651,97.42881,94.593246,97.710424,259.460803,548.445015,467.005894,719.627077,282.366528,104.5,100.9,97.4,94.2,91.0,7.570000172,7.409999847,7.427999973,7.441999912,7.696000099,38.78982162,34.77999878,50.90000153,47.83627701,50.56141663,6.057,5.968,5.877,5.785,5.693,70.0,70.0,70.0,70.0,62.0,74.4310314693872,72.1128316121745,72.2901468165704,72.5283629236722,72.5291794076162,30.0,29.0,32.0,31.0,32.0,3.1,3.1,3.4,5.6,9.8
MLT,Malta,470.0,83.1107,83.5867,83.3448,83.2065,83.3545,11.28810978,11.56434488,11.84057999,12.02542019,12.21026039,105.871478,107.277313,111.978916,114.311594,115.39866,9546.364925,10644.36574,11465.91172,-3325.863807,-3370.425343,6.6,6.6,6.5,6.5,6.5,4.690000057,4.0,3.660000086,3.619999886,4.260000229,100.0,100.0,100.0,100.0,100.0,1.37,1.26,1.23,1.14,1.13,93.0,91.0,96.0,96.0,95.0,66.377987819085,68.0918057587544,70.6716666388658,72.1099354145287,74.4408833181895,53.0,54.0,54.0,56.0,55.0,1.5,1.5,1.5,1.5,1.5
MMR,Myanmar,104.0,65.685,65.843,66.4646,66.6104,66.797,5.95272715,6.094084787,6.235442423,6.37680006,6.37680006,109.333835,113.696621,121.901377,131.434593,132.476227,3558.758055446969,207.90435219083957,3856.5611093664115,1695.6356989999997,1322.2601105625004,50.3,48.5,46.8,45.2,43.7,1.177000046,1.559999943,0.870000005,0.5,1.057999969,55.59999847,69.81483459,66.22727966,68.35852814,70.39719391,2.182,2.168,2.154,2.138,2.121,91.0,83.0,93.0,84.0,91.0,63.0296048218515,61.7306008808728,62.9239830095684,60.9689604969387,59.903179094742,28.0,29.0,29.0,30.0,28.0,3.5,3.0,2.6,1.5,3.1
MNE,Montenegro,499.0,76.7462,76.9388,77.1595,77.0396,76.2575,11.83377704,11.94692704,12.06115893,12.17648306,12.17648306,100.176025,100.118402,101.629954,104.888964,105.893417,411.289322,547.139097,380.84072,341.589923,534.032106,3.6,3.2,2.9,2.6,2.4,17.71999931,16.06999969,15.17000008,15.11999989,17.89999962,100.0,100.0,100.0,100.0,100.0,1.79,1.78,1.76,1.77,1.75,47.0,58.0,42.0,33.0,24.0,77.0029954587848,76.2776452753272,74.8133678160714,76.514221042433,76.5806496767629,45.0,45.0,45.0,46.0,45.0,1.5,1.5,1.5,1.5,1.5
MNG,Mongolia,496.0,69.8647,70.2375,71.1992,71.8221,72.141,9.670928192,9.609121227,9.547314262,9.485507298,9.423700333,94.891692,101.814455,111.113693,120.358801,130.631118,-4170.877,1445.736,2136.695,2316.369,1693.148726,18.5,17.6,16.8,16.0,15.4,7.239999771,6.360000134,5.380000114,5.43900013,7.010000229,89.83840942,92.51256561,98.09999847,97.2299118,98.09999847,2.923,2.914,2.895,2.867,2.834,98.0,99.0,99.0,98.0,97.0,81.46840880561,82.2664647318554,77.0769610685998,78.1669795505964,77.5723447367999,35.0,35.0,37.0,36.0,38.0,7.4,6.3,5.5,4.0,3.6
MOZ,Mozambique,508.0,59.038,59.7709,60.5261,61.1662,61.1722,3.126510024,3.064209938,3.130214992,3.197641838,3.197641838,145.898725,148.522253,148.776964,160.659254,173.56039,3058.7,2267.1,2728.336174,2242.540616,2183.916966,80.4,78.0,75.6,72.9,70.6,3.447000027,3.450999975,3.45600009,3.46600008,3.809999943,26.246521,24.29999924,31.10000038,29.67444992,30.60383224,4.992,4.922,4.852,4.783,4.713,87.0,87.0,87.0,87.0,81.0,97.7775827019476,98.041471669617,98.3448742090219,98.665797018613,98.666950156084,25.0,26.0,23.0,25.0,27.0,31.5,31.4,31.0,31.8,32.7
MRT,Mauritania,478.0,64.7679,65.0827,65.31,65.6869,64.5321,4.577192976,4.691063614,4.804934252,4.918804891,4.918804891,104.729741,106.609795,111.83439,114.636994,117.657122,270.16284,577.579766,769.253477,882.137692,971.673931,80.1,77.7,75.5,73.0,70.7,10.26099968,10.34000015,10.38500023,10.39299965,11.27000046,41.32161713,42.90000153,44.3121376,45.83003235,47.34841919,4.679,4.619,4.561,4.503,4.449,73.0,75.0,78.0,75.0,70.0,44.1533685741869,44.1218980544783,44.3199914958823,44.5357092283685,44.1097928731187,29.0,28.0,27.0,28.0,27.0,8.5,8.5,8.6,9.2,10.1
MUS,Mauritius,480.0,75.0114,74.8812,74.9194,75.1179,74.3306,9.666950539,9.914224809,10.16782419,10.42791048,10.42791048,98.893953,104.273497,103.209065,106.459744,112.046849,350.470322,390.766853,362.098104,414.139934,219.870295,14.5,14.9,15.4,16.0,16.5,6.809999943,6.75,6.429999828,6.329999924,7.407000065,99.48001099,99.61000061,99.44884491,100.0,99.66165161,1.4,1.44,1.41,1.4,1.44,92.0,89.0,99.0,99.0,89.0,60.9995617232116,61.2287222208955,62.0703650529159,63.0412965482323,61.3194423431833,53.0,52.0,51.0,50.0,54.0,5.8,6.0,6.0,7.2,7.8
MWI,Malawi,454.0,62.2093,62.9769,63.2758,64.1188,63.7167,4.210832318,4.303786674,4.396741029,4.489695385,4.489695385,148.255421,154.654156,173.212655,206.617952,228.288427,73.899486,93.599679,958.876636,822.738227,91.006402,49.5,46.2,43.1,40.6,38.6,5.816999912,5.760000229,5.757999897,5.751999855,6.701000214,11.0,12.69999981,18.02000046,11.19999981,14.86676884,4.407,4.302,4.209,4.127,4.055,81.0,83.0,87.0,92.0,90.0,88.5540192185508,88.986323920182,89.4339986833492,89.9372949692092,88.9897051928515,30.0,31.0,32.0,31.0,31.0,16.1,16.6,16.8,17.6,17.8
MYS,Malaysia,458.0,75.2888,75.4763,75.6444,75.7603,75.9378,10.36651039,10.45936012,10.55220985,10.64505959,10.64505959,105.656672,109.678496,110.3488,112.192136,113.784108,3324.755924,3760.333129,2503.873233,1582.275213,655.705506,8.1,8.3,8.4,8.6,8.6,3.440000057,3.410000086,3.299999952,3.25999999,4.504000187,99.90000153,99.95248413,99.99224091,100.0,100.0,2.037,2.019,2.001,1.983,1.965,93.0,93.0,96.0,97.0,95.0,65.5364804238737,66.0959571739782,66.3271096648352,66.4551680358981,66.2812214732767,51.0,53.0,47.0,47.0,49.0,3.5,3.2,2.7,2.6,1.5
NAM,Namibia,516.0,61.6825,62.2931,62.5859,63.075,62.829,7.037678228,7.089123245,7.140568261,7.192013277,7.192013277,114.988466,117.774322,123.856492,126.020767,135.637466,360.349206,345.584586,110.072432,-188.066954,-124.756084,46.3,44.9,43.9,41.9,40.2,23.35000038,21.63899994,19.87999916,19.98800087,21.44599915,49.70000076,52.5,54.00289536,55.17708969,56.2586937,3.496,3.447,3.396,3.344,3.293,75.0,80.0,82.0,80.0,90.0,84.273551698588,86.2561212825166,88.3889656268398,88.398834829429,87.5503706420917,51.0,52.0,53.0,51.0,52.0,20.2,19.9,20.0,18.9,18.0
NGA,Nigeria,566.0,52.0427,52.3052,52.5536,52.9104,52.887,6.436573823,6.697552363,6.958530903,7.181074153,7.181074153,122.586982,146.32575,166.099407,190.323452,227.344998,3117.793414,2102.144197,209.678288,2019.780966,2723.146964,124.7,122.5,119.9,116.9,113.8,7.059999943,8.390000343,8.456000328,8.529999733,9.713999748,59.29999924,54.40000153,56.5,55.40000153,55.40000153,5.526,5.457,5.387,5.317,5.248,47.0,54.0,56.0,57.0,59.0,84.2274346046863,83.118047024354,82.0195129564551,80.9329907389603,80.3718569702391,25.0,26.0,27.0,27.0,28.0,9.4,10.0,10.4,12.0,12.7
NIC,Nicaragua,558.0,73.2562,73.5536,73.8497,74.0543,71.7954,6.796,6.912,7.028,7.144,7.144,100.484804,106.18326,108.715382,114.51457,119.270553,923.8,970.9,762.5,443.9,142.8,18.6,17.9,17.3,16.6,16.0,3.900000095,3.299999952,5.199999809,5.210999966,6.078000069,84.64011383,85.98983765,87.11667633,88.05832672,88.90737915,2.455,2.43,2.404,2.377,2.349,99.0,99.0,99.0,99.0,97.0,58.8449099154582,59.3657777301656,58.8037631805481,58.2366878237903,57.3826197884121,22.0,22.0,25.0,26.0,26.0,18.0,17.2,17.4,17.5,18.6
NLD,Netherlands,528.0,81.547,81.7291,81.7741,82.0455,81.6381,12.18412018,12.25356531,12.32301044,12.4523201,12.58162975,101.67,104.21,105.28,109.19,109.84,-125430.0325,-2533.862022,133049.9828,-35903.79681,45750.68589,4.0,4.0,4.1,4.1,4.2,6.010000229,4.840000153,3.829999924,3.380000114,3.819999933,100.0,100.0,100.0,100.0,100.0,1.66,1.62,1.59,1.57,1.55,94.0,93.0,93.0,94.0,94.0,84.2502067602184,84.7620182798334,84.9144164230823,85.602218463357,86.3820603513882,82.0,82.0,82.0,82.0,83.0,1.5,1.5,1.5,1.5,1.5
NOR,Norway,578.0,82.4147,82.624,82.7605,82.9552,83.1951,12.81906033,12.94715977,12.97539473,13.00362968,13.00362968,100.3,100.9,104.3,103.9,106.8,-6991.785714,-3628.529668,-11182.41623,10727.04546,-1331.055893,2.6,2.5,2.4,2.3,2.2,4.679999828,4.159999847,3.799999952,3.690000057,4.420000076,100.0,100.0,100.0,100.0,100.0,1.71,1.62,1.56,1.53,1.48,96.0,96.0,96.0,97.0,97.0,92.8074007726079,93.2180983044942,93.0686106718929,93.9355977746743,94.5847852247527,84.0,84.0,84.0,85.0,85.0,1.5,1.5,1.5,1.5,1.5
NPL,Nepal,524.0,68.7758,68.9099,68.9786,69.5576,69.2456,4.652394104,4.808860316,4.965326529,5.121792742,5.121792742,109.808865,112.880441,113.360375,124.398854,130.925954,3558.758055446969,207.90435219083957,3856.5611093664115,1695.6356989999997,1322.2601105625004,33.7,32.1,30.6,29.3,28.2,2.868000031,3.318000078,3.193000078,3.096999884,4.723999977,90.69999695,87.89634705,93.91999817,89.90000153,89.90000153,2.027,1.967,1.917,1.876,1.845,83.0,90.0,91.0,92.0,87.0,96.2968613237807,96.9446538614665,97.3953813038141,97.6525856365147,95.2451659556797,33.0,34.0,31.0,31.0,29.0,4.5,4.2,4.3,4.8,5.5
NZL,New Zealand,554.0,82.07,82.2189,82.3803,82.5665,82.7419,13.33483982,13.2373023,13.13976479,13.04222727,12.94468975,97.491056,99.661719,99.944849,102.021134,104.569303,2648.743848,2201.206472,1971.274333,4450.300584,3336.45038,5.4,5.2,5.0,4.9,4.7,5.150000095,4.739999771,4.329999924,4.110000134,4.590000153,100.0,100.0,100.0,100.0,100.0,1.87,1.81,1.71,1.72,1.61,92.0,93.0,92.0,92.0,91.0,85.5685403748843,85.6465471491551,86.2385793583841,87.2582577244187,86.3885524735533,88.0,87.0,87.0,89.0,90.0,1.5,1.5,1.5,1.5,1.5
OMN,Oman,512.0,77.9158,77.9243,77.9659,78.0022,74.7571,9.968448448,10.38984642,10.81124439,11.23264236,11.65404034,98.182259,99.918291,99.43606,100.593415,100.496969,1908.972692,494.148245,5224.967491,2793.237972,2837.451236,11.2,11.2,11.1,11.1,11.0,3.269999981,2.565000057,1.799999952,1.84800005,2.940000057,100.0,100.0,100.0,100.0,100.0,2.937,2.92,2.888,2.842,2.783,99.0,99.0,99.0,99.0,99.0,33.8794435804512,33.9293177380724,33.8864712501753,33.8737147167073,33.0965868143954,54.0,52.0,52.0,44.0,45.0,8.4,8.4,7.9,8.8,9.8
PAK,Pakistan,586.0,65.8797,66.2972,66.482,66.7558,66.2695,5.162640095,5.115049839,4.825690031,4.536330223,4.536330223,102.867819,108.177304,108.227914,129.513161,146.738071,2524.0,2444.0,1758.0,2319.0,2071.0,73.8,71.6,69.5,67.3,65.2,3.779000044,3.915999889,4.079999924,3.542000055,4.302999973,71.5502243,70.79000092,72.78310394,74.12769318,75.37969208,3.612,3.562,3.51,3.454,3.394,75.0,76.0,79.0,81.0,83.0,29.290919294435,28.2335972503233,27.2056865755486,27.0938996212181,26.517323669833,31.0,32.0,33.0,32.0,32.0,12.4,12.1,12.3,14.1,16.9
PAN,Panama,591.0,77.6529,77.7954,77.8629,77.8103,76.657,10.11919022,10.25965691,10.4001236,10.54059029,10.54059029,101.534658,100.249409,100.986153,100.580114,100.804439,4933.595315,4038.804,5243.481978,4954.730423,550.044099,16.4,15.9,15.4,14.8,14.3,3.263000011,3.858999968,3.832999945,4.725999832,12.85400009,93.16477203,93.69999695,94.9285202,95.81632996,96.70463562,2.514,2.487,2.461,2.437,2.415,95.0,98.0,98.0,97.0,80.0,64.2819925673633,65.4213283348874,66.4335597758715,69.5463315846963,67.4521732070371,35.0,36.0,37.0,37.0,38.0,7.8,6.7,6.0,5.4,5.8
PER,Peru,604.0,75.789,75.879,76.0089,76.1559,73.6655,9.314760208,9.535280228,9.755800247,9.885518863,9.885518863,105.528925,103.763002,106.220434,106.490989,108.996572,5583.08986,6360.423388,6831.285592,7114.750971,478.272377,15.0,14.4,13.8,13.3,12.8,3.74000001,3.690000057,3.49000001,3.380000114,7.179999828,94.19999695,94.80000305,95.19999695,95.55136108,99.31181335,2.297,2.275,2.254,2.233,2.212,88.0,83.0,85.0,85.0,77.0,81.4168685568667,81.876933398673,82.5178020560051,82.5647730508278,77.1848885334586,38.0,36.0,35.0,37.0,35.0,6.9,7.6,7.6,8.1,8.3
PHL,Philippines,608.0,71.3871,71.5156,71.689,71.8649,72.1191,8.621369839,8.446499825,8.707799911,8.969099998,8.969099998,103.251289,106.870966,114.019828,116.01065,121.530658,5882.815,6951.710899,5832.900584,5320.429169,3017.073229,29.1,28.5,27.9,27.1,26.4,2.700000048,2.549999952,2.339999914,2.24000001,2.519999981,92.06650543,93.0,94.44826508,95.64508057,96.84238434,2.718,2.64,2.576,2.526,2.49,80.0,78.0,77.0,75.0,72.0,64.015750844629,61.2647956625542,62.6251630985943,64.151801473444,63.6195381387179,34.0,34.0,36.0,34.0,35.0,8.8,7.5,6.2,5.5,5.2
PNG,Papua New Guinea,598.0,64.8399,65.1028,65.1822,65.4738,65.7868,4.62,4.66,4.7,4.74,4.74,106.739014,108.130052,111.078005,113.668646,115.495266,-39.733003,-180.14535,-646.863896,-1235.832336,-1049.651104,49.7,48.2,46.8,45.3,43.9,2.483999968,2.506999969,2.563999891,2.448999882,2.595000029,49.40000153,54.40000153,55.72738647,59.66297531,60.40000153,3.657,3.61,3.564,3.52,3.477,46.0,38.0,37.0,37.0,47.0,96.6379126456223,96.6089825352256,96.662273385587,96.5954280078173,96.5959893492313,27.0,28.0,28.0,29.0,28.0,23.2,23.1,22.6,21.9,21.6
POL,Poland,616.0,77.8025,77.7205,77.6282,77.9272,76.9424,13.00481987,13.04480243,13.08478498,13.12476754,13.1647501,101.9992,107.4939,108.4999,115.8519,116.5484,4090.159735,7002.855004,15105.22558,9562.311574,8258.648906,4.7,4.6,4.5,4.4,4.4,6.159999847,4.889999866,3.849999905,3.279999971,3.160000086,100.0,100.0,100.0,100.0,100.0,1.39,1.48,1.46,1.44,1.38,96.0,94.0,93.0,93.0,80.0,74.5755392819951,74.3019846098175,74.6114109602131,74.0924928134551,73.6234179796069,56.0,58.0,60.0,60.0,62.0,1.5,1.5,1.5,1.5,1.5
PRT,Portugal,620.0,81.2324,81.498,81.3947,81.7007,81.0545,9.112580299,9.218230247,9.144709587,9.327420235,9.575940132,100.2146,102.5012,102.8113,102.9757,104.5408,4193.902576,8501.561794,6315.900834,8739.916513,4036.008976,3.6,3.6,3.6,3.4,3.3,11.06999969,8.869999886,6.989999771,6.460000038,6.789999962,100.0,100.0,100.0,100.0,100.0,1.36,1.38,1.42,1.43,1.4,98.0,98.0,99.0,99.0,99.0,83.478165698208,83.7772141083934,84.5962705767075,85.075245807791,85.0031707477453,61.0,62.0,64.0,63.0,62.0,1.5,1.5,1.5,1.5,1.5
PRY,Paraguay,600.0,73.5336,73.6436,73.5676,73.6207,73.1816,8.351449966,8.468514919,8.585579872,8.810709953,8.861840248,107.890026,116.93755,116.235925,120.445677,124.421554,3558.758055446969,207.90435219083957,3856.5611093664115,1695.6356989999997,1322.2601105625004,21.6,20.9,20.2,19.5,18.9,5.25,4.610000134,6.21999979,6.590000153,7.550000191,98.40000153,99.30000305,99.59999847,99.69999695,100.0,2.479,2.453,2.429,2.405,2.383,85.0,92.0,93.0,87.0,80.0,67.6354643723423,67.9616088127884,70.4256688360083,71.2346462142789,68.6317087397822,28.0,28.0,29.0,29.0,30.0,7.7,7.8,7.8,8.2,8.7
ROU,Romania,642.0,75.2458,75.9519,76.1546,76.5079,75.3456,11.08049011,11.14865017,11.21188498,11.27511978,11.27511978,97.743456,101.721614,104.874985,110.202634,113.773199,4995.771624,5516.069633,5839.824652,5428.33346,2119.97405,8.5,7.9,7.4,7.1,6.9,5.900000095,4.929999828,4.190000057,3.910000086,5.03000021,99.09999847,100.0,100.0,100.0,100.0,1.69,1.71,1.76,1.77,1.6,86.0,86.0,90.0,90.0,87.0,69.8259865633079,71.0151398358449,70.2650739552791,69.7065155404309,69.2912512178655,44.0,44.0,47.0,48.0,48.0,1.5,1.5,1.5,1.5,1.5
RUS,Russian Federation,643.0,72.6609,73.3743,73.5306,73.9332,71.3423,12.56402159,12.72337438,12.72389289,12.77428805,12.77428805,107.369,108.1254,113.8306,116.9295,125.9086,10224.57976,-8199.560283,-22592.02925,10051.6397,3364.700894,7.5,6.9,6.3,5.8,5.4,5.559999943,5.210000038,4.849999905,4.5,5.590000153,100.0,100.0,100.0,100.0,100.0,1.762,1.621,1.579,1.504,1.505,98.0,98.0,98.0,98.0,97.0,77.8641263126409,78.0074819330267,78.3228659671164,78.3984110789773,78.6867204176269,30.0,28.0,28.0,29.0,29.0,1.5,1.5,1.5,1.5,1.5
RWA,Rwanda,646.0,65.7373,65.9409,66.2505,66.437,66.7741,4.195574999,4.265272498,4.334969997,4.425292358,4.425292358,125.948148,118.192012,110.014264,136.213369,141.708021,294.543436,340.74993,363.947452,348.412177,1322.2601105625004,46.0,44.6,43.4,41.9,40.5,1.144000053,1.136999965,1.110999942,1.09800005,1.485000014,29.37000084,34.09999847,36.96815109,40.36860657,46.59999847,4.123,4.088,4.044,3.99,3.926,95.0,97.0,99.0,96.0,94.0,100.764470928838,100.947180244028,101.103641478212,101.310342262754,100.337747735085,54.0,53.0,56.0,55.0,54.0,34.9,34.7,34.7,35.2,35.8
SAU,Saudi Arabia,682.0,77.0643,77.1605,77.2115,77.3036,76.2392,10.08080983,10.22029972,10.58370972,10.94711971,11.31052971,97.33588,97.83605,104.6926,107.777,121.5005,-1483.622,-5860.755581,-15005.20938,-8984.491912,631.886966,8.6,8.1,7.7,7.3,7.0,5.650000095,5.889999866,6.039999962,5.672999859,7.449999809,99.90000153,99.93000031,100.0,100.0,100.0,2.435,2.373,2.319,2.275,2.238,98.0,96.0,98.0,95.0,96.0,28.3797708664585,25.6338770586103,27.8388528516299,33.3774003672401,39.8262755972324,53.0,53.0,49.0,49.0,46.0,3.7,3.7,3.8,3.9,3.7
SDN,Sudan,729.0,64.7801,65.4447,65.681,65.8755,65.6136,3.67,3.72,3.77,3.82,3.82,131.420713,173.096308,324.047105,529.102963,1621.521215,3558.758055446969,207.90435219083957,3856.5611093664115,1695.6356989999997,1322.2601105625004,63.9,62.0,60.1,58.4,56.6,17.52000046,17.53300095,17.57999992,17.65399933,19.64900017,48.84940338,50.75471878,52.44700241,53.96253967,55.38970184,4.532,4.469,4.407,4.347,4.289,86.0,90.0,88.0,90.0,86.0,41.8473285391044,42.159538567693,42.4890383585354,42.8296051308212,41.8327875688962,16.0,16.0,16.0,16.0,14.0,11.8,11.8,11.8,11.7,12.8
SEN,Senegal,686.0,67.4969,67.7503,68.0966,68.5258,68.0064,2.818639934,2.830689907,2.883815558,2.937938258,2.937938258,110.203468,106.38809,108.246612,108.512115,112.592996,248.547255,505.877698,795.033245,994.398786,1309.038421,46.5,44.0,41.7,39.7,38.1,4.460000038,3.690000057,3.275000095,2.859999895,3.622999907,64.5,61.70000076,66.0,70.40000153,70.36894226,4.77,4.697,4.625,4.556,4.491,93.0,90.0,86.0,89.0,88.0,59.6183454729468,59.8307044912202,60.104064715087,60.4360653814832,58.8245664316359,45.0,45.0,45.0,45.0,45.0,9.5,8.5,7.8,7.4,7.5
SLB,Solomon Islands,90.0,69.8007,69.9882,70.1733,70.3821,70.1987,5.44073206,5.54073206,5.54073206,5.711848,5.711848,97.272382,97.543941,100.423406,102.225621,97.820207,37.262357,35.774318,15.84092,28.782783,5.717906,22.0,21.4,20.7,20.0,19.4,0.698000014,0.707000017,0.723999977,0.754999995,0.916000009,58.32719421,62.90000153,66.17976379,69.80941772,73.34648132,4.452,4.434,4.403,4.361,4.309,82.0,84.0,93.0,81.0,81.0,95.4764048712423,95.4455025136615,95.4088972322783,95.404350709726,95.3130205615833,42.0,42.0,44.0,39.0,42.0,18.1,17.7,17.6,17.8,18.1
SLE,Sierra Leone,694.0,58.4045,58.6517,59.7959,60.2549,59.7632,4.21481171,4.335234901,4.455658093,4.576081285,4.576081285,123.603262,145.767098,164.383768,173.23978,199.379299,3558.758055446969,207.90435219083957,3856.5611093664115,1695.6356989999997,1322.2601105625004,125.4,120.7,116.2,111.9,107.8,4.663000107,4.663000107,4.659999847,4.649000168,5.195000172,20.29999924,23.39999962,26.10000038,22.70000076,26.20088577,4.457,4.359,4.263,4.169,4.077,85.0,80.0,87.0,93.0,87.0,99.0364920636681,99.7025717719652,100.415628674465,101.234326834993,100.628352883941,33.0,33.0,30.0,30.0,30.0,25.9,27.2,27.7,27.9,27.4
SLV,El Salvador,222.0,72.0248,72.3108,72.5546,72.5586,71.0609,6.717559814,6.825099945,6.968569994,7.112040043,7.150929928,97.625201,100.057369,100.421334,101.622361,102.001016,347.852922,888.844522,826.046956,635.763348,201.18375,14.9,14.3,13.8,13.3,12.9,4.420000076,4.389999866,4.010000229,4.170000076,6.248000145,96.0,96.80000305,97.0,97.36000061,100.0,2.079,2.059,2.039,2.021,2.002,90.0,85.0,81.0,82.0,71.0,60.6874788969543,59.6092575176024,59.719889114536,60.0044990421996,59.6026136743954,36.0,34.0,35.0,33.0,36.0,9.9,9.2,8.4,8.3,7.7
SOM,Somalia,706.0,55.0444,55.6536,56.3754,57.0776,55.9666,8.79336575637415,8.886947312435373,8.983629221544218,9.094335528897957,9.1284808907483,103.039205,109.730318,116.2677,120.683446,122.178646,3558.758055446969,207.90435219083957,3856.5611093664115,1695.6356989999997,1322.2601105625004,130.3,126.1,122.0,118.3,114.6,18.88899994,18.88199997,18.85000038,18.82799911,19.72299957,51.11323547,52.09999847,50.7649765,49.20000076,49.73086929,6.265,6.168,6.072,5.978,5.885,46.0,46.0,46.0,46.0,46.0,43.8304236785919,44.1145551423416,44.3806962868419,44.6782390989822,44.4503716171808,12.0,9.0,10.0,9.0,10.0,59.7,58.9,56.6,54.8,53.1
SRB,Serbia,688.0,76.2609,76.213,76.5115,76.704,75.4057,11.13010025,11.16240025,11.26613522,11.36987019,11.36987019,98.211741,102.262252,104.997662,107.101824,109.100777,2102.20639,2731.690344,3727.714827,3975.3558,3314.962017,6.0,5.9,5.8,5.7,5.6,15.26000023,13.47999954,12.72999954,10.39000034,9.010000229,100.0,100.0,100.0,99.80000305,100.0,1.46,1.49,1.49,1.52,1.48,82.0,86.0,92.0,87.0,78.0,73.5391270593104,74.4092183579956,74.2756147306394,75.0961420115116,75.0888508224363,38.0,39.0,39.0,41.0,42.0,4.2,4.0,3.8,3.7,3.3
STP,Sao Tome and Principe,678.0,67.4917,68.2666,68.3549,68.5231,67.7848,5.77061182,5.918941025,6.06727023,6.215599435,6.215599435,103.033646,111.819651,122.654136,134.360492,150.118993,29.60167,28.862385,20.809647,23.252893,46.258738,21.2,19.5,18.1,17.0,16.1,13.89400005,13.97399998,14.06099987,14.14400005,15.74600029,69.32051849,74.26999664,71.0,74.96720123,76.55908966,4.426,4.374,4.321,4.267,4.214,93.0,90.0,95.0,95.0,86.0,52.8748142629854,53.1759480877881,53.5478910039298,53.9680262702146,52.800310814609,47.0,46.0,46.0,46.0,46.0,12.9,12.5,12.8,13.0,13.5
SUR,Suriname,740.0,71.5924,72.417,72.5532,72.2423,72.5615,9.472836021,9.573077564,9.673319107,9.77680063,9.77680063,185.49768,208.451762,220.933045,231.836234,386.776291,3558.758055446969,207.90435219083957,3856.5611093664115,1695.6356989999997,1322.2601105625004,19.8,19.3,18.7,18.1,17.6,7.920000076,7.903999805,7.926000118,8.039999962,9.777999878,95.8163147,96.69633484,97.40000153,97.82541656,98.20477295,2.469,2.443,2.418,2.394,2.371,76.0,76.0,77.0,64.0,45.0,67.3299744361079,67.6110107815562,68.0783755008058,67.8608277138726,66.163723137934,38.0,44.0,43.0,41.0,45.0,8.3,8.3,8.0,8.0,8.2
SVK,Slovakia,703.0,77.2146,77.219,77.264,77.6851,77.0054,12.71166039,12.76618004,12.86622047,12.91141987,12.91141987,97.04114,103.3361,104.1848,109.631,110.2676,710.349986,2691.386169,1353.39027,2295.455821,-2163.181055,6.1,6.0,5.9,5.8,5.8,9.670000076,8.130000114,6.539999962,5.75,6.690000057,100.0,100.0,100.0,100.0,100.0,1.48,1.52,1.54,1.57,1.57,95.0,96.0,96.0,96.0,96.0,77.1896294011006,77.7766304476955,77.0969083170278,77.378747991203,77.8982584938771,49.0,50.0,50.0,50.0,51.0,5.6,4.4,3.9,3.7,3.8
SVN,Slovenia,705.0,81.1577,81.0714,81.3581,81.6042,80.4409,12.66755009,12.70028973,12.75198507,12.80368042,12.80368042,101.11,104.07,104.65,108.06,109.15,956.08355,559.41528,1103.309189,837.138362,-25.955903,2.5,2.4,2.3,2.3,2.2,8.0,6.559999943,5.110000134,4.449999809,4.96999979,100.0,100.0,100.0,100.0,100.0,1.58,1.62,1.6,1.61,1.6,92.0,93.0,93.0,94.0,94.0,84.8165034837811,85.1827848396052,84.010878693269,84.5462667407787,85.2661217925837,60.0,60.0,60.0,61.0,61.0,1.5,1.5,1.5,1.5,1.5
SWE,Sweden,752.0,82.3391,82.4382,82.5326,83.0524,82.4274,12.41359997,12.48604965,12.54788494,12.60972023,12.60972023,101.6478,104.5453,106.5675,109.2784,110.371,14441.38571,-11461.41123,-13613.08657,-5436.889673,-4905.155733,2.8,2.8,2.7,2.7,2.6,6.989999771,6.71999979,6.360000134,6.829999924,8.289999962,100.0,100.0,100.0,100.0,100.0,1.85,1.78,1.76,1.71,1.66,97.0,97.0,97.0,97.0,97.0,90.0790432578634,90.1294345515871,90.4063600653668,90.3837653854615,88.9808573147837,85.0,85.0,85.0,84.0,88.0,1.5,1.5,1.5,1.5,1.5
SWZ,Eswatini,748.0,56.6591,57.8951,59.4114,60.5492,59.6922,5.194,5.328,5.462,5.596,5.596,121.538901,124.729533,125.360303,128.711027,133.329266,28.517081,-121.494111,46.987009,108.013607,55.242453,55.6,57.9,52.2,48.0,46.6,22.71999931,22.75300026,22.79199982,22.83699989,25.50900078,63.43000031,73.5,73.91577911,76.86943817,79.73049927,3.041,3.018,2.99,2.958,2.919,89.0,89.0,85.0,81.0,76.0,84.3866635917995,85.0930938527003,85.6422188266728,86.3210741953572,84.268626362356,33.0,34.0,38.0,39.0,44.50684931506849,13.0,12.4,11.8,11.1,11.0
TCD,Chad,148.0,52.0834,52.3076,52.8253,53.2594,52.7774,2.301458538,2.388868544,2.479598405,2.57377421,2.57377421,89.025426,90.912186,86.781599,86.673816,91.136924,3558.758055446969,207.90435219083957,3856.5611093664115,1695.6356989999997,1322.2601105625004,124.9,121.1,117.3,113.5,110.0,1.103999972,1.118999958,1.129999995,1.123000026,1.741999984,9.263847351,10.89999962,10.11404037,8.399999619,11.08011723,5.947,5.846,5.747,5.649,5.553,37.0,37.0,42.0,41.0,47.0,68.8145449053184,68.2895610231698,67.7619666808442,68.1074053282573,66.8850946342951,21.0,20.0,19.0,20.0,20.0,28.5,29.1,30.3,31.7,32.7
TGO,Togo,768.0,59.5501,60.1544,60.244,60.9011,61.035,4.636985989,4.763593115,4.890200241,5.016807367,5.016807367,100.259319,99.172933,102.054219,98.785612,106.163595,-303.274984,121.135249,-253.593282,302.854813,-291.855977,73.4,71.1,68.8,66.5,64.4,2.96600008,3.74000001,3.729000092,3.719000101,3.944999933,46.76501083,48.0,50.0,52.36310959,53.99743271,4.449,4.384,4.32,4.259,4.199,73.0,77.0,71.0,75.0,69.0,91.6821802464406,92.2771427979857,92.9612098003533,93.7322244919486,93.73279132718,29.0,29.0,30.0,32.0,32.0,21.2,21.0,20.7,20.1,18.8
THA,Thailand,764.0,78.0489,78.3939,78.6622,78.9751,79.2739,8.315620422,8.343885422,8.372150421,8.697119713,8.697119713,101.502986,101.702837,102.622863,104.402913,105.842953,-9906.454565,-5931.879643,-4181.659339,-5327.519459,-22815.32081,10.3,9.9,9.4,9.0,8.7,0.689999998,0.829999983,0.769999981,0.720000029,1.100000024,99.84996033,99.90000153,99.81999969,99.90000153,100.0,1.537,1.532,1.525,1.514,1.501,99.0,99.0,96.0,96.0,96.0,78.2781766961699,77.9600525621021,77.9428072993662,78.1587277371171,78.4702299496696,36.0,36.0,36.0,37.0,35.0,7.5,7.7,7.8,8.0,8.8
TLS,Timor-Leste,626.0,67.4461,67.7454,68.0167,68.2684,68.4755,5.43679,5.43679,5.43679,5.43679,5.43679,98.815696,99.617446,101.120727,101.321165,103.525978,-7.188,207.90435219083957,3856.5611093664115,1695.6356989999997,-621.488939,48.4,46.8,45.1,43.7,42.3,4.659999847,4.760000229,4.730999947,4.505000114,4.90500021,76.5,79.77896118,85.38140106,90.79865265,96.1233139,4.156,4.093,4.023,3.943,3.853,73.0,77.0,77.0,85.0,79.0,84.5205130747013,84.7657483159936,84.8911109303532,84.8280827903501,84.6810716922748,40.0,38.0,35.0,38.0,35.0,24.2,24.6,25.1,25.0,26.2
TTO,Trinidad and Tobago,780.0,74.281,74.2301,73.8018,74.2279,74.4056,11.23672288,11.35999926,11.48462809,11.61062419,11.61062419,109.562898,113.475858,113.573682,112.399794,117.486643,1.741017,-458.86375,-765.227465,69.81377,-611.113649,18.8,18.3,17.7,17.2,16.6,3.210000038,3.275000095,3.336999893,3.421999931,4.56799984,100.0,100.0,100.0,100.0,100.0,1.753,1.739,1.725,1.711,1.699,86.0,93.0,90.0,99.0,91.0,71.8953732863426,71.0064978277013,70.48050008236,70.0128901784776,68.4942267532414,40.0,40.0,41.0,41.0,35.0,6.8,6.9,7.0,7.3,7.5
TUN,Tunisia,788.0,75.7861,75.8448,75.9501,75.9933,75.2923,7.196720123,7.274176324,7.352466164,7.431598614,7.431598614,104.667228,112.874418,119.667987,126.6,132.1,643.380214,823.336123,1001.939274,822.986928,608.741846,17.1,17.1,17.0,16.9,16.6,15.56000042,15.32999992,15.46000004,15.13000011,16.59199905,100.0,100.0,99.80000305,100.0,100.0,2.238,2.219,2.197,2.174,2.151,96.0,98.0,96.0,98.0,98.0,38.8322215795157,38.8016025991594,38.8200629796684,38.787717550213,37.8771661168519,44.0,43.0,43.0,42.0,41.0,1.5,1.5,1.5,2.6,3.1
TUR,TÃ¼rkiye,792.0,76.6605,77.1408,77.5631,77.8318,75.85,8.099840164,8.268190384,8.450664997,8.63313961,8.63313961,109.0447,124.0791,155.2405,172.1427,207.627,10697.0,8339.0,9235.0,6323.0,4640.0,12.1,11.4,10.7,10.1,9.5,10.84000015,10.81999969,10.89000034,13.67000008,13.10999966,100.0,100.0,100.0,100.0,100.0,2.092,2.081,2.069,2.055,2.039,98.0,96.0,96.0,97.0,95.0,45.0460506028283,46.2865127849378,47.0051552140557,47.6784759028082,45.2470973605159,40.0,39.0,41.0,40.0,41.0,1.5,1.5,1.5,1.5,1.5
TZA,United Republic of Tanzania,834.0,65.3862,65.9987,66.5346,66.9885,66.4077,5.959358347,6.094134093,6.231957903,6.37289871,6.37289871,110.779204,117.639741,118.796311,126.277242,130.034219,3558.758055446969,207.90435219083957,3856.5611093664115,1695.6356989999997,1322.2601105625004,56.0,54.1,52.1,50.5,48.9,2.157999992,2.177000046,2.20600009,2.221999884,2.528000116,32.79999924,32.25117493,35.04802322,37.65968704,39.90000153,5.015,4.953,4.892,4.832,4.773,83.0,90.0,88.0,88.0,84.0,91.1132800631158,91.240025833075,91.385207788737,91.5553382415404,91.4291610460899,38.0,37.0,36.0,36.0,32.0,22.7,23.0,23.3,23.4,22.6
UKR,Ukraine,804.0,74.3121,74.7181,74.4122,74.5364,72.5726,11.15577802,11.14765882,11.13953963,11.13142043,11.13142043,112.097771,131.963987,142.239616,149.027759,156.376391,3793.651871,3684.0,4459.969953,5212.41434,-950.0,9.2,8.9,8.6,8.4,8.1,9.350000381,9.5,8.800000191,8.18999958,9.131999969,100.0,100.0,100.0,100.0,100.0,1.466,1.374,1.301,1.228,1.217,42.0,86.0,91.0,93.0,85.0,78.6090714955372,77.7268276162358,76.8570916657486,75.9992608703839,75.8908720883917,33.0,30.0,32.0,30.0,29.0,1.5,1.5,1.5,2.6,2.8
URY,Uruguay,858.0,77.5707,77.6247,77.611,77.5085,78.4298,8.70388031,8.831359863,8.906729698,8.982549667,8.982549667,110.902589,116.519395,124.416806,142.088241,155.556846,-1827.632035,-2078.605372,-500.171772,1246.533976,2612.793492,8.4,7.8,7.3,6.7,6.2,7.840000153,7.889999866,8.340000153,8.880000114,10.35000038,99.69999695,99.80000305,99.80000305,99.90000153,100.0,1.991,1.983,1.973,1.963,1.952,95.0,96.0,97.0,96.0,95.0,76.4899826998465,76.8824905693918,77.5822391130002,78.1353459192447,78.9922513002689,71.0,71.0,70.0,70.0,71.0,1.5,1.5,1.5,1.5,1.5
USA,United States of America,840.0,78.8482,78.8213,78.9896,79.138,77.4144,13.34290981,13.42226505,13.50162029,13.59252501,13.68342972,97.5866,98.46566,99.05235,99.76737,103.7063,174950.0,-32485.0,417813.0,167860.0,63510.0,6.7,6.6,6.5,6.4,6.3,4.869999886,4.360000134,3.900000095,3.670000076,8.050000191,100.0,100.0,100.0,100.0,100.0,1.8205,1.7655,1.7295,1.706,1.6375,92.0,91.0,92.0,90.0,91.0,82.2557194096943,82.7427730470309,82.8208287795206,83.206167405427,83.209395454707,67.0,69.0,71.0,75.0,74.0,1.5,1.5,1.5,1.5,1.5
UZB,Uzbekistan,860.0,70.7548,71.0095,71.1494,71.3441,70.3309,11.67308998,11.72383976,11.77458954,11.89558983,11.89558983,110.907849,139.447995,160.223543,190.232668,219.29745,1656.769546,1788.320487,622.775299,2313.394057,1723.945221,18.0,16.8,15.8,14.8,13.9,5.199999809,5.800000191,5.835000038,5.849999905,7.040999889,100.0,100.0,100.0,100.0,100.0,2.455,2.419,2.604,2.785,2.9,99.0,99.0,96.0,98.0,99.0,65.0631780583132,64.9124756194785,64.7184570296676,64.5326797992506,63.3323024019802,26.0,25.0,23.0,22.0,21.0,1.5,1.5,1.5,1.5,1.5
VCT,Saint Vincent and the Grenadines,670.0,74.2799,74.3052,74.1279,72.8347,72.1256,10.34760787,10.83343029,10.83343029,10.83343029,10.83343029,100.573933,104.521528,104.252374,105.149554,107.930814,162.424815,102.785926,105.226297,119.316914,76.121871,16.2,15.6,15.1,14.6,14.1,19.11000061,19.18199921,19.18000031,19.28000069,21.00200081,99.80084229,99.97770691,100.0,100.0,100.0,1.931,1.911,1.891,1.872,1.854,99.0,99.0,99.0,99.0,99.0,71.8942506021144,72.1938182911767,72.6228962391954,72.7272690177362,71.1475501380256,59.0,59.0,58.0,58.0,60.0,5.8,5.7,5.5,6.6,7.6
VEN,Venezuela (Bolivarian Republic of),862.0,72.0578,71.943,71.9788,72.1614,71.0949,10.31229973,10.57076027,10.8356987,11.10727736,11.10727736,953.574367,11086.187138,15946997.067729,1288889115.455544,38753710727.95829,27.0,-2302.0,225.0,-142.0,1037.333334,24.2,24.2,24.2,24.2,24.2,5.320000172,5.050000191,5.021999836,5.096000195,6.626999855,99.40000153,99.19999695,99.91120148,99.97681427,100.0,2.317,2.294,2.272,2.25,2.23,88.0,96.0,74.0,93.0,76.0,63.7970349419495,61.2737637993091,58.0759031940015,51.4415353024037,50.8342474953762,15.0,16.0,18.0,18.0,17.0,16.4,22.2,22.7,24.9,22.9
VNM,Viet Nam,704.0,73.9382,73.9632,73.9757,74.0929,75.3779,8.12267518,8.205210209,8.287745237,8.370280266,8.370280266,103.139639,101.286235,106.442999,116.199618,119.31644,11600.0,13620.0,14902.0,15655.0,15420.0,21.6,21.4,21.3,21.1,20.9,1.850000024,1.870000005,1.159999967,2.039999962,2.390000105,99.19999695,100.0,100.0,99.40000153,100.0,2.03,2.042,2.049,2.05,2.046,99.0,97.0,97.0,95.0,97.0,88.3368391886163,88.1322079350373,86.9320998957127,87.0467137315038,87.0484474993759,36.0,37.0,33.0,35.0,33.0,7.8,7.2,6.8,6.2,5.7
VUT,Vanuatu,548.0,69.6496,69.7095,69.7948,69.8769,70.2995,6.68,6.76,6.84,7.064846,7.064846,104.766185,111.462978,114.94016,123.246759,140.246312,43.014317,37.182055,36.108564,34.961323,27.721732,27.6,26.9,26.3,25.6,24.9,1.776000023,1.745000005,1.809000015,1.800999999,2.118999958,57.81999969,62.79999924,61.75451279,64.59018707,67.33326721,3.859,3.82,3.782,3.744,3.707,84.0,80.0,75.0,80.0,78.0,77.288874505861,77.208763024062,77.1965031827501,77.176973716292,76.6211236581516,43.0,46.0,46.0,43.0,44.50684931506849,11.2,12.3,12.6,12.4,11.9
YEM,Yemen,887.0,66.0641,65.9573,64.5751,65.0917,64.6501,3.0,3.0,3.2,3.2,3.2,121.903092,128.044919,134.901926,143.908187,152.999508,-561.787,-275.451,-285.704,-374.314,1322.2601105625004,60.3,60.2,61.6,61.5,59.6,13.43299961,13.29699993,13.14500046,13.05599976,13.39099979,68.8595047,79.19999695,62.0,72.75107574,73.75792694,3.994,3.89,3.792,3.7,3.614,70.0,65.0,64.0,67.0,68.0,9.0315791406404,8.99949794310724,8.99992611462765,9.00792495806297,9.00915545979032,15.0,15.0,14.0,16.0,14.0,46.1,46.6,44.7,42.8,41.4
ZAF,South Africa,710.0,64.7469,65.402,65.6743,66.175,65.2522,10.18788004,10.14218044,10.7576704,11.37316036,11.37316036,115.8968,120.7918,124.1032,128.9982,136.6287,-2239.488334,-5362.809409,1373.439645,1978.346847,5079.741577,35.2,34.6,33.9,33.0,32.2,26.54000092,27.04000092,26.90999985,28.46999931,29.21999931,83.90000153,84.40000153,84.69999695,85.0,84.38553619,2.457,2.43,2.405,2.381,2.358,84.0,81.0,81.0,83.0,84.0,76.5218649825235,77.4333733831436,77.657899812107,77.6079960230803,76.7397253117594,44.0,44.0,43.0,43.0,45.0,5.4,5.5,5.7,6.3,6.9
