ISO3_Code,Country_Name,M49_Code,Year,Life_Expectancy,Mean_Years_Of_Schooling,CPI_Food,Net_FDI,Infant_Mortality_Rate,Unemployment,Access_To_Electricity,Fertility_Rate,Immunization_Measles,Labor_Force_Gender_Ratio,Prevalence_of_undernourishment
AFG,Afghanistan,4.0,2016,63.1361,2.463660385,108.916832,78.81,67.5,11.15799999,97.69999695,4.8,64.0,27.1038412375653,22.2
AGO,Angola,24.0,2016,61.0923,5.417390823,154.136774,-452.522619,84.1,7.412000179,41.81312943,5.686,45.0,93.8053547304643,15.4
ALB,Albania,8.0,2016,78.8602,10.72752833,104.588667,1036.471408,9.4,15.42000008,99.88999939,1.659,96.0,76.6604881917464,4.7
ARE,United Arab Emirates,784.0,2016,79.3347,10.8426199,100.998062,-6106.627,7.4,1.639999986,100.0,1.491,99.0,54.9341874541192,6.3
ARG,Argentina,32.0,2016,76.3077,10.92819023,119.206012,1473.633407,10.9,8.111000061,99.84957886,2.288,90.0,67.0664064718027,2.6
ARM,Armenia,51.0,2016,74.6639,11.37989998,98.137571,263.213932,13.4,17.62000084,99.80000305,1.744,97.0,71.0751767702097,2.7
AUS,Australia,36.0,2016,82.8707,12.35210991,102.0419,46096.89194,3.8,5.710000038,100.0,1.752,95.0,84.0514207230873,1.5
AUT,Austria,40.0,2016,81.5925,12.11466026,101.1,-6474.80789,3.6,6.010000229,100.0,1.53,95.0,83.723335382459,1.5
AZE,Azerbaijan,31.0,2016,72.0039,10.55539989,124.781488,1926.0,24.5,5.0,100.0,1.9,98.0,90.3326187877734,1.5
BEL,Belgium,56.0,2016,81.2661,11.98532009,102.1507,22868.65467,4.1,7.829999924,100.0,1.68,96.0,81.3550624604442,1.5
BEN,Benin,204.0,2016,59.5394,3.863223294,98.81456,114.409647,95.4,1.827999949,37.09524536,4.977,68.0,94.8290854459268,7.6
BFA,Burkina Faso,854.0,2016,59.3262,1.602925003,98.316135,340.114274,97.5,4.434000015,16.64105606,5.353,88.0,78.3047574314716,12.3
BGD,Bangladesh,50.0,2016,71.09,6.113890171,108.2819,2292.19,36.1,4.349999905,75.91999817,2.09,97.0,41.8012189212087,13.3
BGR,Bulgaria,100.0,2016,74.8336,11.23243999,100.490613,635.183163,7.7,7.570000172,100.0,1.54,92.0,80.1537493661635,3.5
BIH,Bosnia and Herzegovina,70.0,2016,76.8083,9.692919731,97.8111,311.141147,6.2,25.40999985,100.0,1.286,68.0,58.6208183813292,1.5
BLR,Belarus,112.0,2016,74.258,11.85758429,115.694397,1124.0,3.9,5.840000153,100.0,1.733,98.0,82.7045167704637,1.5
BLZ,Belize,84.0,2016,73.3988,9.503048134,99.201553,42.2685,14.5,7.0,93.22231293,2.391,95.0,61.8917714455705,7.2
BOL,Bolivia (Plurinational State of),68.0,2016,67.6277,9.162832737,108.111846,246.49949,29.9,3.5,91.80000305,2.829,94.0,73.2212640156102,13.1
BRA,Brazil,76.0,2016,74.4415,7.731040001,114.3018,59601.13601,16.7,11.60000038,99.69999695,1.747,95.0,70.854286248901,1.5
BRB,Barbados,52.0,2016,76.8149,9.734617347,114.376464,462.836987,13.7,8.25,100.0,1.613,92.0,89.2274236656232,4.4
BRN,Brunei Darussalam,96.0,2016,74.7332,9.06,99.021323,3457.305457080882,10.8,8.383000374,100.0,1.915,98.0,80.568398348219,6.8
BWA,Botswana,72.0,2016,65.4644,10.1,104.29427,312.216268,49.2,21.02899933,64.17505646,2.942,97.0,84.9084410548527,20.1
CAN,Canada,124.0,2016,82.0434,13.73192024,98.58939,-33450.74531,5.3,7.0,100.0,1.59,89.0,87.2064916845893,1.5
CHE,Switzerland,756.0,2016,83.4452,13.66668034,99.67825,-16384.94123,4.2,4.920000076,100.0,1.54,94.0,84.3497905094021,1.5
CHL,Chile,152.0,2016,80.0794,10.42321491,104.5233,3836.168964,7.7,6.739999771,100.0,1.713,93.0,67.4035813377071,3.1
CIV,Côte d'Ivoire,384.0,2016,58.0599,4.921027531,100.23522,549.220086,88.4,2.599999905,64.30000305,4.759,73.0,69.4460736773441,6.9
CMR,Cameroon,120.0,2016,60.2333,5.983691359,100.59845,702.678,84.2,3.575000048,59.80877686,4.708,71.0,86.4262765965891,5.9
COD,Democratic Republic of the Congo,180.0,2016,59.0664,6.75948,109.950799,932.374669,92.8,4.477000237,17.04183769,6.112,63.0,89.596545591156,36.0
COG,Congo,178.0,2016,63.5765,6.124,97.303491,1601.236924,50.8,20.55900002,45.50832748,4.536,67.0,96.3751342834635,26.4
COL,Colombia,170.0,2016,76.4713,8.221500397,112.482,9331.0,15.0,8.68999958,98.40000153,1.843,93.0,71.4405653607758,6.0
CPV,Cabo Verde,132.0,2016,75.7423,5.973347954,100.424339,135.14965,18.1,12.00800037,87.5449295,2.346,93.0,76.4411362114823,17.0
CRI,Costa Rica,188.0,2016,79.4592,8.564390182,99.55278,2127.035025,8.9,8.600000381,99.5,1.789,93.0,60.8616470754889,3.6
CYP,Cyprus,196.0,2016,81.0563,12.08658028,100.78,2238.61659,2.9,12.94999981,100.0,1.345,90.0,84.6196737023192,1.5
CZE,Czechia,203.0,2016,78.9967,12.73709011,100.8,7632.962874,3.2,3.950000048,100.0,1.63,98.0,75.8415472098479,1.5
DEU,Germany,276.0,2016,80.8471,14.1321497,102.3,-48027.81099,3.9,4.119999886,100.0,1.6,97.0,83.5933594081162,1.5
DJI,Djibouti,262.0,2016,62.1908,4.07,108.327675,3457.305457080882,63.8,26.19300079,58.67544556,2.846,75.0,38.2655301227578,13.6
DMA,Dominica,212.0,2016,70.1284,8.017922938,100.277671,41.107778,32.4,8.12160003062,99.98353577,2.696705298013245,96.0,71.30507611100475,5.4
DNK,Denmark,208.0,2016,80.8803,13.16281986,100.9,-9875.187917,4.1,5.989999771,100.0,1.79,94.0,87.4250048120453,1.5
DOM,Dominican Republic,214.0,2016,72.9867,9.044050217,102.703904,3457.305457080882,35.0,7.28000021,98.90000153,2.387,85.0,63.8835024045267,6.8
DZA,Algeria,12.0,2016,75.7318,7.877038634,105.435418,1590.096852,24.8,10.19999981,99.35025024,3.052,94.0,25.4773705466379,2.8
ECU,Ecuador,218.0,2016,76.7634,8.692919731,102.056869,3457.305457080882,14.8,4.599999905,98.69999695,2.475,86.0,69.1141431171461,9.7
EGY,Egypt,818.0,2016,70.8435,8.806776914,134.431459,7900.2,22.5,12.40999985,100.0,3.41,95.0,32.997947170074,4.6
ESP,Spain,724.0,2016,83.0411,10.01107979,101.6783,-12376.14288,3.3,19.62999916,100.0,1.34,97.0,82.5141532199161,1.5
EST,Estonia,233.0,2016,77.8201,13.51035023,100.8273,572.485336,2.8,6.760000229,100.0,1.6,93.0,79.901303191662,1.5
ETH,Ethiopia,231.0,2016,64.3919,2.681135178,107.258998,3457.305457080882,59.0,2.288000107,42.90000153,4.456,57.0,85.2547347048067,14.4
FIN,Finland,246.0,2016,81.2915,12.68652487,99.26,-15694.42673,2.4,8.819999695,100.0,1.57,94.0,88.1278289806587,1.5
FJI,Fiji,242.0,2016,67.2395,10.49146872,104.045442,406.263426,24.9,4.320000172,96.56174469,2.797,96.0,50.0719353174868,6.3
FRA,France,250.0,2016,82.4372,11.35085964,100.73,-41770.67477,4.2,10.05000019,100.0,1.92,90.0,85.1601493826005,1.5
GAB,Gabon,266.0,2016,65.8025,9.094,100.193024,1198.36016,47.4,20.66900063,88.2038269,4.039,64.0,70.2300181405712,15.1
GBR,United Kingdom of Great Britain and Northern Ireland,826.0,2016,81.0747,13.07054679,97.9,296304.4975,4.4,4.809999943,100.0,1.79,92.0,83.7801990384157,1.5
GEO,Georgia,268.0,2016,73.5692,12.81457043,103.633275,1245.40446,10.2,16.60000038,100.0,2.059,93.0,71.7411791934184,8.3
GHA,Ghana,288.0,2016,63.8902,7.919448013,109.687808,3470.6,52.2,5.52699995,79.30000305,3.984,89.0,88.7132395216279,7.7
GMB,Gambia,270.0,2016,63.0127,4.02814688,112.652111,-26.3,57.4,9.498000145,56.32740784,5.338,97.0,74.2529344928889,11.6
GRC,Greece,300.0,2016,81.1617,10.25430012,99.25755,4432.188005,4.4,23.54000092,100.0,1.38,97.0,75.2552955473911,1.5
GTM,Guatemala,320.0,2016,72.3547,5.774713993,112.8665,964.99596,27.3,2.579999924,91.81558228,2.973,89.0,47.8163680863166,16.4
HKG,"China, Hong Kong SAR",344.0,2016,84.539,12.09660006,104.514294,57684.17663,28.87748344370861,3.390000105,100.0,1.205,86.99337748344371,79.8833411843135,1.5
HND,Honduras,340.0,2016,72.5878,6.528709888,100.481722,900.1,18.6,6.730000019,91.59999847,2.536,98.0,56.8673971883335,13.8
HRV,Croatia,191.0,2016,78.2314,11.78733331,99.5,2211.724337,4.8,13.10000038,100.0,1.43,90.0,78.6531272953663,1.5
HTI,Haiti,332.0,2016,63.3922,5.326,118.301076,3457.305457080882,67.9,13.92500019,40.40000153,3.041,69.0,89.2114038105566,43.2
HUN,Hungary,348.0,2016,76.1552,11.88941002,100.3883,2833.557956,4.7,5.110000134,100.0,1.53,99.0,74.6608832050307,1.5
IDN,Indonesia,360.0,2016,69.7976,7.976150036,109.845498,16135.92,26.6,4.300000191,97.62000275,2.362,88.0,62.3121203162099,6.6
IND,India,356.0,2016,70.1167,6.350639359,105.017313,39408.2122,41.0,5.422999859,89.21779633,2.266,88.0,28.4153367086289,13.9
IRL,Ireland,372.0,2016,81.5498,11.36181815,97.06382,9327.887361,3.6,8.369999886,100.0,1.81,92.0,80.5308080999551,1.5
IRN,Iran (Islamic Republic of),364.0,2016,75.6,10.31394005,110.971952,3267.887667,14.9,12.61999989,99.94999695,2.083,99.0,23.4974510710213,4.9
IRQ,Iraq,368.0,2016,68.9878,7.837934567,97.375511,-6560.2,28.8,10.81999969,99.60430145,3.864,79.0,20.1833839588799,19.1
ISL,Iceland,352.0,2016,82.03,13.32010517,100.1814,720.096713,2.2,2.980000019,100.0,1.74,91.0,88.8860531995704,1.5
ISR,Israel,376.0,2016,82.4854,13.05535211,97.89688,-2590.255,3.8,4.800000191,100.0,3.11,97.0,85.9216225639119,1.5
ITA,Italy,380.0,2016,83.0492,10.39278984,101.1,12287.78198,3.4,11.68999958,100.0,1.34,87.0,68.2708680240048,1.5
JAM,Jamaica,388.0,2016,72.0198,8.879589332,105.703442,645.690903,15.1,13.18999958,96.7379837,2.009,95.0,82.3799047947982,9.3
JOR,Jordan,400.0,2016,75.2153,10.16455984,95.659311,1549.71831,17.0,15.27999973,99.95882416,2.954,96.0,26.718091111534,7.1
JPN,Japan,392.0,2016,84.0664,13.30426394,103.1296,-136577.9116,2.7,3.099999905,100.0,1.44,96.0,71.4496923178204,1.5
KAZ,Kazakhstan,398.0,2016,70.8984,11.9441363,117.883086,13746.38234,11.0,4.960000038,100.0,2.77,99.0,84.0382638431353,1.5
KEN,Kenya,404.0,2016,62.1632,6.388,116.160845,1127.3955,47.2,2.75999999,53.09999847,3.663,96.0,92.2068269287959,23.3
KGZ,Kyrgyzstan,417.0,2016,70.2761,11.35618418,93.555445,615.9922,21.2,7.210000038,99.70999908,3.1,97.0,64.0848479674404,6.1
KHM,Cambodia,116.0,2016,70.2244,4.722,108.19555,2396.842,30.3,0.720000029,69.54431152,2.559,84.0,86.193589038827,8.5
KIR,Kiribati,296.0,2016,66.3316,7.865527643,100.342163,1.686,56.0,8.12160003062,92.79961395,3.651,80.0,71.30507611100475,3.3
KOR,Republic of Korea,410.0,2016,82.9259,12.21428586,104.0209,-17785.2,3.4,3.650000095,100.0,1.172,98.0,71.0232315688661,1.5
KWT,Kuwait,414.0,2016,79.7011,7.132780075,102.904167,-4109.147713,8.7,2.160000086,100.0,2.082,99.0,56.789722818577,1.5
LAO,Lao People's Democratic Republic,418.0,2016,67.1667,5.116,106.070173,920.111854,51.5,0.791999996,90.54953003,2.751,81.0,96.1996163860841,5.9
LBN,Lebanon,422.0,2016,79.5054,8.554324481,100.878405,1563.742344,8.0,9.782999992,99.72562408,2.104,82.0,32.3041637936419,6.2
LBR,Liberia,430.0,2016,60.4162,4.668,114.655207,285.5167,86.1,3.079999924,17.70000076,4.461,70.0,87.668530443549,36.3
LKA,Sri Lanka,144.0,2016,75.3314,10.50934029,107.738321,660.241,8.2,4.239999771,97.5,2.211,99.0,47.6745454481836,4.7
LSO,Lesotho,426.0,2016,52.2641,5.744151237,114.102507,3457.305457080882,91.5,23.47500038,35.07159042,3.197,90.0,78.6300310697516,32.0
LTU,Lithuania,440.0,2016,74.8816,13.10509968,102.7698,259.447433,4.8,7.860000134,100.0,1.69,94.0,84.2795708095682,1.5
LUX,Luxembourg,442.0,2016,82.0535,12.84430344,102.36,1728.985411,2.8,6.289999962,100.0,1.41,99.0,83.2451805967057,1.5
LVA,Latvia,428.0,2016,74.7535,12.93480968,103.707,95.193819,4.7,9.640000343,100.0,1.74,93.0,81.9395799984035,1.5
MAR,Morocco,504.0,2016,73.284,5.514,102.915825,1577.489834,22.3,9.300000191,97.80000305,2.489,99.0,33.3989882249309,3.8
MDG,Madagascar,450.0,2016,64.9969,4.981364182,108.527849,360.926271,57.2,1.804999948,22.89999962,4.184,62.0,93.9443302719064,41.6
MEX,Mexico,484.0,2016,74.4122,8.599900246,106.7546,30875.28,15.7,3.859999895,99.5,2.186,96.0,55.8424260340453,5.8
MKD,North Macedonia,807.0,2016,76.0296,9.538281441,97.43726,350.749375,10.9,23.71999931,100.0,1.5,82.0,62.6066939326431,3.0
MLI,Mali,466.0,2016,58.7313,1.98,97.700714,259.460803,104.5,7.570000172,38.78982162,6.057,70.0,74.4310314693872,3.1
MLT,Malta,470.0,2016,83.1107,11.28810978,105.871478,9546.364925,6.6,4.690000057,100.0,1.37,93.0,66.377987819085,1.5
MMR,Myanmar,104.0,2016,65.685,5.95272715,109.333835,3457.305457080882,50.3,1.177000046,55.59999847,2.182,91.0,63.0296048218515,3.5
MNE,Montenegro,499.0,2016,76.7462,11.83377704,100.176025,411.289322,3.6,17.71999931,100.0,1.79,47.0,77.0029954587848,1.5
MNG,Mongolia,496.0,2016,69.8647,9.670928192,94.891692,-4170.877,18.5,7.239999771,89.83840942,2.923,98.0,81.46840880561,7.4
MOZ,Mozambique,508.0,2016,59.038,3.126510024,145.898725,3058.7,80.4,3.447000027,26.246521,4.992,87.0,97.7775827019476,31.5
MRT,Mauritania,478.0,2016,64.7679,4.577192976,104.729741,270.16284,80.1,10.26099968,41.32161713,4.679,73.0,44.1533685741869,8.5
MUS,Mauritius,480.0,2016,75.0114,9.666950539,98.893953,350.470322,14.5,6.809999943,99.48001099,1.4,92.0,60.9995617232116,5.8
MWI,Malawi,454.0,2016,62.2093,4.210832318,148.255421,73.899486,49.5,5.816999912,11.0,4.407,81.0,88.5540192185508,16.1
MYS,Malaysia,458.0,2016,75.2888,10.36651039,105.656672,3324.755924,8.1,3.440000057,99.90000153,2.037,93.0,65.5364804238737,3.5
NAM,Namibia,516.0,2016,61.6825,7.037678228,114.988466,360.349206,46.3,23.35000038,49.70000076,3.496,75.0,84.273551698588,20.2
NGA,Nigeria,566.0,2016,52.0427,6.436573823,122.586982,3117.793414,124.7,7.059999943,59.29999924,5.526,47.0,84.2274346046863,9.4
NIC,Nicaragua,558.0,2016,73.2562,6.796,100.484804,923.8,18.6,3.900000095,84.64011383,2.455,99.0,58.8449099154582,18.0
NLD,Netherlands,528.0,2016,81.547,12.18412018,101.67,-125430.0325,4.0,6.010000229,100.0,1.66,94.0,84.2502067602184,1.5
NOR,Norway,578.0,2016,82.4147,12.81906033,100.3,-6991.785714,2.6,4.679999828,100.0,1.71,96.0,92.8074007726079,1.5
NPL,Nepal,524.0,2016,68.7758,4.652394104,109.808865,3457.305457080882,33.7,2.868000031,90.69999695,2.027,83.0,96.2968613237807,4.5
NZL,New Zealand,554.0,2016,82.07,13.33483982,97.491056,2648.743848,5.4,5.150000095,100.0,1.87,92.0,85.5685403748843,1.5
OMN,Oman,512.0,2016,77.9158,9.968448448,98.182259,1908.972692,11.2,3.269999981,100.0,2.937,99.0,33.8794435804512,8.4
PAK,Pakistan,586.0,2016,65.8797,5.162640095,102.867819,2524.0,73.8,3.779000044,71.5502243,3.612,75.0,29.290919294435,12.4
PAN,Panama,591.0,2016,77.6529,10.11919022,101.534658,4933.595315,16.4,3.263000011,93.16477203,2.514,95.0,64.2819925673633,7.8
PER,Peru,604.0,2016,75.789,9.314760208,105.528925,5583.08986,15.0,3.74000001,94.19999695,2.297,88.0,81.4168685568667,6.9
PHL,Philippines,608.0,2016,71.3871,8.621369839,103.251289,5882.815,29.1,2.700000048,92.06650543,2.718,80.0,64.015750844629,8.8
PNG,Papua New Guinea,598.0,2016,64.8399,4.62,106.739014,-39.733003,49.7,2.483999968,49.40000153,3.657,46.0,96.6379126456223,23.2
POL,Poland,616.0,2016,77.8025,13.00481987,101.9992,4090.159735,4.7,6.159999847,100.0,1.39,96.0,74.5755392819951,1.5
PRT,Portugal,620.0,2016,81.2324,9.112580299,100.2146,4193.902576,3.6,11.06999969,100.0,1.36,98.0,83.478165698208,1.5
PRY,Paraguay,600.0,2016,73.5336,8.351449966,107.890026,3457.305457080882,21.6,5.25,98.40000153,2.479,85.0,67.6354643723423,7.7
ROU,Romania,642.0,2016,75.2458,11.08049011,97.743456,4995.771624,8.5,5.900000095,99.09999847,1.69,86.0,69.8259865633079,1.5
RUS,Russian Federation,643.0,2016,72.6609,12.56402159,107.369,10224.57976,7.5,5.559999943,100.0,1.762,98.0,77.8641263126409,1.5
RWA,Rwanda,646.0,2016,65.7373,4.195574999,125.948148,294.543436,46.0,1.144000053,29.37000084,4.123,95.0,100.764470928838,34.9
SAU,Saudi Arabia,682.0,2016,77.0643,10.08080983,97.33588,-1483.622,8.6,5.650000095,99.90000153,2.435,98.0,28.3797708664585,3.7
SDN,Sudan,729.0,2016,64.7801,3.67,131.420713,3457.305457080882,63.9,17.52000046,48.84940338,4.532,86.0,41.8473285391044,11.8
SEN,Senegal,686.0,2016,67.4969,2.818639934,110.203468,248.547255,46.5,4.460000038,64.5,4.77,93.0,59.6183454729468,9.5
SLB,Solomon Islands,90.0,2016,69.8007,5.44073206,97.272382,37.262357,22.0,0.698000014,58.32719421,4.452,82.0,95.4764048712423,18.1
SLE,Sierra Leone,694.0,2016,58.4045,4.21481171,123.603262,3457.305457080882,125.4,4.663000107,20.29999924,4.457,85.0,99.0364920636681,25.9
SLV,El Salvador,222.0,2016,72.0248,6.717559814,97.625201,347.852922,14.9,4.420000076,96.0,2.079,90.0,60.6874788969543,9.9
SOM,Somalia,706.0,2016,55.0444,8.821266942410597,103.039205,3457.305457080882,130.3,18.88899994,51.11323547,6.265,46.0,43.8304236785919,59.7
SRB,Serbia,688.0,2016,76.2609,11.13010025,98.211741,2102.20639,6.0,15.26000023,100.0,1.46,82.0,73.5391270593104,4.2
STP,Sao Tome and Principe,678.0,2016,67.4917,5.77061182,103.033646,29.60167,21.2,13.89400005,69.32051849,4.426,93.0,52.8748142629854,12.9
SUR,Suriname,740.0,2016,71.5924,9.472836021,185.49768,3457.305457080882,19.8,7.920000076,95.8163147,2.469,76.0,67.3299744361079,8.3
SVK,Slovakia,703.0,2016,77.2146,12.71166039,97.04114,710.349986,6.1,9.670000076,100.0,1.48,95.0,77.1896294011006,5.6
SVN,Slovenia,705.0,2016,81.1577,12.66755009,101.11,956.08355,2.5,8.0,100.0,1.58,92.0,84.8165034837811,1.5
SWE,Sweden,752.0,2016,82.3391,12.41359997,101.6478,14441.38571,2.8,6.989999771,100.0,1.85,97.0,90.0790432578634,1.5
SWZ,Eswatini,748.0,2016,56.6591,5.194,121.538901,28.517081,55.6,22.71999931,63.43000031,3.041,89.0,84.3866635917995,13.0
TCD,Chad,148.0,2016,52.0834,2.301458538,89.025426,3457.305457080882,124.9,1.103999972,9.263847351,5.947,37.0,68.8145449053184,28.5
TGO,Togo,768.0,2016,59.5501,4.636985989,100.259319,-303.274984,73.4,2.96600008,46.76501083,4.449,73.0,91.6821802464406,21.2
THA,Thailand,764.0,2016,78.0489,8.315620422,101.502986,-9906.454565,10.3,0.689999998,99.84996033,1.537,99.0,78.2781766961699,7.5
TLS,Timor-Leste,626.0,2016,67.4461,5.43679,98.815696,-7.188,48.4,4.659999847,76.5,4.156,73.0,84.5205130747013,24.2
TTO,Trinidad and Tobago,780.0,2016,74.281,11.23672288,109.562898,1.741017,18.8,3.210000038,100.0,1.753,86.0,71.8953732863426,6.8
TUN,Tunisia,788.0,2016,75.7861,7.196720123,104.667228,643.380214,17.1,15.56000042,100.0,2.238,96.0,38.8322215795157,1.5
TUR,Türkiye,792.0,2016,76.6605,8.099840164,109.0447,10697.0,12.1,10.84000015,100.0,2.092,98.0,45.0460506028283,1.5
TZA,United Republic of Tanzania,834.0,2016,65.3862,5.959358347,110.779204,3457.305457080882,56.0,2.157999992,32.79999924,5.015,83.0,91.1132800631158,22.7
UKR,Ukraine,804.0,2016,74.3121,11.15577802,112.097771,3793.651871,9.2,9.350000381,100.0,1.466,42.0,78.6090714955372,1.5
URY,Uruguay,858.0,2016,77.5707,8.70388031,110.902589,-1827.632035,8.4,7.840000153,99.69999695,1.991,95.0,76.4899826998465,1.5
USA,United States of America,840.0,2016,78.8482,13.34290981,97.5866,174950.0,6.7,4.869999886,100.0,1.8205,92.0,82.2557194096943,1.5
UZB,Uzbekistan,860.0,2016,70.7548,11.67308998,110.907849,1656.769546,18.0,5.199999809,100.0,2.455,99.0,65.0631780583132,1.5
VCT,Saint Vincent and the Grenadines,670.0,2016,74.2799,10.34760787,100.573933,162.424815,16.2,19.11000061,99.80084229,1.931,99.0,71.8942506021144,5.8
VEN,Venezuela (Bolivarian Republic of),862.0,2016,72.0578,10.31229973,953.574367,27.0,24.2,5.320000172,99.40000153,2.317,88.0,63.7970349419495,16.4
VNM,Viet Nam,704.0,2016,73.9382,8.12267518,103.139639,11600.0,21.6,1.850000024,99.19999695,2.03,99.0,88.3368391886163,7.8
VUT,Vanuatu,548.0,2016,69.6496,6.68,104.766185,43.014317,27.6,1.776000023,57.81999969,3.859,84.0,77.288874505861,11.2
WSM,Samoa,882.0,2016,72.5397,11.52649762,105.513761,-12.739082,18.4,8.30700016,99.62329102,3.976,75.0,57.2421872066228,4.7
YEM,Yemen,887.0,2016,66.0641,3.0,121.903092,-561.787,60.3,13.43299961,68.8595047,3.994,70.0,9.0315791406404,46.1
ZAF,South Africa,710.0,2016,64.7469,10.18788004,115.8968,-2239.488334,35.2,26.54000092,83.90000153,2.457,84.0,76.5218649825235,5.4
AFG,Afghanistan,4.0,2017,63.016,2.561424686,113.832502,42.59,64.8,11.18000031,97.69999695,4.633,67.0,28.9361754413037,23.0
AGO,Angola,24.0,2017,61.6798,5.417390823,183.757815,-8749.300466,80.6,7.407999992,43.01325989,5.6,42.0,93.9264828466799,15.4
ALB,Albania,8.0,2017,79.0473,10.91069206,107.497139,1122.69405,9.4,13.61999989,99.88999939,1.638,96.0,74.5183571677263,4.7
ARE,United Arab Emirates,784.0,2017,79.5036,12.05539989,104.268174,-3705.723,7.2,2.460000038,100.0,1.448,99.0,56.7360933056163,6.4
ARG,Argentina,32.0,2017,76.833,11.01644516,143.476356,10361.23124,10.3,8.350000381,100.0,2.275,89.0,67.6967475057438,3.1
ARM,Armenia,51.0,2017,74.9059,11.18758965,103.525785,221.878286,12.7,17.70000076,99.69999695,1.75,96.0,71.3920296807736,2.8
AUS,Australia,36.0,2017,83.0006,12.42234039,101.84973,38869.21733,3.8,5.590000153,100.0,1.741,94.0,84.6660105721004,1.5
AUT,Austria,40.0,2017,81.6391,12.15911961,104.3,4701.948504,3.6,5.5,100.0,1.52,96.0,83.6853239749318,1.5
AZE,Azerbaijan,31.0,2017,72.2478,10.54459953,137.525291,303.0,22.8,5.0,100.0,1.75,98.0,90.3518680445281,1.5
BEL,Belgium,56.0,2017,81.3618,12.23692989,104.2831,-30406.34426,4.1,7.090000153,100.0,1.65,96.0,82.3526476775414,1.5
BEN,Benin,204.0,2017,59.8558,4.010411011,100.826915,168.995331,93.2,1.644000053,34.5,4.906,68.0,95.085492611413,7.9
BFA,Burkina Faso,854.0,2017,59.5361,1.761222512,104.243617,-7.696131,94.1,4.563000202,17.21404266,5.271,88.0,78.4822170026177,12.4
BGD,Bangladesh,50.0,2017,71.7879,6.270249844,116.000498,2009.6,34.2,4.369999886,88.0,2.062,97.0,45.0602111400487,12.5
BGR,Bulgaria,100.0,2017,74.7992,11.24269962,104.336471,1483.287541,7.3,6.159999847,100.0,1.56,94.0,80.2971579265213,3.0
BIH,Bosnia and Herzegovina,70.0,2017,76.9349,9.752649784,99.5009,413.371027,6.1,20.53000069,100.0,1.276,69.0,61.2644183657743,1.5
BLR,Belarus,112.0,2017,74.4519,11.95291634,120.59984,1208.5,3.6,5.650000095,100.0,1.541,97.0,82.0338299298491,1.5
BLZ,Belize,84.0,2017,73.5624,9.339186096,99.340829,24.172,13.7,6.599999905,94.18901062,2.346,90.0,61.4115809071961,7.0
BOL,Bolivia (Plurinational State of),68.0,2017,67.7015,9.396595001,110.954091,632.781025,28.6,3.650000095,91.80000305,2.777,83.0,75.6886401667044,12.5
BRA,Brazil,76.0,2017,74.8266,7.851759911,112.1666,47544.55963,15.4,12.81999969,99.80000305,1.739,91.0,72.4569060739238,1.5
BRB,Barbados,52.0,2017,76.936,9.77397843,121.945129,233.809541,13.4,8.619999886,100.0,1.615,92.0,88.1947344335838,4.3
BRN,Brunei Darussalam,96.0,2017,74.722,9.1,101.225778,204.8675045481483,11.0,9.319999695,100.0,1.881,97.0,82.0010781161865,6.2
BWA,Botswana,72.0,2017,66.7526,10.18,105.430148,259.709235,47.8,21.56599998,67.40000153,2.91,97.0,85.7944234992409,21.3
CAN,Canada,124.0,2017,82.0192,13.76600456,100.0767,-53421.57573,5.2,6.340000153,100.0,1.54,90.0,87.6284492313788,1.5
CHE,Switzerland,756.0,2017,83.4125,13.73318529,100.3039,91200.63675,4.2,4.800000191,100.0,1.52,95.0,84.0731124269813,1.5
CHL,Chile,152.0,2017,80.3501,10.59051991,107.0929,2604.278544,7.4,6.960000038,99.69999695,1.678,93.0,68.1077596780231,2.9
CIV,Côte d'Ivoire,384.0,2017,58.4805,5.013731346,103.126809,298.983969,86.0,3.269999981,65.59999847,4.704,70.0,70.3166158547744,6.0
CMR,Cameroon,120.0,2017,60.8103,6.039564753,101.965277,792.137,80.6,3.599999905,61.03086472,4.639,65.0,86.6073369072214,6.6
COD,Democratic Republic of the Congo,180.0,2017,59.4114,6.889088258,116.044473,1047.979483,89.6,4.465000153,17.91650963,6.017,65.0,89.6934482947873,36.4
COG,Congo,178.0,2017,63.76,6.138,98.72583,4372.020131,49.1,20.55900002,46.57394791,4.482,70.0,96.6133766105335,28.3
COL,Colombia,170.0,2017,76.6456,8.362985134,113.0231,10147.13215,14.6,8.869999886,98.5,1.825,93.0,71.4745537776587,5.9
CPV,Cabo Verde,132.0,2017,76.5928,6.076351994,99.32918,119.679897,16.8,12.23999977,88.69096375,2.309,96.0,78.0217811838299,16.2
CRI,Costa Rica,188.0,2017,79.3769,8.643780231,103.0246,2652.093384,8.7,8.140000343,99.59999847,1.772,96.0,60.6046852259924,3.2
CYP,Cyprus,196.0,2017,81.328,12.18473005,96.47,744.238096,2.8,11.05000019,100.0,1.337,90.0,84.9711229738446,1.5
CZE,Czechia,203.0,2017,78.9557,12.78682041,106.4,1961.671529,3.2,2.890000105,100.0,1.69,97.0,76.2914875121461,1.5
DEU,Germany,276.0,2017,80.9442,14.10476494,105.0,-37876.10849,3.9,3.75,100.0,1.57,97.0,83.8184145988953,1.5
DJI,Djibouti,262.0,2017,62.7966,4.07,106.936486,204.8675045481483,61.8,26.05999947,60.20000076,2.785,81.0,38.7372917580983,13.5
DMA,Dominica,212.0,2017,67.5253,8.059343959,100.692414,-2.152963,33.5,7.805133339626667,100.0,2.6567582781456953,77.0,71.48873437820379,5.7
DNK,Denmark,208.0,2017,81.1112,13.011765,102.9,-5769.44338,4.0,5.829999924,100.0,1.75,97.0,87.3943873956835,1.5
DOM,Dominican Republic,214.0,2017,73.0629,8.936204255,108.375097,204.8675045481483,34.9,5.829999924,100.0,2.367,86.0,64.436310743738,6.2
DZA,Algeria,12.0,2017,75.7428,7.940606186,111.015653,1260.947166,24.3,10.33300018,99.63549042,3.045,88.0,25.2636177431848,2.7
ECU,Ecuador,218.0,2017,76.9725,8.765919685,101.812931,204.8675045481483,14.4,3.839999914,99.19999695,2.451,81.0,69.9071266945978,10.7
EGY,Egypt,818.0,2017,71.3019,9.04570961,168.258855,7209.7,21.7,11.73999977,100.0,3.37,94.0,32.8696938813099,4.9
ESP,Spain,724.0,2017,83.0295,10.07671499,103.4037,-14079.14506,3.3,17.21999931,100.0,1.31,98.0,82.3762368316189,1.5
EST,Estonia,233.0,2017,77.976,13.55548,107.2426,1061.397564,2.6,5.760000229,100.0,1.59,93.0,79.9296653505622,1.5
ETH,Ethiopia,231.0,2017,64.8383,2.854597012,123.818599,204.8675045481483,55.9,2.299000025,44.29999924,4.35,59.0,85.6236615125738,15.7
FIN,Finland,246.0,2017,81.4976,12.73937988,99.19,3438.00793,2.4,8.640000343,100.0,1.49,94.0,87.9674202058933,1.5
FJI,Fiji,242.0,2017,67.7904,10.63035965,101.181806,387.830933,25.5,4.277999878,96.0,2.788,96.0,50.237438997624,6.2
FRA,France,250.0,2017,82.4732,11.40970039,102.18,-11152.15599,4.3,9.409999847,100.0,1.89,90.0,84.9786329187634,1.5
GAB,Gabon,266.0,2017,66.1889,9.208,97.952898,1397.73833,45.5,20.72100067,86.26999664,4.008,63.0,69.7780983665753,16.1
GBR,United Kingdom of Great Britain and Northern Ireland,826.0,2017,81.1684,13.16133022,101.9,-46019.20255,4.4,4.329999924,100.0,1.74,92.0,84.6739940154246,1.5
GEO,Georgia,268.0,2017,73.5701,12.87436008,111.227323,1708.854069,9.9,13.93999958,100.0,2.062,95.0,73.3610625086676,8.1
GHA,Ghana,288.0,2017,64.0131,8.056260907,118.456337,3239.1,50.1,4.21999979,79.0,3.926,95.0,89.0082694273974,7.1
GMB,Gambia,270.0,2017,62.9955,4.180482013,120.875693,16.083258,55.1,9.484999657,56.20000076,5.281,90.0,74.3781136043125,12.2
GRC,Greece,300.0,2017,80.8501,10.54285765,99.73506,3316.475273,4.3,21.48999977,100.0,1.35,97.0,74.5909048058255,1.5
GTM,Guatemala,320.0,2017,72.5506,5.74357605,126.804669,934.06642,26.4,2.460000038,93.30000305,2.92,94.0,45.9817282665372,16.3
HKG,"China, Hong Kong SAR",344.0,2017,84.8988,12.16905022,106.43787,23980.62426,27.986092715231784,3.130000114,100.0,1.125,87.13245033112582,80.5825913338389,1.5
HND,Honduras,340.0,2017,72.6918,6.408294916,105.602798,1035.0,18.0,5.53000021,86.5,2.496,98.0,55.1656654319455,13.2
HRV,Croatia,191.0,2017,78.0832,11.92040895,101.7,1264.379074,4.8,11.21000004,100.0,1.42,89.0,78.2858036974327,1.5
HTI,Haiti,332.0,2017,63.8538,5.402,131.81249,204.8675045481483,66.0,13.87699986,43.74927139,2.986,69.0,89.4096264777358,44.6
HUN,Hungary,348.0,2017,76.0055,11.97945499,103.8145,2294.897675,4.4,4.159999847,100.0,1.54,99.0,74.2215010116349,1.5
IDN,Indonesia,360.0,2017,69.9356,8.069094896,111.228529,18502.04,25.6,3.880000114,98.13999939,2.336,90.0,63.7282316880733,5.9
IND,India,356.0,2017,70.4672,6.452129304,110.111437,28763.29224,38.6,5.357999802,92.12494659,2.243,90.0,28.1563979209184,13.2
IRL,Ireland,372.0,2017,81.9168,11.4341898,95.60786,54883.02211,3.4,6.710000038,100.0,1.77,92.0,81.1822562449136,1.5
IRN,Iran (Islamic Republic of),364.0,2017,75.9712,10.42034294,125.558481,4943.251556,14.4,12.22999954,99.94000244,2.116,99.0,24.8706371159631,5.2
IRQ,Iraq,368.0,2017,70.4126,7.860422708,97.776646,-5110.2,27.9,13.02000046,99.87207031,3.762,81.0,15.4384076420855,18.8
ISL,Iceland,352.0,2017,82.5352,13.4558567,99.66061,166.838935,2.1,2.74000001,100.0,1.71,92.0,89.3168974091493,1.5
ISR,Israel,376.0,2017,82.7195,13.15115217,96.981,9268.49,3.8,4.21999979,100.0,3.11,98.0,85.9457460870304,1.5
ITA,Italy,380.0,2017,82.7282,10.47961998,102.6,-483.819659,3.3,11.21000004,100.0,1.32,92.0,68.9694122497512,1.5
JAM,Jamaica,388.0,2017,71.9114,8.970338495,112.771563,841.24,14.6,11.63000011,97.60958099,1.993,95.0,82.8885386617343,9.0
JOR,Jordan,400.0,2017,75.5018,10.25772977,96.055879,2023.098592,16.4,18.13999939,100.0,2.849,93.0,26.950885551927,8.8
JPN,Japan,392.0,2017,84.1976,13.33075812,105.1515,-155232.2646,2.6,2.799999952,100.0,1.43,97.0,72.4813442729759,1.5
KAZ,Kazakhstan,398.0,2017,71.3958,12.07710298,125.488061,3756.1,10.5,4.900000095,100.0,2.75,99.0,83.1802239817943,1.5
KEN,Kenya,404.0,2017,62.4808,6.476,121.591737,1389.994867,45.9,3.513000011,55.97640991,3.572,89.0,93.0429445117375,25.1
KGZ,Kyrgyzstan,417.0,2017,70.5877,11.36215797,96.093915,-78.0,20.1,6.889999866,100.0,3.0,95.0,61.1895289333951,5.8
KHM,Cambodia,116.0,2017,70.5153,4.844,110.232083,2670.873,29.0,0.140000001,89.06999969,2.53,84.0,87.9889012610334,7.7
KIR,Kiribati,296.0,2017,66.5965,7.865527643,103.081506,0.661,54.5,7.805133339626667,86.17644501,3.61,81.0,71.48873437820379,3.4
KOR,Republic of Korea,410.0,2017,83.2855,12.31303351,104.4411,-16156.5,3.3,3.650000095,100.0,1.052,97.0,71.6734016497237,1.5
KWT,Kuwait,414.0,2017,79.7806,7.192820072,102.259774,-8665.324869,8.7,2.197000027,100.0,2.083,99.0,57.1258040787586,1.5
LAO,Lao People's Democratic Republic,418.0,2017,67.4344,5.202,103.834914,1676.574948,49.4,0.805000007,93.59999847,2.709,86.0,96.2803749367821,5.6
LBN,Lebanon,422.0,2017,79.6543,8.609094987,104.59922,1204.975686,7.7,10.27400017,99.87982941,2.097,82.0,32.4837264937439,6.8
LBR,Liberia,430.0,2017,60.5535,4.806,119.939983,193.66575,84.3,3.049000025,24.20000076,4.387,75.0,88.0042099129911,36.6
LKA,Sri Lanka,144.0,2017,75.4035,10.57874966,121.476764,1300.932,7.8,4.050000191,97.5,2.206,99.0,49.0534619018248,4.3
LSO,Lesotho,426.0,2017,53.0636,5.83282906,120.306252,204.8675045481483,91.0,23.20000076,33.70000076,3.171,90.0,78.9622637752114,29.5
LTU,Lithuania,440.0,2017,75.4399,13.18838978,106.6792,940.466104,4.4,7.070000172,100.0,1.63,94.0,84.0943686908276,1.5
LUX,Luxembourg,442.0,2017,81.734,12.65323261,104.8,-41579.96408,2.8,5.519999981,100.0,1.39,99.0,86.3766395146427,1.5
LVA,Latvia,428.0,2017,74.8054,13.05903006,107.6008,575.004802,4.4,8.720000267,100.0,1.69,96.0,81.3746653754412,1.5
MAR,Morocco,504.0,2017,73.6603,5.648,105.673223,1665.084606,21.2,9.241999626,100.0,2.451,99.0,33.591368636155,3.7
MDG,Madagascar,450.0,2017,65.0938,5.027301993,124.350403,251.862206,55.5,1.822999954,24.10000038,4.13,55.0,94.1724969529533,42.3
MEX,Mexico,484.0,2017,74.1378,8.742489815,115.6086,30212.541,15.2,3.420000076,100.0,2.157,76.0,55.3693748342107,6.1
MKD,North Macedonia,807.0,2017,76.4766,9.710748672,99.431827,203.281707,9.6,22.37999916,100.0,1.43,83.0,63.1400038645827,2.8
MLI,Mali,466.0,2017,59.1322,2.09,100.691651,548.445015,100.9,7.409999847,34.77999878,5.968,70.0,72.1128316121745,3.1
MLT,Malta,470.0,2017,83.5867,11.56434488,107.277313,10644.36574,6.6,4.0,100.0,1.26,91.0,68.0918057587544,1.5
MMR,Myanmar,104.0,2017,65.843,6.094084787,113.696621,204.8675045481483,48.5,1.559999943,69.81483459,2.168,83.0,61.7306008808728,3.0
MNE,Montenegro,499.0,2017,76.9388,11.94692704,100.118402,547.139097,3.2,16.06999969,100.0,1.78,58.0,76.2776452753272,1.5
MNG,Mongolia,496.0,2017,70.2375,9.609121227,101.814455,1445.736,17.6,6.360000134,92.51256561,2.914,99.0,82.2664647318554,6.3
MOZ,Mozambique,508.0,2017,59.7709,3.064209938,148.522253,2267.1,78.0,3.450999975,24.29999924,4.922,87.0,98.041471669617,31.4
MRT,Mauritania,478.0,2017,65.0827,4.691063614,106.609795,577.579766,77.7,10.34000015,42.90000153,4.619,75.0,44.1218980544783,8.5
MUS,Mauritius,480.0,2017,74.8812,9.914224809,104.273497,390.766853,14.9,6.75,99.61000061,1.44,89.0,61.2287222208955,6.0
MWI,Malawi,454.0,2017,62.9769,4.303786674,154.654156,93.599679,46.2,5.760000229,12.69999981,4.302,83.0,88.986323920182,16.6
MYS,Malaysia,458.0,2017,75.4763,10.45936012,109.678496,3760.333129,8.3,3.410000086,99.95248413,2.019,93.0,66.0959571739782,3.2
NAM,Namibia,516.0,2017,62.2931,7.089123245,117.774322,345.584586,44.9,21.63899994,52.5,3.447,80.0,86.2561212825166,19.9
NGA,Nigeria,566.0,2017,52.3052,6.697552363,146.32575,2102.144197,122.5,8.390000343,54.40000153,5.457,54.0,83.118047024354,10.0
NIC,Nicaragua,558.0,2017,73.5536,6.912,106.18326,970.9,17.9,3.299999952,85.98983765,2.43,99.0,59.3657777301656,17.2
NLD,Netherlands,528.0,2017,81.7291,12.25356531,104.21,-2533.862022,4.0,4.840000153,100.0,1.62,93.0,84.7620182798334,1.5
NOR,Norway,578.0,2017,82.624,12.94715977,100.9,-3628.529668,2.5,4.159999847,100.0,1.62,96.0,93.2180983044942,1.5
NPL,Nepal,524.0,2017,68.9099,4.808860316,112.880441,204.8675045481483,32.1,3.318000078,87.89634705,1.967,90.0,96.9446538614665,4.2
NZL,New Zealand,554.0,2017,82.2189,13.2373023,99.661719,2201.206472,5.2,4.739999771,100.0,1.81,93.0,85.6465471491551,1.5
OMN,Oman,512.0,2017,77.9243,10.38984642,99.918291,494.148245,11.2,2.565000057,100.0,2.92,99.0,33.9293177380724,8.4
PAK,Pakistan,586.0,2017,66.2972,5.115049839,108.177304,2444.0,71.6,3.915999889,70.79000092,3.562,76.0,28.2335972503233,12.1
PAN,Panama,591.0,2017,77.7954,10.25965691,100.249409,4038.804,15.9,3.858999968,93.69999695,2.487,98.0,65.4213283348874,6.7
PER,Peru,604.0,2017,75.879,9.535280228,103.763002,6360.423388,14.4,3.690000057,94.80000305,2.275,83.0,81.876933398673,7.6
PHL,Philippines,608.0,2017,71.5156,8.446499825,106.870966,6951.710899,28.5,2.549999952,93.0,2.64,78.0,61.2647956625542,7.5
PNG,Papua New Guinea,598.0,2017,65.1028,4.66,108.130052,-180.14535,48.2,2.506999969,54.40000153,3.61,38.0,96.6089825352256,23.1
POL,Poland,616.0,2017,77.7205,13.04480243,107.4939,7002.855004,4.6,4.889999866,100.0,1.48,94.0,74.3019846098175,1.5
PRT,Portugal,620.0,2017,81.498,9.218230247,102.5012,8501.561794,3.6,8.869999886,100.0,1.38,98.0,83.7772141083934,1.5
PRY,Paraguay,600.0,2017,73.6436,8.468514919,116.93755,204.8675045481483,20.9,4.610000134,99.30000305,2.453,92.0,67.9616088127884,7.8
ROU,Romania,642.0,2017,75.9519,11.14865017,101.721614,5516.069633,7.9,4.929999828,100.0,1.71,86.0,71.0151398358449,1.5
RUS,Russian Federation,643.0,2017,73.3743,12.72337438,108.1254,-8199.560283,6.9,5.210000038,100.0,1.621,98.0,78.0074819330267,1.5
RWA,Rwanda,646.0,2017,65.9409,4.265272498,118.192012,340.74993,44.6,1.136999965,34.09999847,4.088,97.0,100.947180244028,34.7
SAU,Saudi Arabia,682.0,2017,77.1605,10.22029972,97.83605,-5860.755581,8.1,5.889999866,99.93000031,2.373,96.0,25.6338770586103,3.7
SDN,Sudan,729.0,2017,65.4447,3.72,173.096308,204.8675045481483,62.0,17.53300095,50.75471878,4.469,90.0,42.159538567693,11.8
SEN,Senegal,686.0,2017,67.7503,2.830689907,106.38809,505.877698,44.0,3.690000057,61.70000076,4.697,90.0,59.8307044912202,8.5
SLB,Solomon Islands,90.0,2017,69.9882,5.54073206,97.543941,35.774318,21.4,0.707000017,62.90000153,4.434,84.0,95.4455025136615,17.7
SLE,Sierra Leone,694.0,2017,58.6517,4.335234901,145.767098,204.8675045481483,120.7,4.663000107,23.39999962,4.359,80.0,99.7025717719652,27.2
SLV,El Salvador,222.0,2017,72.3108,6.825099945,100.057369,888.844522,14.3,4.389999866,96.80000305,2.059,85.0,59.6092575176024,9.2
SOM,Somalia,706.0,2017,55.6536,8.912001003556291,109.730318,204.8675045481483,126.1,18.88199997,52.09999847,6.168,46.0,44.1145551423416,58.9
SRB,Serbia,688.0,2017,76.213,11.16240025,102.262252,2731.690344,5.9,13.47999954,100.0,1.49,86.0,74.4092183579956,4.0
STP,Sao Tome and Principe,678.0,2017,68.2666,5.918941025,111.819651,28.862385,19.5,13.97399998,74.26999664,4.374,90.0,53.1759480877881,12.5
SUR,Suriname,740.0,2017,72.417,9.573077564,208.451762,204.8675045481483,19.3,7.903999805,96.69633484,2.443,76.0,67.6110107815562,8.3
SVK,Slovakia,703.0,2017,77.219,12.76618004,103.3361,2691.386169,6.0,8.130000114,100.0,1.52,96.0,77.7766304476955,4.4
SVN,Slovenia,705.0,2017,81.0714,12.70028973,104.07,559.41528,2.4,6.559999943,100.0,1.62,93.0,85.1827848396052,1.5
SWE,Sweden,752.0,2017,82.4382,12.48604965,104.5453,-11461.41123,2.8,6.71999979,100.0,1.78,97.0,90.1294345515871,1.5
SWZ,Eswatini,748.0,2017,57.8951,5.328,124.729533,-121.494111,57.9,22.75300026,73.5,3.018,89.0,85.0930938527003,12.4
TCD,Chad,148.0,2017,52.3076,2.388868544,90.912186,204.8675045481483,121.1,1.118999958,10.89999962,5.846,37.0,68.2895610231698,29.1
TGO,Togo,768.0,2017,60.1544,4.763593115,99.172933,121.135249,71.1,3.74000001,48.0,4.384,77.0,92.2771427979857,21.0
THA,Thailand,764.0,2017,78.3939,8.343885422,101.702837,-5931.879643,9.9,0.829999983,99.90000153,1.532,99.0,77.9600525621021,7.7
TLS,Timor-Leste,626.0,2017,67.7454,5.43679,99.617446,204.8675045481483,46.8,4.760000229,79.77896118,4.093,77.0,84.7657483159936,24.6
TTO,Trinidad and Tobago,780.0,2017,74.2301,11.35999926,113.475858,-458.86375,18.3,3.275000095,100.0,1.739,93.0,71.0064978277013,6.9
TUN,Tunisia,788.0,2017,75.8448,7.274176324,112.874418,823.336123,17.1,15.32999992,100.0,2.219,98.0,38.8016025991594,1.5
TUR,Türkiye,792.0,2017,77.1408,8.268190384,124.0791,8339.0,11.4,10.81999969,100.0,2.081,96.0,46.2865127849378,1.5
TZA,United Republic of Tanzania,834.0,2017,65.9987,6.094134093,117.639741,204.8675045481483,54.1,2.177000046,32.25117493,4.953,90.0,91.240025833075,23.0
UKR,Ukraine,804.0,2017,74.7181,11.14765882,131.963987,3684.0,8.9,9.5,100.0,1.374,86.0,77.7268276162358,1.5
URY,Uruguay,858.0,2017,77.6247,8.831359863,116.519395,-2078.605372,7.8,7.889999866,99.80000305,1.983,96.0,76.8824905693918,1.5
USA,United States of America,840.0,2017,78.8213,13.42226505,98.46566,-32485.0,6.6,4.360000134,100.0,1.7655,91.0,82.7427730470309,1.5
UZB,Uzbekistan,860.0,2017,71.0095,11.72383976,139.447995,1788.320487,16.8,5.800000191,100.0,2.419,99.0,64.9124756194785,1.5
VCT,Saint Vincent and the Grenadines,670.0,2017,74.3052,10.83343029,104.521528,102.785926,15.6,19.18199921,99.97770691,1.911,99.0,72.1938182911767,5.7
VEN,Venezuela (Bolivarian Republic of),862.0,2017,71.943,10.57076027,11086.187138,-2302.0,24.2,5.050000191,99.19999695,2.294,96.0,61.2737637993091,22.2
VNM,Viet Nam,704.0,2017,73.9632,8.205210209,101.286235,13620.0,21.4,1.870000005,100.0,2.042,97.0,88.1322079350373,7.2
VUT,Vanuatu,548.0,2017,69.7095,6.76,111.462978,37.182055,26.9,1.745000005,62.79999924,3.82,80.0,77.208763024062,12.3
WSM,Samoa,882.0,2017,72.59,11.49582322,110.697788,8.979044,18.1,8.578000069,96.80000305,3.926,67.0,57.2464165853128,4.6
YEM,Yemen,887.0,2017,65.9573,3.0,128.044919,-275.451,60.2,13.29699993,79.19999695,3.89,65.0,8.99949794310724,46.6
ZAF,South Africa,710.0,2017,65.402,10.14218044,120.7918,-5362.809409,34.6,27.04000092,84.40000153,2.43,81.0,77.4333733831436,5.5
AFG,Afghanistan,4.0,2018,63.081,2.659188987,113.490296,78.91,62.3,11.15200043,96.61613464,4.473,71.0,29.4739178697398,24.0
AGO,Angola,24.0,2018,62.1438,5.417390823,211.993524,-6461.790581,77.3,7.421000004,45.29000092,5.519,50.0,94.1019195082736,15.7
ALB,Albania,8.0,2018,79.1838,11.09698316,110.638289,1207.129445,9.5,12.30000019,100.0,1.617,94.0,76.1208647546987,4.6
ARE,United Arab Emirates,784.0,2018,79.6274,12.48400021,105.564297,-4694.006,7.0,2.351999998,100.0,1.413,99.0,54.0172796887255,6.2
ARG,Argentina,32.0,2018,76.9994,11.10470009,216.878531,10070.636,9.7,9.220000267,99.98957825,2.261,94.0,69.737121048085,3.4
ARM,Armenia,51.0,2018,75.0645,11.23515987,105.20448,247.133658,12.1,18.96999931,99.90000153,1.755,95.0,66.0791226833094,2.9
AUS,Australia,36.0,2018,83.3871,12.55362034,103.387085,60677.87796,3.7,5.300000191,100.0,1.74,94.0,85.2441495619991,1.5
AUT,Austria,40.0,2018,81.6862,12.20790482,105.1,-324.439639,3.6,4.849999905,100.0,1.47,94.0,83.3114761068965,1.5
AZE,Azerbaijan,31.0,2018,72.7601,10.54176044,137.288192,-358.0,21.5,4.900000095,100.0,1.73,96.0,90.7093386426792,1.5
BEL,Belgium,56.0,2018,81.4787,12.30630493,105.8205,-8677.660575,4.2,5.949999809,100.0,1.62,96.0,83.8767093940339,1.5
BEN,Benin,204.0,2018,60.1403,4.157598728,101.594,184.303164,90.9,1.470000029,39.24691772,4.836,68.0,95.3772047366391,8.1
BFA,Burkina Faso,854.0,2018,60.0466,1.91952002,103.823713,200.701559,90.8,4.690000057,14.39999962,5.189,88.0,78.6856265274451,12.7
BGD,Bangladesh,50.0,2018,72.5675,6.385879993,122.142365,3590.06,32.4,4.413000107,91.80000305,2.036,97.0,45.2600711346385,11.5
BGR,Bulgaria,100.0,2018,74.8983,11.29952653,107.007477,894.007137,7.0,5.210000038,100.0,1.56,93.0,79.4763697519418,2.8
BIH,Bosnia and Herzegovina,70.0,2018,77.0926,9.812379837,99.6182,598.51228,6.0,18.39999962,100.0,1.265,68.0,59.2661777243117,1.5
BLR,Belarus,112.0,2018,74.5676,12.04824839,127.57051,1371.3,3.4,4.760000229,100.0,1.448,98.0,80.6324630958392,1.5
BLZ,Belize,84.0,2018,73.7031,9.175324059,98.723919,117.557047,12.9,6.644000053,91.72000122,2.307,97.0,61.845175578091,6.7
BOL,Bolivia (Plurinational State of),68.0,2018,67.748,9.630357265,113.008593,386.834085,27.4,3.519999981,92.80000305,2.73,89.0,79.4491292216721,12.1
BRA,Brazil,76.0,2018,75.1095,7.982019901,116.6876,76138.00314,15.2,12.32999992,99.69999695,1.73,92.0,73.004276734606,1.5
BRB,Barbados,52.0,2018,77.067,9.813339513,120.550901,232.392,13.0,8.319999695,100.0,1.619,85.0,87.379324570731,4.1
BRN,Brunei Darussalam,96.0,2018,74.7118,9.14,101.336234,3746.7932979629636,11.2,8.699999809,100.0,1.848,99.0,78.7885000818116,5.8
BWA,Botswana,72.0,2018,65.4224,10.26,105.225589,368.033857,47.0,22.07099915,68.22926331,2.874,97.0,86.6825414817812,21.5
CAN,Canada,124.0,2018,82.0508,13.80017348,102.5556,-19177.07579,5.1,5.829999924,100.0,1.5,90.0,88.0250433280405,1.5
CHE,Switzerland,756.0,2018,83.5615,13.79969025,101.7886,-111804.8905,4.1,4.710000038,100.0,1.52,95.0,84.7385020994044,1.5
CHL,Chile,152.0,2018,80.1334,10.76136507,110.1873,6450.385411,7.2,7.230000019,100.0,1.649,93.0,69.6119817472602,2.7
CIV,Côte d'Ivoire,384.0,2018,58.8494,5.106435161,103.930573,475.678486,83.2,3.292999983,67.14739227,4.649,75.0,70.6254258566964,5.2
CMR,Cameroon,120.0,2018,61.1798,6.095438148,104.1522,651.895417,77.3,3.617000103,62.20000076,4.572,59.0,86.8278573108204,6.9
COD,Democratic Republic of the Congo,180.0,2018,59.9417,7.018696516,117.852991,1407.563588,86.6,4.451000214,18.56829071,5.919,64.0,89.8786445071286,36.3
COG,Congo,178.0,2018,64.0531,6.152,97.762748,4301.636044,47.6,20.61400032,47.41667557,4.428,75.0,96.9446465349154,29.3
COL,Colombia,170.0,2018,76.7479,8.504469872,115.13,6408.802152,14.1,9.109999657,98.5,1.807,95.0,70.8294033305572,6.2
CPV,Cabo Verde,132.0,2018,75.7331,6.181132228,100.100364,120.475466,15.8,12.17000008,90.41175079,2.274,99.0,78.0683713753084,15.4
CRI,Costa Rica,188.0,2018,79.4835,8.72317028,103.3305,2283.145638,8.4,9.630000114,99.69999695,1.754,94.0,62.6788395015394,3.2
CYP,Cyprus,196.0,2018,81.382,12.28287983,98.5,5591.122985,2.8,8.369999886,100.0,1.329,90.0,84.5783192999612,1.5
CZE,Czechia,203.0,2018,79.0039,12.8280654,105.8,2347.807863,3.1,2.24000001,100.0,1.71,96.0,76.8039838532999,1.5
DEU,Germany,276.0,2018,81.1717,14.07738018,106.1,-24170.99172,3.8,3.380000114,100.0,1.57,97.0,83.7693849459793,1.5
DJI,Djibouti,262.0,2018,63.0381,4.0,110.019595,3746.7932979629636,59.7,26.18899918,60.5641861,2.728,86.0,39.2952916364589,13.1
DMA,Dominica,212.0,2018,73.59,8.100764979,102.838259,-37.216296,34.4,7.512159997086666,100.0,2.6256986754966887,84.0,71.57028054915692,5.7
DNK,Denmark,208.0,2018,80.99,12.86071014,102.7,1567.948914,3.9,5.130000114,100.0,1.73,95.0,86.9877243258767,1.5
DOM,Dominican Republic,214.0,2018,73.2323,9.106114462,108.344358,3746.7932979629636,34.8,5.860000134,98.90000153,2.346,91.0,64.7886596979437,6.1
DZA,Algeria,12.0,2018,76.0656,8.004686727,110.86839,620.816595,23.8,10.42000008,99.69783783,3.023,80.0,25.0532818615054,1.5
ECU,Ecuador,218.0,2018,77.0938,8.782986323,101.142593,3746.7932979629636,13.9,3.529999971,98.69999695,2.427,83.0,68.9076689980583,11.6
EGY,Egypt,818.0,2018,71.3669,9.305633501,187.105598,7817.8,20.9,9.819999695,100.0,3.326,94.0,27.1091224976609,4.9
ESP,Spain,724.0,2018,83.1436,10.1423502,104.7927,15761.0313,3.3,15.25,100.0,1.26,98.0,82.265881859633,1.5
EST,Estonia,233.0,2018,78.1395,13.65631008,109.1138,1439.710943,2.4,5.369999886,100.0,1.67,87.0,80.4902694626804,1.5
ETH,Ethiopia,231.0,2018,65.4117,3.028058847,137.970999,3746.7932979629636,53.2,2.318000078,44.94060135,4.247,55.0,85.9981967812308,18.2
FIN,Finland,246.0,2018,81.6266,12.80649996,100.31,-13625.98196,2.4,7.360000134,100.0,1.41,96.0,88.4749371107682,1.5
FJI,Fiji,242.0,2018,67.8096,10.77497021,106.336351,474.61411,26.2,4.333000183,99.37250519,2.774,96.0,50.341010283947,5.5
FRA,France,250.0,2018,82.5909,11.50988007,104.85,-67450.26997,4.3,9.020000458,100.0,1.87,90.0,85.4176711166084,1.5
GAB,Gabon,266.0,2018,66.3064,9.322,104.745253,1441.999149,44.1,20.74900055,89.8815155,3.969,59.0,69.3882169424989,17.0
GBR,United Kingdom of Great Britain and Northern Ireland,826.0,2018,81.1254,13.24292692,102.6,23874.89794,4.3,4.0,100.0,1.68,92.0,84.901602077937,1.5
GEO,Georgia,268.0,2018,73.3414,12.84828997,113.078113,966.099219,9.7,12.67000008,99.90000153,2.06,98.0,75.5061220107643,7.8
GHA,Ghana,288.0,2018,64.122,8.193073801,128.767478,2908.0,48.1,4.276000023,80.40000153,3.87,92.0,89.33622300214,6.2
GMB,Gambia,270.0,2018,63.04,4.332817146,128.593068,51.459211,53.1,9.475999832,60.29999924,5.219,91.0,74.5492486366724,13.1
GRC,Greece,300.0,2018,81.3907,10.83141518,100.1118,3496.392928,4.2,19.29000092,100.0,1.35,97.0,73.8288277709968,1.5
GTM,Guatemala,320.0,2018,72.7257,5.712438107,132.698445,777.86225,25.4,2.279999971,94.42923737,2.87,89.0,46.4592229846994,16.2
HKG,"China, Hong Kong SAR",344.0,2018,85.2456,12.19762993,110.41326,22044.39625,27.09867549668874,2.819999933,100.0,1.072,87.2251655629139,80.4311634570359,1.5
HND,Honduras,340.0,2018,72.8141,6.287879944,107.15464,895.2,17.4,5.650000095,91.59999847,2.46,91.0,60.3048456086067,13.1
HRV,Croatia,191.0,2018,78.337,12.05498697,102.2,970.585942,4.7,8.430000305,100.0,1.47,93.0,79.2860241779735,1.5
HTI,Haiti,332.0,2018,64.0188,5.478,155.233742,3746.7932979629636,64.1,13.85999966,44.96234512,2.935,69.0,89.6618059358229,45.4
HUN,Hungary,348.0,2018,76.2039,12.06949997,108.4742,3387.932566,4.2,3.710000038,100.0,1.55,99.0,74.0424380433489,1.5
IDN,Indonesia,360.0,2018,70.3375,8.162039757,115.018191,12510.62,24.6,4.400000095,98.51000214,2.311,89.0,64.5958021437086,5.9
IND,India,356.0,2018,70.7095,6.55361925,108.308901,30709.27574,36.3,5.329999924,95.69999695,2.222,93.0,27.9071642409396,13.3
IRL,Ireland,372.0,2018,82.0863,11.50796839,94.24897,-25716.48567,3.3,5.739999771,100.0,1.75,92.0,81.7858081765849,1.5
IRN,Iran (Islamic Republic of),364.0,2018,76.195,10.52784353,190.769168,2298.398889,13.9,12.18999958,100.0,2.137,99.0,24.8086736424256,5.2
IRQ,Iraq,368.0,2018,71.5143,7.88291085,98.478632,-5073.5,27.0,12.9659996,99.90000153,3.672,85.0,15.5060373475688,18.1
ISL,Iceland,352.0,2018,82.7703,13.59160824,104.3018,-457.432313,2.1,2.700000048,100.0,1.71,93.0,89.3497953045969,1.5
ISR,Israel,376.0,2018,82.8232,13.24765522,100.7463,15428.008,3.7,4.0,100.0,3.09,98.0,87.6051462356544,1.5
ITA,Italy,380.0,2018,83.1847,10.56645012,103.4,4864.361363,3.2,10.60999966,100.0,1.29,93.0,69.2031855699771,1.5
JAM,Jamaica,388.0,2018,71.793,9.062015112,115.318634,762.029257,14.2,9.100000381,98.48712158,1.979,89.0,82.3266871884212,8.1
JOR,Jordan,400.0,2018,75.7743,10.3508997,100.6889,962.535211,16.0,18.27000046,99.90000153,2.761,92.0,23.8239923284903,11.2
JPN,Japan,392.0,2018,84.2971,13.34510708,103.5386,-133838.3347,2.6,2.400000095,100.0,1.42,97.0,73.736010121895,1.5
KAZ,Kazakhstan,398.0,2018,71.4717,12.21006966,131.625938,4722.68655,10.3,4.849999905,100.0,2.84,99.0,83.2353971199642,1.5
KEN,Kenya,404.0,2018,62.6765,6.564,124.678383,1128.18902,44.3,4.249000072,61.2845726,3.492,89.0,93.9259721529979,24.7
KGZ,Kyrgyzstan,417.0,2018,70.728,11.36813177,93.59001,139.0,19.2,6.886000156,100.0,3.3,96.0,59.4721252280934,5.4
KHM,Cambodia,116.0,2018,70.5609,4.966,112.32988,3083.623,27.7,0.143000007,81.07565308,2.503,84.0,87.8775344169387,6.6
KIR,Kiribati,296.0,2018,66.8545,7.865527643,103.09966,-1.265676,52.8,7.512159997086666,88.10316467,3.569,84.0,71.57028054915692,3.9
KOR,Republic of Korea,410.0,2018,83.3427,12.41257949,108.8606,-26037.8,3.2,3.819999933,100.0,0.977,98.0,72.1617142327846,1.5
KWT,Kuwait,414.0,2018,79.7217,7.216040134,102.165351,-3511.045943,8.7,2.164999962,100.0,2.082,98.0,57.1088199592661,1.5
LAO,Lao People's Democratic Republic,418.0,2018,67.6341,5.288,104.462433,1319.609787,47.5,0.827000022,97.79715729,2.667,86.0,96.3657379970754,5.3
LBN,Lebanon,422.0,2018,79.729,8.663865494,111.058604,2026.788724,7.4,10.79599953,99.69999695,2.087,82.0,32.6825651712314,7.1
LBR,Liberia,430.0,2018,60.8532,4.944,156.491773,45.054252,82.5,3.029999971,22.87913322,4.315,74.0,88.3776488029819,37.5
LKA,Sri Lanka,144.0,2018,75.748,10.64155006,116.053694,1546.187,7.5,4.320000172,99.56487274,2.199,99.0,45.9062862304535,4.1
LSO,Lesotho,426.0,2018,53.733,5.921506884,126.652872,3746.7932979629636,90.6,22.81299973,47.0,3.141,90.0,79.3266498059164,28.7
LTU,Lithuania,440.0,2018,75.6767,13.29162661,106.0702,272.410991,4.0,6.150000095,100.0,1.63,92.0,83.6116469094289,1.5
LUX,Luxembourg,442.0,2018,81.8035,12.82510172,107.26,-28379.54018,2.8,5.590000153,100.0,1.38,99.0,87.2690573885075,1.5
LVA,Latvia,428.0,2018,75.0012,13.18325043,108.2293,761.716259,4.2,7.409999847,100.0,1.6,98.0,81.6167093349231,1.5
MAR,Morocco,504.0,2018,73.9863,5.782,102.672525,2776.797014,20.3,9.265000343,98.09999847,2.415,99.0,33.7657963932904,3.8
MDG,Madagascar,450.0,2018,65.2697,5.073239803,132.739542,234.655349,53.7,1.843000054,36.5,4.077,52.0,94.3916761116176,44.3
MEX,Mexico,484.0,2018,74.0146,8.933190346,121.93,25365.0234,14.6,3.279999971,99.5,2.129,97.0,56.1712623191341,6.0
MKD,North Macedonia,807.0,2018,77.3142,9.883215904,100.03379,712.953931,8.1,20.73999977,99.80000305,1.42,75.0,63.7911618506285,2.5
MLI,Mali,466.0,2018,59.3934,2.2,97.42881,467.005894,97.4,7.427999973,50.90000153,5.877,70.0,72.2901468165704,3.4
MLT,Malta,470.0,2018,83.3448,11.84057999,111.978916,11465.91172,6.5,3.660000086,100.0,1.23,96.0,70.6716666388658,1.5
MMR,Myanmar,104.0,2018,66.4646,6.235442423,121.901377,3746.7932979629636,46.8,0.870000005,66.22727966,2.154,93.0,62.9239830095684,2.6
MNE,Montenegro,499.0,2018,77.1595,12.06115893,101.629954,380.84072,2.9,15.17000008,100.0,1.76,42.0,74.8133678160714,1.5
MNG,Mongolia,496.0,2018,71.1992,9.547314262,111.113693,2136.695,16.8,5.380000114,98.09999847,2.895,99.0,77.0769610685998,5.5
MOZ,Mozambique,508.0,2018,60.5261,3.130214992,148.776964,2728.336174,75.6,3.45600009,31.10000038,4.852,87.0,98.3448742090219,31.0
MRT,Mauritania,478.0,2018,65.31,4.804934252,111.83439,769.253477,75.5,10.38500023,44.3121376,4.561,78.0,44.3199914958823,8.6
MUS,Mauritius,480.0,2018,74.9194,10.16782419,103.209065,362.098104,15.4,6.429999828,99.44884491,1.41,99.0,62.0703650529159,6.0
MWI,Malawi,454.0,2018,63.2758,4.396741029,173.212655,958.876636,43.1,5.757999897,18.02000046,4.209,87.0,89.4339986833492,16.8
MYS,Malaysia,458.0,2018,75.6444,10.55220985,110.3488,2503.873233,8.4,3.299999952,99.99224091,2.001,96.0,66.3271096648352,2.7
NAM,Namibia,516.0,2018,62.5859,7.140568261,123.856492,110.072432,43.9,19.87999916,54.00289536,3.396,82.0,88.3889656268398,20.0
NGA,Nigeria,566.0,2018,52.5536,6.958530903,166.099407,209.678288,119.9,8.456000328,56.5,5.387,56.0,82.0195129564551,10.4
NIC,Nicaragua,558.0,2018,73.8497,7.028,108.715382,762.5,17.3,5.199999809,87.11667633,2.404,99.0,58.8037631805481,17.4
NLD,Netherlands,528.0,2018,81.7741,12.32301044,105.28,133049.9828,4.1,3.829999924,100.0,1.59,93.0,84.9144164230823,1.5
NOR,Norway,578.0,2018,82.7605,12.97539473,104.3,-11182.41623,2.4,3.799999952,100.0,1.56,96.0,93.0686106718929,1.5
NPL,Nepal,524.0,2018,68.9786,4.965326529,113.360375,3746.7932979629636,30.6,3.193000078,93.91999817,1.917,91.0,97.3953813038141,4.3
NZL,New Zealand,554.0,2018,82.3803,13.13976479,99.944849,1971.274333,5.0,4.329999924,100.0,1.71,92.0,86.2385793583841,1.5
OMN,Oman,512.0,2018,77.9659,10.81124439,99.43606,5224.967491,11.1,1.799999952,100.0,2.888,99.0,33.8864712501753,7.9
PAK,Pakistan,586.0,2018,66.482,4.825690031,108.227914,1758.0,69.5,4.079999924,72.78310394,3.51,79.0,27.2056865755486,12.3
PAN,Panama,591.0,2018,77.8629,10.4001236,100.986153,5243.481978,15.4,3.832999945,94.9285202,2.461,98.0,66.4335597758715,6.0
PER,Peru,604.0,2018,76.0089,9.755800247,106.220434,6831.285592,13.8,3.49000001,95.19999695,2.254,85.0,82.5178020560051,7.6
PHL,Philippines,608.0,2018,71.689,8.707799911,114.019828,5832.900584,27.9,2.339999914,94.44826508,2.576,77.0,62.6251630985943,6.2
PNG,Papua New Guinea,598.0,2018,65.1822,4.7,111.078005,-646.863896,46.8,2.563999891,55.72738647,3.564,37.0,96.662273385587,22.6
POL,Poland,616.0,2018,77.6282,13.08478498,108.4999,15105.22558,4.5,3.849999905,100.0,1.46,93.0,74.6114109602131,1.5
PRT,Portugal,620.0,2018,81.3947,9.144709587,102.8113,6315.900834,3.6,6.989999771,100.0,1.42,99.0,84.5962705767075,1.5
PRY,Paraguay,600.0,2018,73.5676,8.585579872,116.235925,3746.7932979629636,20.2,6.21999979,99.59999847,2.429,93.0,70.4256688360083,7.8
ROU,Romania,642.0,2018,76.1546,11.21188498,104.874985,5839.824652,7.4,4.190000057,100.0,1.76,90.0,70.2650739552791,1.5
RUS,Russian Federation,643.0,2018,73.5306,12.72389289,113.8306,-22592.02925,6.3,4.849999905,100.0,1.579,98.0,78.3228659671164,1.5
RWA,Rwanda,646.0,2018,66.2505,4.334969997,110.014264,363.947452,43.4,1.110999942,36.96815109,4.044,99.0,101.103641478212,34.7
SAU,Saudi Arabia,682.0,2018,77.2115,10.58370972,104.6926,-15005.20938,7.7,6.039999962,100.0,2.319,98.0,27.8388528516299,3.8
SDN,Sudan,729.0,2018,65.681,3.77,324.047105,3746.7932979629636,60.1,17.57999992,52.44700241,4.407,88.0,42.4890383585354,11.8
SEN,Senegal,686.0,2018,68.0966,2.883815558,108.246612,795.033245,41.7,3.275000095,66.0,4.625,86.0,60.104064715087,7.8
SLB,Solomon Islands,90.0,2018,70.1733,5.54073206,100.423406,15.84092,20.7,0.723999977,66.17976379,4.403,93.0,95.4088972322783,17.6
SLE,Sierra Leone,694.0,2018,59.7959,4.455658093,164.383768,3746.7932979629636,116.2,4.659999847,26.10000038,4.263,87.0,100.415628674465,27.7
SLV,El Salvador,222.0,2018,72.5546,6.968569994,100.421334,826.046956,13.8,4.010000229,97.0,2.039,81.0,59.719889114536,8.4
SOM,Somalia,706.0,2018,56.3754,9.005791167476822,116.2677,3746.7932979629636,122.0,18.85000038,50.7649765,6.072,46.0,44.3806962868419,56.6
SRB,Serbia,688.0,2018,76.5115,11.26613522,104.997662,3727.714827,5.8,12.72999954,100.0,1.49,92.0,74.2756147306394,3.8
STP,Sao Tome and Principe,678.0,2018,68.3549,6.06727023,122.654136,20.809647,18.1,14.06099987,71.0,4.321,95.0,53.5478910039298,12.8
SUR,Suriname,740.0,2018,72.5532,9.673319107,220.933045,3746.7932979629636,18.7,7.926000118,97.40000153,2.418,77.0,68.0783755008058,8.0
SVK,Slovakia,703.0,2018,77.264,12.86622047,104.1848,1353.39027,5.9,6.539999962,100.0,1.54,96.0,77.0969083170278,3.9
SVN,Slovenia,705.0,2018,81.3581,12.75198507,104.65,1103.309189,2.3,5.110000134,100.0,1.6,93.0,84.010878693269,1.5
SWE,Sweden,752.0,2018,82.5326,12.54788494,106.5675,-13613.08657,2.7,6.360000134,100.0,1.76,97.0,90.4063600653668,1.5
SWZ,Eswatini,748.0,2018,59.4114,5.462,125.360303,46.987009,52.2,22.79199982,73.91577911,2.99,85.0,85.6422188266728,11.8
TCD,Chad,148.0,2018,52.8253,2.479598405,86.781599,3746.7932979629636,117.3,1.129999995,10.11404037,5.747,42.0,67.7619666808442,30.3
TGO,Togo,768.0,2018,60.244,4.890200241,102.054219,-253.593282,68.8,3.729000092,50.0,4.32,71.0,92.9612098003533,20.7
THA,Thailand,764.0,2018,78.6622,8.372150421,102.622863,-4181.659339,9.4,0.769999981,99.81999969,1.525,96.0,77.9428072993662,7.8
TLS,Timor-Leste,626.0,2018,68.0167,5.43679,101.120727,3746.7932979629636,45.1,4.730999947,85.38140106,4.023,77.0,84.8911109303532,25.1
TTO,Trinidad and Tobago,780.0,2018,73.8018,11.48462809,113.573682,-765.227465,17.7,3.336999893,100.0,1.725,90.0,70.48050008236,7.0
TUN,Tunisia,788.0,2018,75.9501,7.352466164,119.667987,1001.939274,17.0,15.46000004,99.80000305,2.197,96.0,38.8200629796684,1.5
TUR,Türkiye,792.0,2018,77.5631,8.450664997,155.2405,9235.0,10.7,10.89000034,100.0,2.069,96.0,47.0051552140557,1.5
TZA,United Republic of Tanzania,834.0,2018,66.5346,6.231957903,118.796311,3746.7932979629636,52.1,2.20600009,35.04802322,4.892,88.0,91.385207788737,23.3
UKR,Ukraine,804.0,2018,74.4122,11.13953963,142.239616,4459.969953,8.6,8.800000191,100.0,1.301,91.0,76.8570916657486,1.5
URY,Uruguay,858.0,2018,77.611,8.906729698,124.416806,-500.171772,7.3,8.340000153,99.80000305,1.973,97.0,77.5822391130002,1.5
USA,United States of America,840.0,2018,78.9896,13.50162029,99.05235,417813.0,6.5,3.900000095,100.0,1.7295,92.0,82.8208287795206,1.5
UZB,Uzbekistan,860.0,2018,71.1494,11.77458954,160.223543,622.775299,15.8,5.835000038,100.0,2.604,96.0,64.7184570296676,1.5
VCT,Saint Vincent and the Grenadines,670.0,2018,74.1279,10.83343029,104.252374,105.226297,15.1,19.18000031,100.0,1.891,99.0,72.6228962391954,5.5
VEN,Venezuela (Bolivarian Republic of),862.0,2018,71.9788,10.8356987,15946997.067729,225.0,24.2,5.021999836,99.91120148,2.272,74.0,58.0759031940015,22.7
VNM,Viet Nam,704.0,2018,73.9757,8.287745237,106.442999,14902.0,21.3,1.159999967,100.0,2.049,97.0,86.9320998957127,6.8
VUT,Vanuatu,548.0,2018,69.7948,6.84,114.94016,36.108564,26.3,1.809000015,61.75451279,3.782,75.0,77.1965031827501,12.6
WSM,Samoa,882.0,2018,72.6358,11.46514881,109.340413,16.684417,17.8,8.68599987,99.99447632,3.877,40.0,57.226636713145,4.5
YEM,Yemen,887.0,2018,64.5751,3.2,134.901926,-285.704,61.6,13.14500046,62.0,3.792,64.0,8.99992611462765,44.7
ZAF,South Africa,710.0,2018,65.6743,10.7576704,124.1032,1373.439645,33.9,26.90999985,84.69999695,2.405,81.0,77.657899812107,5.7
AFG,Afghanistan,4.0,2019,63.5645,2.756953288,119.067918,12.586666,60.1,11.21700001,97.69999695,4.321,64.0,30.0098803224511,26.9
AGO,Angola,24.0,2019,62.4484,5.417390823,252.263872,-1749.052913,74.2,7.421000004,45.64279938,5.442,51.0,94.3309199504084,17.9
ALB,Albania,8.0,2019,79.2825,11.28645502,113.430423,1160.122963,9.7,11.47000027,100.0,1.597,95.0,77.829119439077,4.3
ARE,United Arab Emirates,784.0,2019,79.7262,12.69402981,104.435251,-3351.498637,6.8,2.230000019,100.0,1.387,99.0,53.9476897747383,6.0
ARG,Argentina,32.0,2019,77.2845,11.14726927,340.091177,5123.845949,9.1,9.840000153,100.0,2.247,86.0,70.4379197289097,3.5
ARM,Armenia,51.0,2019,75.4386,11.2827301,104.877866,396.632618,11.5,18.29999924,100.0,1.758,95.0,68.5374316759537,3.1
AUS,Australia,36.0,2019,83.11,12.65668964,106.077455,29958.1441,3.7,5.159999847,100.0,1.657,94.0,85.7140863884792,1.5
AUT,Austria,40.0,2019,81.9077,12.25669003,106.0,-9926.827669,3.6,4.489999771,100.0,1.46,95.0,83.5567332700303,1.5
AZE,Azerbaijan,31.0,2019,73.1023,10.5429697,142.912168,-927.8,20.4,4.849999905,100.0,1.81,98.0,90.8177576735683,1.5
BEL,Belgium,56.0,2019,81.8311,12.37567997,106.2867,1305.307654,4.2,5.360000134,100.0,1.6,96.0,84.2876271052249,1.5
BEN,Benin,204.0,2019,60.4537,4.304786445,96.63285,191.058358,88.4,1.470000029,40.32868958,4.767,68.0,95.699388968029,7.7
BFA,Burkina Faso,854.0,2019,60.0391,2.114962259,98.208717,146.537696,87.8,4.69299984,18.37485504,5.109,88.0,78.9247422790987,14.1
BGD,Bangladesh,50.0,2019,72.8057,6.549980164,129.304981,2846.37,30.7,4.438000202,92.19999695,2.011,97.0,45.3819431498933,11.0
BGR,Bulgaria,100.0,2019,75.0624,11.35635344,114.476757,1296.870197,6.6,4.230000019,100.0,1.58,95.0,79.297398408181,3.0
BIH,Bosnia and Herzegovina,70.0,2019,77.2412,10.17434978,101.0793,396.82428,5.9,15.68999958,100.0,1.254,68.0,64.1367387370302,1.5
BLR,Belarus,112.0,2019,74.216,12.14358044,133.005014,1277.1,3.1,4.159999847,100.0,1.382,98.0,81.3964858579563,1.5
BLZ,Belize,84.0,2019,73.9313,9.011462021,99.546054,91.791742,12.3,6.710999966,92.72000122,2.274,96.0,61.9857853255183,6.8
BOL,Bolivia (Plurinational State of),68.0,2019,67.841,9.86411953,115.232584,-264.951156,26.3,3.819999933,95.08000183,2.688,79.0,75.2931136783232,11.9
BRA,Brazil,76.0,2019,75.3379,8.128813955,124.141857,46354.54687,14.9,11.93000031,99.80000305,1.719,91.0,73.9107629468767,2.6
BRB,Barbados,52.0,2019,77.2569,9.852700596,135.506459,187.541323,12.6,8.409999847,100.0,1.623,92.0,89.6154422186879,3.7
BRN,Brunei Darussalam,96.0,2019,74.7483,9.18,100.926443,1648.6662224962963,11.4,6.920000076,100.0,1.819,97.0,75.6857529182077,5.8
BWA,Botswana,72.0,2019,65.4636,10.34,108.382356,73.812243,45.9,22.61000061,69.95973969,2.836,97.0,87.5781325158709,22.1
CAN,Canada,124.0,2019,82.3628,13.83442722,105.8136,-31060.61006,5.1,5.659999847,100.0,1.47,90.0,87.6606768307749,1.5
CHE,Switzerland,756.0,2019,83.7802,13.85966015,101.0811,-35354.63697,4.0,4.389999866,100.0,1.48,95.0,85.5131122415837,1.5
CHL,Chile,152.0,2019,80.3263,10.9349663,114.3097,3247.162005,7.0,7.289999962,100.0,1.627,95.0,70.5696962733958,2.6
CIV,Côte d'Ivoire,384.0,2019,59.3185,5.199138977,107.557312,816.170219,80.3,3.318000078,68.45955658,4.593,73.0,70.9253775689133,4.7
CMR,Cameroon,120.0,2019,61.5839,6.151311543,106.976975,899.655389,74.7,3.638000011,63.48987961,4.506,60.0,87.0814926993125,6.7
COD,Democratic Republic of the Congo,180.0,2019,60.2757,7.018696516,119.661508,1354.128941,83.8,4.451000214,19.10000038,5.819,65.0,90.1380277649383,37.7
COG,Congo,178.0,2019,62.7467,6.166,102.808461,3343.439176,52.5,20.62199974,48.40747452,4.374,73.0,97.3616530669878,29.9
COL,Colombia,170.0,2019,76.7523,8.643030167,121.8075,11094.92219,13.6,9.960000038,99.75592041,1.789,95.0,70.2903203472456,7.2
CPV,Cabo Verde,132.0,2019,76.0042,6.287719287,104.367955,133.766588,14.9,12.21899986,91.40000153,2.242,98.0,77.0088453497317,14.5
CRI,Costa Rica,188.0,2019,79.4272,8.763615131,103.8196,2631.191771,8.2,11.48999977,99.70999908,1.737,95.0,67.865746260714,3.4
CYP,Cyprus,196.0,2019,81.397,12.36152506,100.27,5946.380562,2.8,7.070000172,100.0,1.321,86.0,83.4194656236306,1.5
CZE,Czechia,203.0,2019,79.2433,12.86931038,110.9,5980.25424,3.0,2.00999999,100.0,1.71,92.0,76.7405877884051,1.5
DEU,Germany,276.0,2019,81.5584,14.09096691,108.1,-85215.25598,3.7,3.140000105,100.0,1.54,97.0,83.8961655439241,1.5
DJI,Djibouti,262.0,2019,63.0854,4.1,117.519103,1648.6662224962963,57.8,26.35700035,61.21192932,2.676,83.0,39.8126228948539,13.1
DMA,Dominica,212.0,2019,73.5588,8.142186,104.650506,32.509877,35.0,7.326819989953333,100.0,2.5924900662251655,92.0,71.82062180387764,6.5
DNK,Denmark,208.0,2019,81.4337,12.91060019,103.6,-7816.839987,3.7,5.019999981,100.0,1.7,96.0,86.7330723027126,1.5
DOM,Dominican Republic,214.0,2019,73.5767,9.306864107,116.067323,1648.6662224962963,34.4,6.360000134,99.0,2.323,96.0,67.2437864676114,7.0
DZA,Algeria,12.0,2019,76.4742,8.069284397,110.615938,1350.821964,23.3,10.51299953,99.5,2.988,80.0,24.8778600511553,1.5
ECU,Ecuador,218.0,2019,77.2971,8.800052961,100.51045,1648.6662224962963,13.4,3.809999943,99.08999634,2.403,83.0,69.5980981425602,13.7
EGY,Egypt,818.0,2019,71.3575,9.573026174,190.438451,8605.0,20.1,7.840000153,100.0,3.28,95.0,23.2177785318814,5.0
ESP,Spain,724.0,2019,83.5321,10.37387514,106.5367,-11156.68617,3.3,14.10000038,100.0,1.23,98.0,83.0689884749571,1.5
EST,Estonia,233.0,2019,78.6693,13.60237026,112.3214,1104.045129,2.3,4.449999809,100.0,1.66,88.0,81.6089458144985,1.5
ETH,Ethiopia,231.0,2019,65.8377,3.201520681,169.321469,1648.6662224962963,50.8,2.325999975,48.063591,4.146,58.0,86.3618502108756,21.9
FIN,Finland,246.0,2019,81.8706,12.87362003,102.08,8746.456862,2.3,6.690000057,100.0,1.35,96.0,88.2625637628626,1.5
FJI,Fiji,242.0,2019,67.8933,10.92154799,109.295441,357.018375,26.9,4.447999954,99.71588135,2.754,96.0,50.3535157207613,4.9
FRA,France,250.0,2019,82.7315,11.61005974,107.01,-4698.43587,4.3,8.409999847,100.0,1.86,92.0,85.9053644832313,1.5
GAB,Gabon,266.0,2019,66.6028,9.436,107.114183,1586.915986,43.0,20.74200058,90.72629547,3.922,62.0,69.0977638231608,16.6
GBR,United Kingdom of Great Britain and Northern Ireland,826.0,2019,81.725,13.32452361,104.3,51535.20668,4.3,3.74000001,100.0,1.63,91.0,85.7551502779942,1.5
GEO,Georgia,268.0,2019,73.4696,12.82221985,127.035973,1029.239069,9.5,11.56999969,100.0,2.055,99.0,75.096091358079,7.8
GHA,Ghana,288.0,2019,64.7401,8.329886695,136.06047,3291.0,46.4,4.315999985,83.5,3.816,92.0,89.6812728500574,5.2
GMB,Gambia,270.0,2019,63.7549,4.485152279,138.418569,43.449211,51.2,9.498000145,62.09999847,5.154,85.0,74.7793606979974,18.0
GRC,Greece,300.0,2019,81.2489,11.11997271,100.4421,4377.753366,4.2,17.30999947,100.0,1.34,97.0,73.9591489322727,1.5
GTM,Guatemala,320.0,2019,73.1289,5.681300163,140.599917,799.43959,24.5,2.190000057,95.74200439,2.822,90.0,46.9761774134312,16.3
HKG,"China, Hong Kong SAR",344.0,2019,85.2735,12.22620964,125.288914,20512.08557,26.29072847682119,2.930000067,100.0,1.051,87.3907284768212,81.4828491957872,1.5
HND,Honduras,340.0,2019,72.8811,7.088479996,110.37471,499.5,16.8,5.699999809,91.09999847,2.427,89.0,54.4167796494713,13.3
HRV,Croatia,191.0,2019,78.7376,12.19108434,104.3,1168.408197,4.6,6.619999886,100.0,1.47,93.0,78.4779124507357,1.5
HTI,Haiti,332.0,2019,64.2546,5.554,193.97349,1648.6662224962963,62.2,13.91499996,45.99023438,2.887,65.0,89.475797767869,46.4
HUN,Hungary,348.0,2019,76.4543,12.15954494,114.6414,1035.833809,4.1,3.420000076,100.0,1.55,99.0,73.3738411503334,1.5
IDN,Indonesia,360.0,2019,70.5184,8.359274864,117.127899,20531.07,23.8,3.619999886,98.84999847,2.288,88.0,65.3889966053136,6.2
IND,India,356.0,2019,70.9098,6.655109195,121.47525,37414.1958,34.4,5.269999981,97.30826569,2.202,95.0,28.9152844020892,14.6
IRL,Ireland,372.0,2019,82.2586,11.58222303,93.3754,97736.86968,3.2,4.949999809,100.0,1.71,91.0,81.924650980726,1.5
IRN,Iran (Islamic Republic of),364.0,2019,76.1031,10.63645314,245.587773,1423.17937,13.4,10.73999977,100.0,2.146,99.0,24.1222054446192,4.9
IRQ,Iraq,368.0,2019,71.5764,7.905593489,97.174943,-3269.8,26.1,12.86299992,99.99200439,3.597,82.0,15.6177256339543,17.4
ISL,Iceland,352.0,2019,82.4042,13.72735977,105.4117,-766.352436,2.0,3.50999999,100.0,1.74,93.0,89.4512896965601,1.5
ISR,Israel,376.0,2019,82.8123,13.3448664,100.848,10449.438,3.6,3.799999952,100.0,3.01,99.0,88.1201458350572,1.5
ITA,Italy,380.0,2019,83.552,10.65328026,104.2,-1641.150104,3.0,9.949999809,100.0,1.27,94.0,69.7432229106494,1.5
JAM,Jamaica,388.0,2019,71.767,9.154628661,127.671928,219.425,13.7,7.690000057,99.36762238,1.965,94.0,82.2956976666479,7.5
JOR,Jordan,400.0,2019,76.044,10.39878988,100.780312,686.338028,15.5,16.80999947,100.0,2.691,87.0,21.870117888073,14.6
JPN,Japan,392.0,2019,84.4258,13.36610034,105.1098,-212095.5282,2.5,2.400000095,100.0,1.36,96.0,74.6507092730735,2.8
KAZ,Kazakhstan,398.0,2019,71.5675,12.34756189,144.382136,5498.133124,10.1,4.800000191,100.0,2.9,99.0,83.3040574829362,1.5
KEN,Kenya,404.0,2019,62.9432,6.652,137.168267,1087.606645,43.0,5.010000229,69.69999695,3.423,89.0,94.8662257996371,25.6
KGZ,Kyrgyzstan,417.0,2019,71.2301,11.37410556,98.966598,399.0,18.3,6.918000221,99.87423706,3.3,96.0,59.3321193967595,5.2
KHM,Cambodia,116.0,2019,70.6923,5.088,116.106655,3560.089918,26.6,0.147,84.0,2.478,84.0,87.7852960793181,6.0
KIR,Kiribati,296.0,2019,67.1497,7.984461822,100.712548,-0.680613,51.2,7.326819989953333,90.03285217,3.53,94.0,71.82062180387764,4.0
KOR,Republic of Korea,410.0,2019,83.6557,12.51293027,109.0106,-25604.7,3.1,3.75,100.0,0.918,98.0,73.155356368518,1.5
KWT,Kuwait,414.0,2019,79.685,7.328022618,103.959382,2599.868473,8.8,2.167000055,100.0,2.077,97.0,57.1593448672026,1.5
LAO,Lao People's Democratic Republic,418.0,2019,68.1382,5.374,115.198284,557.17653,45.7,0.851999998,99.09208679,2.626,83.0,96.429072828965,5.4
LBN,Lebanon,422.0,2019,79.2359,8.718636,121.908011,1752.043454,7.2,11.35000038,99.97486877,2.075,82.0,32.8430997633038,9.0
LBR,Liberia,430.0,2019,61.1044,5.082,192.40867,-15.291099,80.4,3.015000105,23.10000038,4.247,68.0,88.7749214554898,39.2
LKA,Sri Lanka,144.0,2019,76.0084,10.63134003,126.086374,680.824,7.2,4.349999905,99.75856781,2.188,99.0,46.0588856825976,3.7
LSO,Lesotho,426.0,2019,54.1726,6.010184707,136.021313,1648.6662224962963,90.9,22.44000053,44.50020981,3.108,90.0,79.6748838595978,31.2
LTU,Lithuania,440.0,2019,76.2119,13.39486345,109.8271,1026.077047,3.6,6.260000229,100.0,1.61,93.0,84.4199787628351,1.5
LUX,Luxembourg,442.0,2019,82.1434,13.01519217,108.57,-19680.36755,2.8,5.590000153,100.0,1.34,99.0,85.3263983334538,1.5
LVA,Latvia,428.0,2019,75.5337,13.25271988,110.8273,979.540478,4.1,6.309999943,100.0,1.61,99.0,81.8581357719282,1.5
MAR,Morocco,504.0,2019,74.2705,5.916,103.321325,826.966533,19.5,9.279999733,99.59999847,2.382,99.0,33.9119284951106,4.4
MDG,Madagascar,450.0,2019,65.8821,5.120468534,136.881016,372.693195,51.9,1.856999993,31.04000092,4.026,55.0,94.6094551876149,47.4
MEX,Mexico,484.0,2019,74.2021,9.077120304,125.0005,23111.5909,14.1,3.480000019,99.59999847,2.103,73.0,57.9519132348188,6.0
MKD,North Macedonia,807.0,2019,77.2928,10.05568314,100.959197,406.681819,6.8,17.26000023,100.0,1.34,75.0,67.9723518256038,3.1
MLI,Mali,466.0,2019,59.6637,2.31,94.593246,719.627077,94.2,7.441999912,47.83627701,5.785,70.0,72.5283629236722,5.6
MLT,Malta,470.0,2019,83.2065,12.02542019,114.311594,-3325.863807,6.5,3.619999886,100.0,1.14,96.0,72.1099354145287,1.5
MMR,Myanmar,104.0,2019,66.6104,6.37680006,131.434593,1648.6662224962963,45.2,0.5,68.35852814,2.138,84.0,60.9689604969387,1.5
MNE,Montenegro,499.0,2019,77.0396,12.17648306,104.888964,341.589923,2.6,15.11999989,100.0,1.77,33.0,76.514221042433,1.5
MNG,Mongolia,496.0,2019,71.8221,9.485507298,120.358801,2316.369,16.0,5.43900013,97.2299118,2.867,98.0,78.1669795505964,4.0
MOZ,Mozambique,508.0,2019,61.1662,3.197641838,160.659254,2242.540616,72.9,3.46600008,29.67444992,4.783,87.0,98.665797018613,31.8
MRT,Mauritania,478.0,2019,65.6869,4.918804891,114.636994,882.137692,73.0,10.39299965,45.83003235,4.503,75.0,44.5357092283685,9.2
MUS,Mauritius,480.0,2019,75.1179,10.42791048,106.459744,414.139934,16.0,6.329999924,100.0,1.4,99.0,63.0412965482323,7.2
MWI,Malawi,454.0,2019,64.1188,4.489695385,206.617952,822.738227,40.6,5.751999855,11.19999981,4.127,92.0,89.9372949692092,17.6
MYS,Malaysia,458.0,2019,75.7603,10.64505959,112.192136,1582.275213,8.6,3.25999999,100.0,1.983,97.0,66.4551680358981,2.6
NAM,Namibia,516.0,2019,63.075,7.192013277,126.020767,-188.066954,41.9,19.98800087,55.17708969,3.344,80.0,88.398834829429,18.9
NGA,Nigeria,566.0,2019,52.9104,7.181074153,190.323452,2019.780966,116.9,8.529999733,55.40000153,5.317,57.0,80.9329907389603,12.0
NIC,Nicaragua,558.0,2019,74.0543,7.144,114.51457,443.9,16.6,5.210999966,88.05832672,2.377,99.0,58.2366878237903,17.5
NLD,Netherlands,528.0,2019,82.0455,12.4523201,109.19,-35903.79681,4.1,3.380000114,100.0,1.57,94.0,85.602218463357,1.5
NOR,Norway,578.0,2019,82.9552,13.00362968,103.9,10727.04546,2.3,3.690000057,100.0,1.53,97.0,93.9355977746743,1.5
NPL,Nepal,524.0,2019,69.5576,5.121792742,124.398854,1648.6662224962963,29.3,3.096999884,89.90000153,1.876,92.0,97.6525856365147,4.8
NZL,New Zealand,554.0,2019,82.5665,13.04222727,102.021134,4450.300584,4.9,4.110000134,100.0,1.72,92.0,87.2582577244187,1.5
OMN,Oman,512.0,2019,78.0022,11.23264236,100.593415,2793.237972,11.1,1.84800005,100.0,2.842,99.0,33.8737147167073,8.8
PAK,Pakistan,586.0,2019,66.7558,4.536330223,129.513161,2319.0,67.3,3.542000055,74.12769318,3.454,81.0,27.0938996212181,14.1
PAN,Panama,591.0,2019,77.8103,10.54059029,100.580114,4954.730423,14.8,4.725999832,95.81632996,2.437,97.0,69.5463315846963,5.4
PER,Peru,604.0,2019,76.1559,9.885518863,106.490989,7114.750971,13.3,3.380000114,95.55136108,2.233,85.0,82.5647730508278,8.1
PHL,Philippines,608.0,2019,71.8649,8.969099998,116.01065,5320.429169,27.1,2.24000001,95.64508057,2.526,75.0,64.151801473444,5.5
PNG,Papua New Guinea,598.0,2019,65.4738,4.74,113.668646,-1235.832336,45.3,2.448999882,59.66297531,3.52,37.0,96.5954280078173,21.9
POL,Poland,616.0,2019,77.9272,13.12476754,115.8519,9562.311574,4.4,3.279999971,100.0,1.44,93.0,74.0924928134551,1.5
PRT,Portugal,620.0,2019,81.7007,9.327420235,102.9757,8739.916513,3.4,6.460000038,100.0,1.43,99.0,85.075245807791,1.5
PRY,Paraguay,600.0,2019,73.6207,8.810709953,120.445677,1648.6662224962963,19.5,6.590000153,99.69999695,2.405,87.0,71.2346462142789,8.2
ROU,Romania,642.0,2019,76.5079,11.27511978,110.202634,5428.33346,7.1,3.910000086,100.0,1.77,90.0,69.7065155404309,1.5
RUS,Russian Federation,643.0,2019,73.9332,12.77428805,116.9295,10051.6397,5.8,4.5,100.0,1.504,98.0,78.3984110789773,1.5
RWA,Rwanda,646.0,2019,66.437,4.425292358,136.213369,348.412177,41.9,1.09800005,40.36860657,3.99,96.0,101.310342262754,35.2
SAU,Saudi Arabia,682.0,2019,77.3036,10.94711971,107.777,-8984.491912,7.3,5.672999859,100.0,2.275,95.0,33.3774003672401,3.9
SDN,Sudan,729.0,2019,65.8755,3.82,529.102963,1648.6662224962963,58.4,17.65399933,53.96253967,4.347,90.0,42.8296051308212,11.7
SEN,Senegal,686.0,2019,68.5258,2.937938258,108.512115,994.398786,39.7,2.859999895,70.40000153,4.556,89.0,60.4360653814832,7.4
SLB,Solomon Islands,90.0,2019,70.3821,5.711848,102.225621,28.782783,20.0,0.754999995,69.80941772,4.361,81.0,95.404350709726,17.8
SLE,Sierra Leone,694.0,2019,60.2549,4.576081285,173.23978,1648.6662224962963,111.9,4.649000168,22.70000076,4.169,93.0,101.234326834993,27.9
SLV,El Salvador,222.0,2019,72.5586,7.112040043,101.622361,635.763348,13.3,4.170000076,97.36000061,2.021,82.0,60.0044990421996,8.3
SOM,Somalia,706.0,2019,57.0776,9.114034893980131,120.683446,1648.6662224962963,118.3,18.82799911,49.20000076,5.978,46.0,44.6782390989822,54.8
SRB,Serbia,688.0,2019,76.704,11.36987019,107.101824,3975.3558,5.7,10.39000034,99.80000305,1.52,87.0,75.0961420115116,3.7
STP,Sao Tome and Principe,678.0,2019,68.5231,6.215599435,134.360492,23.252893,17.0,14.14400005,74.96720123,4.267,95.0,53.9680262702146,13.0
SUR,Suriname,740.0,2019,72.2423,9.77680063,231.836234,1648.6662224962963,18.1,8.039999962,97.82541656,2.394,64.0,67.8608277138726,8.0
SVK,Slovakia,703.0,2019,77.6851,12.91141987,109.631,2295.455821,5.8,5.75,100.0,1.57,96.0,77.378747991203,3.7
SVN,Slovenia,705.0,2019,81.6042,12.80368042,108.06,837.138362,2.3,4.449999809,100.0,1.61,94.0,84.5462667407787,1.5
SWE,Sweden,752.0,2019,83.0524,12.60972023,109.2784,-5436.889673,2.7,6.829999924,100.0,1.71,97.0,90.3837653854615,1.5
SWZ,Eswatini,748.0,2019,60.5492,5.596,128.711027,108.013607,48.0,22.83699989,76.86943817,2.958,81.0,86.3210741953572,11.1
TCD,Chad,148.0,2019,53.2594,2.57377421,86.673816,1648.6662224962963,113.5,1.123000026,8.399999619,5.649,41.0,68.1074053282573,31.7
TGO,Togo,768.0,2019,60.9011,5.016807367,98.785612,302.854813,66.5,3.719000101,52.36310959,4.259,75.0,93.7322244919486,20.1
THA,Thailand,764.0,2019,78.9751,8.697119713,104.402913,-5327.519459,9.0,0.720000029,99.90000153,1.514,96.0,78.1587277371171,8.0
TLS,Timor-Leste,626.0,2019,68.2684,5.43679,101.321165,1648.6662224962963,43.7,4.505000114,90.79865265,3.943,85.0,84.8280827903501,25.0
TTO,Trinidad and Tobago,780.0,2019,74.2279,11.61062419,112.399794,69.81377,17.2,3.421999931,100.0,1.711,99.0,70.0128901784776,7.3
TUN,Tunisia,788.0,2019,75.9933,7.431598614,126.6,822.986928,16.9,15.13000011,100.0,2.174,98.0,38.787717550213,2.6
TUR,Türkiye,792.0,2019,77.8318,8.63313961,172.1427,6323.0,10.1,13.67000008,100.0,2.055,97.0,47.6784759028082,1.5
TZA,United Republic of Tanzania,834.0,2019,66.9885,6.37289871,126.277242,1648.6662224962963,50.5,2.221999884,37.65968704,4.832,88.0,91.5553382415404,23.4
UKR,Ukraine,804.0,2019,74.5364,11.13142043,149.027759,5212.41434,8.4,8.18999958,100.0,1.228,93.0,75.9992608703839,2.6
URY,Uruguay,858.0,2019,77.5085,8.982549667,142.088241,1246.533976,6.7,8.880000114,99.90000153,1.963,96.0,78.1353459192447,1.5
USA,United States of America,840.0,2019,79.138,13.59252501,99.76737,167860.0,6.4,3.670000076,100.0,1.706,90.0,83.206167405427,1.5
UZB,Uzbekistan,860.0,2019,71.3441,11.89558983,190.232668,2313.394057,14.8,5.849999905,100.0,2.785,98.0,64.5326797992506,1.5
VCT,Saint Vincent and the Grenadines,670.0,2019,72.8347,10.83343029,105.149554,119.316914,14.6,19.28000069,100.0,1.872,99.0,72.7272690177362,6.6
VEN,Venezuela (Bolivarian Republic of),862.0,2019,72.1614,11.10727736,1288889115.455544,-142.0,24.2,5.096000195,99.97681427,2.25,93.0,51.4415353024037,24.9
VNM,Viet Nam,704.0,2019,74.0929,8.370280266,116.199618,15655.0,21.1,2.039999962,99.40000153,2.05,95.0,87.0467137315038,6.2
VUT,Vanuatu,548.0,2019,69.8769,7.064846,123.246759,34.961323,25.6,1.800999999,64.59018707,3.744,80.0,77.176973716292,12.4
WSM,Samoa,882.0,2019,72.1572,11.43447441,114.669831,-6.466036,17.4,8.406000137,99.19999695,3.83,96.0,57.2506207019963,4.4
YEM,Yemen,887.0,2019,65.0917,3.2,143.908187,-374.314,61.5,13.05599976,72.75107574,3.7,67.0,9.00792495806297,42.8
ZAF,South Africa,710.0,2019,66.175,11.37316036,128.9982,1978.346847,33.0,28.46999931,85.0,2.381,83.0,77.6079960230803,6.3
AFG,Afghanistan,4.0,2020,62.5751,2.854717589,128.002089,-24.142135,58.0,11.71000004,97.69999695,4.176,66.0,24.6858778957205,29.8
AGO,Angola,24.0,2020,62.2612,5.417390823,330.372845,-1956.982582,71.5,8.333000183,46.89060974,5.371,44.0,93.4262284145821,20.8
ALB,Albania,8.0,2020,76.9893,11.28645502,116.338895,1017.126096,9.8,13.32900047,100.0,1.58,91.0,75.8574481545003,3.9
ARE,United Arab Emirates,784.0,2020,78.9457,12.69402981,108.084044,947.138965,6.6,3.187999964,100.0,1.369,99.0,52.4171051177432,5.6
ARG,Argentina,32.0,2020,75.8921,11.14726927,483.12659,2888.722899,8.6,11.46000004,100.0,2.233,77.0,70.5190413038846,3.7
ARM,Armenia,51.0,2020,72.173,11.33030033,110.065339,144.575322,10.9,21.20599937,100.0,1.76,94.0,67.2182603892526,3.5
AUS,Australia,36.0,2020,84.3239,12.72681999,108.479571,10974.58167,3.7,6.460000038,100.0,1.581,93.0,85.965111246242,1.5
AUT,Austria,40.0,2020,81.5036,12.25669003,109.0723,-14126.46004,3.6,5.360000134,100.0,1.44,95.0,84.0869513565137,1.5
AZE,Azerbaijan,31.0,2020,66.8679,10.5429697,148.740532,-318.2,19.4,6.462999821,100.0,1.7,82.0,88.8703613779578,1.5
BEL,Belgium,56.0,2020,80.7884,12.37567997,108.0026,-1789.822114,4.2,5.550000191,100.0,1.55,96.0,84.3573143972422,1.5
BEN,Benin,204.0,2020,60.088,4.304786445,100.80699,151.767219,85.9,1.583999991,41.41095734,4.7,65.0,95.6994808935357,7.4
BFA,Burkina Faso,854.0,2020,59.7306,2.114962259,103.618644,126.448072,85.0,4.894999981,18.95723915,5.029,88.0,78.9247368132726,18.0
BGD,Bangladesh,50.0,2020,71.9678,7.379059792,136.211324,2551.98,29.1,5.413000107,96.19999695,1.987,97.0,43.9716398838606,11.4
BGR,Bulgaria,100.0,2020,73.6453,11.41318035,116.637022,2222.199978,6.1,5.119999886,99.69999695,1.56,88.0,78.7835547370671,3.0
BIH,Bosnia and Herzegovina,70.0,2020,76.2254,10.53631973,101.7047,375.874698,5.7,15.26500034,100.0,1.243,68.0,61.5526673338134,1.5
BLR,Belarus,112.0,2020,72.5132,12.14358044,141.238025,1314.6,2.9,4.768000126,100.0,1.382,97.0,80.6414687538633,1.5
BLZ,Belize,84.0,2020,72.854,8.847599983,102.805625,71.753426,11.7,8.461999893,97.11333466,2.246,82.0,60.4123290044822,7.4
BOL,Bolivia (Plurinational State of),68.0,2020,64.4667,9.827750206,114.329014,-946.246411,25.4,7.900000095,97.55412292,2.651,74.0,73.6668537064432,13.9
BRA,Brazil,76.0,2020,74.0089,8.128813955,141.626625,50586.15178,14.7,13.68999958,100.0,1.706,79.0,70.7926537556154,4.1
BRB,Barbados,52.0,2020,77.3929,9.852700596,140.72365,254.6,12.2,10.37699986,100.0,1.628,89.0,87.5764454650535,3.4
BRN,Brunei Darussalam,96.0,2020,74.7949,9.18,105.672775,1284.4077504545457,11.5,7.68200016,100.0,1.796,99.0,74.9596620025112,5.9
BWA,Botswana,72.0,2020,65.6471,10.34,112.275703,63.132069,44.8,24.93000031,71.99475861,2.796,87.0,86.1498725017271,21.9
CAN,Canada,124.0,2020,82.0471,13.83442722,106.3802,-24832.36439,5.0,9.460000038,100.0,1.4,90.0,86.6996901450935,1.5
CHE,Switzerland,756.0,2020,83.067,13.85966015,100.6567,-63939.47576,4.0,4.820000172,100.0,1.46,97.0,85.1738789518793,1.5
CHL,Chile,152.0,2020,79.3769,10.9349663,123.0354,-3196.84402,6.8,11.18000031,100.0,1.611,91.0,67.032107708069,2.6
CIV,Côte d'Ivoire,384.0,2020,59.0318,5.199138977,110.586129,350.473618,77.9,3.487999916,69.67912292,4.536,66.0,70.9257211272929,4.4
CMR,Cameroon,120.0,2020,60.8328,6.151311543,110.712969,403.717252,72.2,3.836999893,64.72136688,4.443,62.0,87.0815038295774,6.7
COD,Democratic Republic of the Congo,180.0,2020,59.7392,7.018696516,121.470025,1498.084808,81.2,5.265999794,19.10000038,5.718,62.0,88.4185710691881,39.8
COG,Congo,178.0,2020,63.7852,6.166,101.593885,3988.358114,44.6,22.84300041,49.51710129,4.321,68.0,95.3458016844893,31.6
COL,Colombia,170.0,2020,74.7692,8.862859726,127.6561,5724.090215,13.2,15.03999996,100.0,1.771,90.0,66.2366566020452,8.2
CPV,Cabo Verde,132.0,2020,74.8077,6.287719287,101.698239,117.943223,14.2,15.30599976,94.16174316,2.213,95.0,74.8333524672419,17.7
CRI,Costa Rica,188.0,2020,79.277,8.804059982,107.7201,1623.994024,7.9,17.40999985,99.90000153,1.721,95.0,65.3893754933724,3.4
CYP,Cyprus,196.0,2020,81.3905,12.44017029,100.64,2307.321422,2.8,7.590000153,100.0,1.313,86.0,81.682472266188,1.5
CZE,Czechia,203.0,2020,78.5746,12.86931038,110.8,3150.153362,2.9,2.549999952,100.0,1.71,94.0,76.0570630823282,1.5
DEU,Germany,276.0,2020,81.1472,14.09096691,108.5,701.177376,3.7,3.809999943,100.0,1.53,97.0,85.4192973687762,1.5
DJI,Djibouti,262.0,2020,62.6943,4.1,118.879304,1284.4077504545457,55.9,28.38999939,61.76708221,2.627,62.0,38.7512437261787,13.5
DMA,Dominica,212.0,2020,73.649,8.142186,104.497231,25.129679,35.4,8.594233343053332,100.0,2.5529569536423837,92.0,71.02581837859424,6.9
DNK,Denmark,208.0,2020,81.5449,12.96049023,103.8,-3244.039576,3.6,5.639999866,100.0,1.67,94.0,86.9850750316326,1.5
DOM,Dominican Republic,214.0,2020,72.8894,9.306864107,125.775809,1284.4077504545457,33.8,6.130000114,100.0,2.299,82.0,64.3416243779021,6.7
DZA,Algeria,12.0,2020,74.4528,8.069284397,113.340313,1109.896337,22.7,12.55000019,99.80413055,2.942,80.0,24.1241414205571,1.5
ECU,Ecuador,218.0,2020,72.1535,8.817119598,100.451819,1284.4077504545457,13.0,6.110000134,98.84999847,2.38,81.0,67.002888174152,15.4
EGY,Egypt,818.0,2020,70.9905,9.573026174,195.77547,5525.3,19.5,9.166999817,100.0,3.236,94.0,23.0286838488384,5.1
ESP,Spain,724.0,2020,82.2892,10.60540009,107.7488,-12493.66075,3.2,15.52999973,100.0,1.23,96.0,83.1515517277405,1.5
EST,Estonia,233.0,2020,78.3431,13.54843044,112.1076,2937.470837,2.1,6.800000191,100.0,1.58,91.0,81.5329445868163,1.5
ETH,Ethiopia,231.0,2020,65.3705,3.201520681,205.400982,1284.4077504545457,48.7,3.236999989,51.0939827,4.049,60.0,84.4457387066601,24.9
FIN,Finland,246.0,2020,81.8657,12.87362003,102.27,-4029.500239,2.3,7.760000229,100.0,1.37,95.0,87.7415846638137,1.5
FJI,Fiji,242.0,2020,67.9244,10.92154799,109.963623,226.899145,27.4,4.715000153,100.0,2.729,96.0,50.3542081658816,5.7
FRA,France,250.0,2020,82.2104,11.61005974,108.21,-26270.52242,4.4,8.010000229,100.0,1.83,92.0,86.0903773365678,1.5
GAB,Gabon,266.0,2020,66.5305,9.436,108.096933,1284.4077504545457,41.7,21.97200012,91.57156372,3.869,53.0,68.4336100050275,17.2
GBR,United Kingdom of Great Britain and Northern Ireland,826.0,2020,80.4345,13.4061203,102.9,53133.33333,4.2,4.472000122,100.0,1.56,91.0,87.2561841578232,1.5
GEO,Georgia,268.0,2020,72.7653,12.82221985,135.646876,594.004841,9.3,18.5,100.0,2.046,91.0,73.345385357783,7.6
GHA,Ghana,288.0,2020,64.114,8.329886695,155.174325,1335.0,44.7,4.651000023,85.87355042,3.765,88.0,89.6793226772109,4.1
GMB,Gambia,270.0,2020,62.6125,4.637487411,147.797522,44.612281,49.4,11.08100033,62.27306747,5.087,82.0,73.108654962381,21.6
GRC,Greece,300.0,2020,80.9092,11.40853024,101.2292,2869.249231,4.1,16.29999924,100.0,1.34,97.0,73.6700232147494,1.5
GTM,Guatemala,320.0,2020,71.7969,5.681300163,152.80262,704.49363,23.6,3.552999973,97.05526733,2.777,88.0,46.0312394379751,16.0
HKG,"China, Hong Kong SAR",344.0,2020,85.1968,12.22620964,128.623112,17005.12424,25.44701986754967,5.829999924,100.0,0.868,84.23841059602648,81.8382353449752,1.5
HND,Honduras,340.0,2020,71.4619,7.088479996,114.797458,371.9,16.2,8.373000145,93.20671082,2.394,82.0,52.9823387527007,15.3
HRV,Croatia,191.0,2020,77.9845,12.19108434,103.4,1068.568348,4.6,7.510000229,100.0,1.48,91.0,77.1020525438541,1.5
HTI,Haiti,332.0,2020,64.0518,5.554,238.895112,1284.4077504545457,60.5,15.45100021,46.92553329,2.842,65.0,87.4633032625151,47.2
HUN,Hungary,348.0,2020,75.7297,12.24958992,119.7122,-113.432313,4.0,4.25,100.0,1.56,99.0,73.1859872923557,1.5
IDN,Indonesia,360.0,2020,68.8077,8.556509972,123.310831,14113.63,23.0,4.28000021,96.94999695,2.266,76.0,65.2362179887967,6.5
IND,India,356.0,2020,70.1499,6.655109195,126.177518,52501.95178,32.6,7.997000217,99.0,2.184,89.0,26.7935082402427,16.3
IRL,Ireland,372.0,2020,82.4699,11.58222303,91.91943,82898.34679,3.0,5.619999886,100.0,1.63,92.0,81.7754071077442,1.5
IRN,Iran (Islamic Republic of),364.0,2020,74.832,10.63645314,388.000265,1263.609938,12.9,12.16899967,100.0,2.142,99.0,20.3968797308313,4.1
IRQ,Iraq,368.0,2020,69.1228,7.905593489,97.275227,-3044.0,25.2,14.0880003,100.0,3.537,76.0,15.4682692802977,15.9
ISL,Iceland,352.0,2020,82.5755,13.76716995,112.6733,-534.914224,1.9,5.480000019,100.0,1.72,93.0,88.9540915054631,1.5
ISR,Israel,376.0,2020,82.3598,13.3448664,101.0516,18898.87,3.6,4.329999924,100.0,2.9,99.0,88.8434310845657,1.5
ITA,Italy,380.0,2020,82.3953,10.7401104,105.0,-10745.78587,2.9,9.159999847,100.0,1.24,92.0,68.9273368139477,1.5
JAM,Jamaica,388.0,2020,71.8686,9.154628661,139.341515,362.489066,13.3,9.479999542,100.0,1.95,93.0,80.3528331301945,6.9
JOR,Jordan,400.0,2020,75.1843,10.44668007,100.2586,699.577465,15.0,19.02599907,99.90000153,2.639,76.0,21.5815450415854,16.9
JPN,Japan,392.0,2020,84.6879,13.36610034,104.3028,-105449.0835,2.5,2.799999952,100.0,1.34,98.0,74.5096385561487,3.2
KAZ,Kazakhstan,398.0,2020,70.0304,12.34756189,160.572729,5905.368704,10.0,4.889999866,100.0,3.13,93.0,84.3716893684532,1.5
KEN,Kenya,404.0,2020,62.6755,6.652,148.979046,723.870362,41.9,5.729000092,71.4379425,3.365,88.0,93.9551494441792,26.9
KGZ,Kyrgyzstan,417.0,2020,69.6291,11.37410556,116.391498,-332.5,17.5,8.706000328,99.98104858,3.0,92.0,58.5045886012909,5.3
KHM,Cambodia,116.0,2020,70.416,5.088,121.605188,3497.84626,25.7,0.331,86.40000153,2.453,84.0,86.0279980720424,6.3
KIR,Kiribati,296.0,2020,67.2659,7.984461822,102.750984,-0.42843,49.6,8.594233343053332,91.96302795,3.493,82.0,71.02581837859424,4.2
KOR,Republic of Korea,410.0,2020,83.6089,12.51293027,115.2986,-23256.1,3.0,3.930000067,100.0,0.837,98.0,73.0999153118471,1.5
KWT,Kuwait,414.0,2020,76.9198,7.328022618,114.157033,-2746.108255,8.9,3.539000034,100.0,2.068,95.0,55.9201415123938,2.7
LAO,Lao People's Democratic Republic,418.0,2020,68.4968,5.374,120.724951,1284.4077504545457,44.1,1.034000039,100.0,2.583,79.0,96.2304527779863,5.1
LBN,Lebanon,422.0,2020,77.8038,8.718636,612.286589,3039.445796,7.0,13.29699993,100.0,2.06,74.0,32.1516530294389,10.9
LBR,Liberia,430.0,2020,60.9476,5.082,222.693794,6.886301,78.3,3.980000019,27.53470993,4.183,61.0,86.8306112347834,38.3
LKA,Sri Lanka,144.0,2020,76.3929,10.82730007,135.486361,419.326632,6.9,5.877999783,100.0,2.174,96.0,45.0715344392512,3.4
LSO,Lesotho,426.0,2020,54.6933,6.010184707,154.259877,1284.4077504545457,89.5,24.56299973,47.35273743,3.07,90.0,78.050492898083,34.7
LTU,Lithuania,440.0,2020,75.0676,13.49810028,110.1011,763.958213,3.3,8.489999771,100.0,1.48,90.0,83.3183325857879,1.5
LUX,Luxembourg,442.0,2020,81.4335,13.01519217,110.57,-64941.87361,2.8,6.769999981,100.0,1.37,99.0,88.3191568119479,1.5
LVA,Latvia,428.0,2020,75.4526,13.25271988,112.0215,604.222016,4.0,8.100000381,100.0,1.55,99.0,81.7114652870494,1.5
MAR,Morocco,504.0,2020,73.9199,5.916,101.545796,1271.369329,18.7,11.45400047,100.0,2.353,99.0,33.2360313062633,5.6
MDG,Madagascar,450.0,2020,65.182,5.120468534,143.464897,257.371515,50.2,2.473999977,33.7350769,3.976,50.0,92.6602497003952,48.5
MEX,Mexico,484.0,2020,70.1328,9.221050262,132.2561,22551.308,13.7,4.449999809,99.40000153,2.079,92.0,57.1909131213353,6.1
MKD,North Macedonia,807.0,2020,75.1677,10.22815037,104.130737,234.902963,5.9,17.20000076,100.0,1.3,63.0,66.2804545905547,3.3
MLI,Mali,466.0,2020,58.6331,2.31,97.710424,282.366528,91.0,7.696000099,50.56141663,5.693,62.0,72.5291794076162,9.8
MLT,Malta,470.0,2020,83.3545,12.21026039,115.39866,-3370.425343,6.5,4.260000229,100.0,1.13,95.0,74.4408833181895,1.5
MMR,Myanmar,104.0,2020,66.797,6.37680006,132.476227,1284.4077504545457,43.7,1.057999969,70.39719391,2.121,91.0,59.903179094742,3.1
MNE,Montenegro,499.0,2020,76.2575,12.17648306,105.893417,534.032106,2.4,17.89999962,100.0,1.75,24.0,76.5806496767629,1.5
MNG,Mongolia,496.0,2020,72.141,9.423700333,130.631118,1693.148726,15.4,7.010000229,98.09999847,2.834,97.0,77.5723447367999,3.6
MOZ,Mozambique,508.0,2020,61.1722,3.197641838,173.56039,2183.916966,70.6,3.809999943,30.60383224,4.713,81.0,98.666950156084,32.7
MRT,Mauritania,478.0,2020,64.5321,4.918804891,117.657122,971.673931,70.7,11.27000046,47.34841919,4.449,70.0,44.1097928731187,10.1
MUS,Mauritius,480.0,2020,74.3306,10.42791048,112.046849,219.870295,16.5,7.407000065,99.66165161,1.44,89.0,61.3194423431833,7.8
MWI,Malawi,454.0,2020,63.7167,4.489695385,228.288427,91.006402,38.6,6.701000214,14.86676884,4.055,90.0,88.9897051928515,17.8
MYS,Malaysia,458.0,2020,75.9378,10.64505959,113.784108,655.705506,8.6,4.504000187,100.0,1.965,95.0,66.2812214732767,1.5
NAM,Namibia,516.0,2020,62.829,7.192013277,135.637466,-124.756084,40.2,21.44599915,56.2586937,3.293,90.0,87.5503706420917,18.0
NGA,Nigeria,566.0,2020,52.887,7.181074153,227.344998,2723.146964,113.8,9.713999748,55.40000153,5.248,59.0,80.3718569702391,12.7
NIC,Nicaragua,558.0,2020,71.7954,7.144,119.270553,142.8,16.0,6.078000069,88.90737915,2.349,97.0,57.3826197884121,18.6
NLD,Netherlands,528.0,2020,81.6381,12.58162975,109.84,45750.68589,4.2,3.819999933,100.0,1.55,94.0,86.3820603513882,1.5
NOR,Norway,578.0,2020,83.1951,13.00362968,106.8,-1331.055893,2.2,4.420000076,100.0,1.48,97.0,94.5847852247527,1.5
NPL,Nepal,524.0,2020,69.2456,5.121792742,130.925954,1284.4077504545457,28.2,4.723999977,89.90000153,1.845,87.0,95.2451659556797,5.5
NZL,New Zealand,554.0,2020,82.7419,12.94468975,104.569303,3336.45038,4.7,4.590000153,100.0,1.61,91.0,86.3885524735533,1.5
OMN,Oman,512.0,2020,74.7571,11.65404034,100.496969,2837.451236,11.0,2.940000057,100.0,2.783,99.0,33.0965868143954,9.8
PAK,Pakistan,586.0,2020,66.2695,4.536330223,146.738071,2071.0,65.2,4.302999973,75.37969208,3.394,83.0,26.517323669833,16.9
PAN,Panama,591.0,2020,76.657,10.54059029,100.804439,550.044099,14.3,12.85400009,96.70463562,2.415,80.0,67.4521732070371,5.8
PER,Peru,604.0,2020,73.6655,9.885518863,108.996572,478.272377,12.8,7.179999828,99.31181335,2.212,77.0,77.1848885334586,8.3
PHL,Philippines,608.0,2020,72.1191,8.969099998,121.530658,3017.073229,26.4,2.519999981,96.84238434,2.49,72.0,63.6195381387179,5.2
PNG,Papua New Guinea,598.0,2020,65.7868,4.74,115.495266,-1049.651104,43.9,2.595000029,60.40000153,3.477,47.0,96.5959893492313,21.6
POL,Poland,616.0,2020,76.9424,13.1647501,116.5484,8258.648906,4.4,3.160000086,100.0,1.38,80.0,73.6234179796069,1.5
PRT,Portugal,620.0,2020,81.0545,9.575940132,104.5408,4036.008976,3.3,6.789999962,100.0,1.4,99.0,85.0031707477453,1.5
PRY,Paraguay,600.0,2020,73.1816,8.861840248,124.421554,1284.4077504545457,18.9,7.550000191,100.0,2.383,80.0,68.6317087397822,8.7
ROU,Romania,642.0,2020,75.3456,11.27511978,113.773199,2119.97405,6.9,5.03000021,100.0,1.6,87.0,69.2912512178655,1.5
RUS,Russian Federation,643.0,2020,71.3423,12.77428805,125.9086,3364.700894,5.4,5.590000153,100.0,1.505,97.0,78.6867204176269,1.5
RWA,Rwanda,646.0,2020,66.7741,4.425292358,141.708021,1284.4077504545457,40.5,1.485000014,46.59999847,3.926,94.0,100.337747735085,35.8
SAU,Saudi Arabia,682.0,2020,76.2392,11.31052971,121.5005,631.886966,7.0,7.449999809,100.0,2.238,96.0,39.8262755972324,3.7
SDN,Sudan,729.0,2020,65.6136,3.82,1621.521215,1284.4077504545457,56.6,19.64900017,55.38970184,4.289,86.0,41.8327875688962,12.8
SEN,Senegal,686.0,2020,68.0064,2.937938258,112.592996,1309.038421,38.1,3.622999907,70.36894226,4.491,88.0,58.8245664316359,7.5
SLB,Solomon Islands,90.0,2020,70.1987,5.711848,97.820207,5.717906,19.4,0.916000009,73.34648132,4.309,81.0,95.3130205615833,18.1
SLE,Sierra Leone,694.0,2020,59.7632,4.576081285,199.379299,1284.4077504545457,107.8,5.195000172,26.20088577,4.077,87.0,100.628352883941,27.4
SLV,El Salvador,222.0,2020,71.0609,7.150929928,102.001016,201.18375,12.9,6.248000145,100.0,2.002,71.0,59.6026136743954,7.7
SOM,Somalia,706.0,2020,55.9666,9.145987422086092,122.178646,1284.4077504545457,114.6,19.72299957,49.73086929,5.885,46.0,44.4503716171808,53.1
SRB,Serbia,688.0,2020,75.4057,11.36987019,109.100777,3314.962017,5.6,9.010000229,100.0,1.48,78.0,75.0888508224363,3.3
STP,Sao Tome and Principe,678.0,2020,67.7848,6.215599435,150.118993,46.258738,16.1,15.74600029,76.55908966,4.214,86.0,52.800310814609,13.5
SUR,Suriname,740.0,2020,72.5615,9.77680063,386.776291,1284.4077504545457,17.6,9.777999878,98.20477295,2.371,45.0,66.163723137934,8.2
SVK,Slovakia,703.0,2020,77.0054,12.91141987,110.2676,-2163.181055,5.8,6.690000057,100.0,1.57,96.0,77.8982584938771,3.8
SVN,Slovenia,705.0,2020,80.4409,12.80368042,109.15,-25.955903,2.2,4.96999979,100.0,1.6,94.0,85.2661217925837,1.5
SWE,Sweden,752.0,2020,82.4274,12.60972023,110.371,-4905.155733,2.6,8.289999962,100.0,1.66,97.0,88.9808573147837,1.5
SWZ,Eswatini,748.0,2020,59.6922,5.596,133.329266,55.242453,46.6,25.50900078,79.73049927,2.919,76.0,84.268626362356,11.0
TCD,Chad,148.0,2020,52.7774,2.57377421,91.136924,1284.4077504545457,110.0,1.741999984,11.08011723,5.553,47.0,66.8850946342951,32.7
TGO,Togo,768.0,2020,61.035,5.016807367,106.163595,-291.855977,64.4,3.944999933,53.99743271,4.199,69.0,93.73279132718,18.8
THA,Thailand,764.0,2020,79.2739,8.697119713,105.842953,-22815.32081,8.7,1.100000024,100.0,1.501,96.0,78.4702299496696,8.8
TLS,Timor-Leste,626.0,2020,68.4755,5.43679,103.525978,-621.488939,42.3,4.90500021,96.1233139,3.853,79.0,84.6810716922748,26.2
TTO,Trinidad and Tobago,780.0,2020,74.4056,11.61062419,117.486643,-611.113649,16.6,4.56799984,100.0,1.699,91.0,68.4942267532414,7.5
TUN,Tunisia,788.0,2020,75.2923,7.431598614,132.1,608.741846,16.6,16.59199905,100.0,2.151,98.0,37.8771661168519,3.1
TUR,Türkiye,792.0,2020,75.85,8.63313961,207.627,4640.0,9.5,13.10999966,100.0,2.039,95.0,45.2470973605159,1.5
TZA,United Republic of Tanzania,834.0,2020,66.4077,6.37289871,130.034219,1284.4077504545457,48.9,2.528000116,39.90000153,4.773,84.0,91.4291610460899,22.6
UKR,Ukraine,804.0,2020,72.5726,11.13142043,156.376391,-950.0,8.1,9.131999969,100.0,1.217,85.0,75.8908720883917,2.8
URY,Uruguay,858.0,2020,78.4298,8.982549667,155.556846,2612.793492,6.2,10.35000038,100.0,1.952,95.0,78.9922513002689,1.5
USA,United States of America,840.0,2020,77.4144,13.68342972,103.7063,63510.0,6.3,8.050000191,100.0,1.6375,91.0,83.209395454707,1.5
UZB,Uzbekistan,860.0,2020,70.3309,11.89558983,219.29745,1723.945221,13.9,7.040999889,100.0,2.9,99.0,63.3323024019802,1.5
VCT,Saint Vincent and the Grenadines,670.0,2020,72.1256,10.83343029,107.930814,76.121871,14.1,21.00200081,100.0,1.854,99.0,71.1475501380256,7.6
VEN,Venezuela (Bolivarian Republic of),862.0,2020,71.0949,11.10727736,38753710727.95829,1037.333334,24.2,6.626999855,100.0,2.23,76.0,50.8342474953762,22.9
VNM,Viet Nam,704.0,2020,75.3779,8.370280266,119.31644,15420.0,20.9,2.390000105,100.0,2.046,97.0,87.0484474993759,5.7
VUT,Vanuatu,548.0,2020,70.2995,7.064846,140.246312,27.721732,24.9,2.118999958,67.33326721,3.707,78.0,76.6211236581516,11.9
WSM,Samoa,882.0,2020,72.7677,11.4038,105.476923,-5.695233,17.0,9.149000168,100.0,3.785,66.0,56.6998901492017,4.4
YEM,Yemen,887.0,2020,64.6501,3.2,152.999508,1284.4077504545457,59.6,13.39099979,73.75792694,3.614,68.0,9.00915545979032,41.4
ZAF,South Africa,710.0,2020,65.2522,11.37316036,136.6287,5079.741577,32.2,29.21999931,84.38553619,2.358,84.0,76.7397253117594,6.9
