,Country,M49_Code,Total_FDI_Inflows_2016,Total_FDI_Inflows_2017,Total_FDI_Inflows_2018,Total_FDI_Inflows_2019,Total_FDI_Inflows_2020,Total_FDI_Outflows_2016,Total_FDI_Outflows_2017,Total_FDI_Outflows_2018,Total_FDI_Outflows_2019,Total_FDI_Outflows_2020,Net_FDI_2016,Net_FDI_2017,Net_FDI_2018,Net_FDI_2019,Net_FDI_2020
0,Afghanistan,4,93.59,53.39,119.44,38.533333,12.970492,14.78,10.8,40.53,25.946667,37.112627,78.81,42.59,78.91,12.586665999999997,-24.142135000000003
1,Albania,8,1100.671891,1148.891224,1289.690235,1287.978184,1106.560092,64.200483,26.197174,82.56079,127.855221,89.433996,1036.4714079999999,1122.69405,1207.129445,1160.122963,1017.126096
2,Algeria,12,1636.299236,1232.341924,1466.084654,1381.811818,1125.414826,46.202384,-28.605242,845.268059,30.989854,15.518489,1590.0968520000001,1260.9471660000002,620.816595,1350.821964,1109.896337
3,Angola,24,-179.517619,-7397.295409,-6456.076413,-4098.478748,-1866.468113,273.005,1352.005057,5.714168,-2349.425835,90.514469,-452.52261899999996,-8749.300466,-6461.790581,-1749.0529130000004,-1956.9825819999999
4,Anguilla,660,60.253704,53.534815,55.784444,125.088889,26.304077,-1.646667,-0.57963,-0.556296,-0.927531,-0.902742,61.900371,54.114445,56.340740000000004,126.01642,27.206819
5,Antigua and Barbuda,28,80.641481,112.936667,116.493704,139.466667,22.367073,11.998148,13.266296,8.563704,11.276049,9.818515,68.643333,99.670371,107.92999999999999,128.190618,12.548558000000002
6,Argentina,32,3260.164342,11516.861462,11872.856663,6663.062112,4122.734958,1786.530935,1155.630218,1802.220667,1539.216163,1234.012059,1473.633407,10361.231244,10070.635996,5123.845949,2888.7228990000003
7,Armenia,51,333.733314,250.93511,254.146164,254.077252,117.296453,70.519382,29.056824,7.012506,-142.555366,-27.278869,263.213932,221.878286,247.133658,396.632618,144.575322
8,Aruba,533,27.541899,87.862279,110.17565,-133.317939,113.710125,-0.391061,8.579362,4.624964,1.666465,-10.041281,27.93296,79.282917,105.550686,-134.98440399999998,123.751406
9,Australia,36,48401.364843,45225.175511,68477.419509,39224.000995,20146.102946,2304.472908,6355.958184,7799.541546,9265.856892,9171.521281,46096.891935,38869.217327,60677.877963,29958.144103000002,10974.581665
10,Austria,40,-8508.306429,14953.062086,5287.327675,967.544649,-17339.686992,-2033.498539,10251.113582,5611.767314,10894.372318,-3213.226951,-6474.80789,4701.948504,-324.43963899999926,-9926.827669,-14126.460040999998
11,Azerbaijan,31,4500.0,2867.0,1403.0,1503.9,507.1,2574.0,2564.0,1761.0,2431.7,825.3,1926.0,303.0,-358.0,-927.7999999999997,-318.19999999999993
12,Bahamas,44,1259.5,901.448,947.43,610.957174,896.78392,358.587408,151.066,117.328,148.391,156.738049,900.912592,750.382,830.102,462.56617400000005,740.045871
13,Bahrain,48,243.351064,1426.06383,1654.255319,1501.329787,1006.648936,-880.053191,228.989361,111.170213,-197.074468,-205.053191,1123.404255,1197.0744690000001,1543.085106,1698.404255,1211.702127
14,Bangladesh,50,2332.72,2151.56,3613.3,2873.95,2563.58,40.53,141.96,23.24,27.58,11.6,2292.1899999999996,2009.6,3590.0600000000004,2846.37,2551.98
15,Barbados,52,269.334927,206.157363,241.5965,215.370129,262.1,-193.50206,-27.652178,9.2045,27.828806,7.5,462.836987,233.809541,232.392,187.54132299999998,254.60000000000002
16,Belarus,112,1237.8,1278.5,1421.0,1293.1,1396.8,113.8,70.0,49.7,16.0,82.2,1124.0,1208.5,1371.3,1277.1,1314.6
17,Belgium,56,59242.655686,-708.306504,30820.575078,2886.006117,8437.406483,36374.001018,29698.037754,39498.235653,1580.698463,10227.228597,22868.654667999996,-30406.344258,-8677.660575000002,1305.307654,-1789.8221139999987
18,Belize,84,43.9875,24.4945,118.275547,93.910242,76.202814,1.719,0.3225,0.7185,2.1185,4.449388,42.268499999999996,24.171999999999997,117.557047,91.791742,71.753426
19,Benin,204,131.790684,200.902719,194.073683,218.207872,175.86377,17.381037,31.907388,9.770519,27.149514,24.096551,114.409647,168.995331,184.30316399999998,191.058358,151.76721899999998
20,Bermuda,60,82.0,-288.109271,95.416371,4.389826,114.253538,72.0,-41.561602,-35.028302,-37.771563,341.166625,10.0,-246.54766899999998,130.444673,42.161389,-226.91308700000002
21,Bhutan,64,-33.915118,-9.385654,6.522392,2.709358,2.508058,,,,,,,,,,
22,Bolivia (Plurinational State of),68,335.36553,712.474138,302.368781,-216.636843,-1048.050943,88.86604,79.693113,-84.465304,48.314313,-101.804532,246.49948999999998,632.781025,386.834085,-264.95115599999997,-946.246411
23,Bosnia and Herzegovina,70,349.75913,491.888017,574.342521,400.092905,370.807986,38.617983,78.51699,-24.169759,3.268625,-5.066712,311.14114700000005,413.37102699999997,598.51228,396.82428,375.874698
24,Botswana,72,142.522577,260.575045,285.955062,93.607127,80.062756,-169.693691,0.86581,-82.078795,19.794884,16.930687,312.216268,259.709235,368.033857,73.81224300000001,63.132068999999994
25,Brazil,76,53700.383657,66584.927444,59802.40649,65386.041322,24777.734035,-5900.75235,19040.367814,-16335.596649,19031.494453,-25808.417742,59601.136007,47544.55963,76138.00313900001,46354.546869,50586.15177700001
26,British Virgin Islands,92,49022.945937,39609.971335,34389.709123,39103.361611,39619.63521,30167.796257,50904.064254,41586.972788,44153.535471,42280.161615,18855.149679999995,-11294.092918999995,-7197.263664999999,-5050.173860000003,-2660.526404999997
27,Brunei Darussalam,96,-149.641293,460.083714,382.01849,274.599606,577.42681,,,,,,,,,,
28,Bulgaria,100,1040.26088,1813.850191,1142.612472,1717.079702,2425.934663,405.077717,330.56265,248.605335,420.209505,203.734685,635.183163,1483.287541,894.0071370000001,1296.870197,2222.199978
29,Burkina Faso,854,390.622114,2.57269,268.414908,162.969543,148.555726,50.50784,10.268821,67.713349,16.431847,22.107654,340.114274,-7.696131000000001,200.70155900000003,146.53769599999998,126.448072
30,Burundi,108,0.055481,0.316473,0.983747,1.044959,6.05709,0.036443,0.009948,6e-06,0.74804,1.721128,0.019038,0.306525,0.9837410000000001,0.29691899999999993,4.335961999999999
31,Cabo Verde,132,124.726336,110.841683,109.786869,106.52029,73.148062,-10.423314,-8.838214,-10.688597,-27.246298,-44.795161,135.14965,119.67989700000001,120.475466,133.766588,117.94322299999999
32,Cambodia,116,2475.916,2785.731,3207.587,3661.927918,3624.64499,79.074,114.858,123.964,101.838,126.79873,2396.842,2670.873,3083.623,3560.0899179999997,3497.84626
33,Cameroon,120,663.789,814.002,761.54955,1026.915328,488.229383,-38.889,21.865,109.654133,127.259939,84.512131,702.678,792.137,651.895417,899.655389,403.717252
34,Canada,124,36055.874232,22766.845925,38239.938016,47837.153196,23822.78532,69506.619544,76188.421653,57417.013809,78897.763253,48655.149711,-33450.745312,-53421.575727999996,-19177.075792999996,-31060.610056999998,-24832.364391
35,Cayman Islands,136,58815.590788,15173.395232,20680.811776,28165.128983,23621.049432,16603.755232,4079.220602,8261.259965,31629.917851,10834.716892,42211.835556000005,11094.174630000001,12419.551811,-3464.7888679999996,12786.33254
36,Central African Republic,140,7.25609,6.888751,18.003535,25.601157,34.747196,,,,,,,,,,
37,Chad,148,244.682121,363.381636,460.890508,566.638948,557.692503,,,,,,,,,,
38,Chile,152,12071.931659,6203.318024,7742.476074,12525.392831,8385.907025,8235.762695,3599.03948,1292.090663,9278.230826,11582.751045,3836.1689640000004,2604.2785440000002,6450.385411,3247.1620049999983,-3196.8440200000005
39,"China, Hong Kong SAR",344,117386.968985,110684.502614,104245.710276,73714.027344,119229.366077,59702.79236,86703.878356,82201.314027,53201.941777,102224.241838,57684.176625,23980.624257999996,22044.396248999998,20512.085567000002,17005.124238999997
40,"China, Macao SAR",446,1958.709503,1254.423125,2497.241563,6689.821039,3513.845973,-1001.618499,813.979566,142.954351,561.429508,509.78033,2960.328002,440.44355900000005,2354.287212,6128.391531,3004.065643
41,"China, mainland",156,133711.0,136315.0,138305.0,141225.0,149342.0,196149.43,158290.0,143037.31,136905.23,132940.0,-62438.42999999999,-21975.0,-4732.309999999998,4319.7699999999895,16402.0
42,"China, Taiwan Province of",158,9692.0,3401.0,7114.0,8240.0,8802.0,17946.0,11552.0,18058.0,11787.0,14268.0,-8254.0,-8151.0,-10944.0,-3547.0,-5466.0
43,Colombia,170,13848.0,13836.696227,11535.119873,14313.590447,7690.222333,4517.0,3689.564075,5126.317721,3218.668258,1966.132118,9331.0,10147.132152,6408.802151999999,11094.922189,5724.090215
44,Comoros,174,3.569824,3.919473,5.672348,3.677361,8.555424,,,,,,,,,,
45,Congo,178,1611.618196,4416.953734,4315.250918,3366.085012,4015.531451,10.381272,44.933603,13.614874,22.645836,27.173337,1601.2369239999998,4372.020130999999,4301.636044,3343.439176,3988.3581139999997
46,Cook Islands,184,10.463203,1.918641,11.558709,7.980184,7.152511,0.313951,0.319736,0.311363,0.315017,0.315372,10.149252,1.598905,11.247346,7.665167,6.837139
47,Costa Rica,188,2203.948381,2778.314023,2336.535228,2748.310173,1710.765399,76.913356,126.220639,53.38959,117.118402,86.771375,2127.035025,2652.093384,2283.145638,2631.191771,1623.9940239999999
48,Côte d'Ivoire,384,577.871519,975.014998,620.330646,935.684597,508.531022,28.651433,676.031029,144.65216,119.514378,158.057404,549.220086,298.983969,475.678486,816.1702190000001,350.473618
49,Croatia,191,273.228399,539.709222,1171.461739,1335.84245,1304.029898,-1938.495938,-724.669852,200.875797,167.434253,235.46155,2211.724337,1264.379074,970.585942,1168.4081970000002,1068.568348
50,Curaçao,531,133.046405,172.678986,126.888268,55.915084,164.162218,38.821373,-145.267009,30.106145,11.246927,3.9304,94.225032,317.94599500000004,96.782123,44.668157,160.231818
51,Cyprus,196,10928.262602,9422.629933,-1735.267119,26183.25767,-3646.803063,8689.646012,8678.391837,-7326.390104,20236.877108,-5954.124485,2238.6165900000015,744.238096000001,5591.122985,5946.3805619999985,2307.3214220000004
52,Czechia,203,9814.76887,9521.682018,11010.36396,10108.406972,6292.550409,2181.805996,7560.010489,8662.556097,4128.152732,3142.397047,7632.962874,1961.6715289999993,2347.807863,5980.254240000001,3150.1533620000005
53,Democratic People's Republic of Korea,408,89.317272,-12.832422,1.953529,29.89501,6.338706,,,,,,,,,,
54,Democratic Republic of the Congo,180,1204.708617,1340.204101,1616.794884,1488.05357,1646.921056,272.333948,292.224618,209.231296,133.924629,148.836248,932.374669,1047.979483,1407.563588,1354.128941,1498.0848079999998
55,Denmark,208,235.303904,3748.81302,1198.488777,3587.103998,1151.303119,10110.491821,9518.2564,-369.460137,11403.943985,4395.342695,-9875.187917,-5769.443380000001,1567.948914,-7816.839986999999,-3244.039576
56,Djibouti,262,159.998875,165.001125,170.003376,222.0,240.0,,,,,,,,,,
57,Dominica,212,41.154815,-2.112222,-37.178148,32.551852,25.210223,0.047037,0.040741,0.038148,0.041975,0.080544,41.107777999999996,-2.152963,-37.216296,32.509876999999996,25.129679
58,Dominican Republic,214,2406.7,3570.7,2535.3,3021.0,2554.3,,,,,,,,,,
59,Ecuador,218,755.954868,624.469412,1388.175763,961.518496,1016.949293,,,,,,,,,,
60,Egypt,818,8106.8,7408.7,8141.3,9010.0,5851.8,206.6,199.0,323.5,405.0,326.5,7900.2,7209.7,7817.8,8605.0,5525.3
61,El Salvador,222,347.424796,889.072922,826.009559,636.168174,200.463777,-0.428126,0.2284,-0.037397,0.404826,-0.719973,347.85292200000004,888.844522,826.046956,635.7633480000001,201.18375
62,Equatorial Guinea,226,53.998813,304.827249,396.07778,452.287112,529.894746,,,,,,,,,,
63,Eritrea,232,52.305,55.468,61.015,67.116,73.828,,,,,,,,,,
64,Estonia,233,1059.409595,1942.39331,1497.755249,3091.332008,3155.933563,486.924259,880.995746,58.044306,1987.286879,218.462726,572.4853360000001,1061.3975639999999,1439.710943,1104.0451289999999,2937.470837
65,Eswatini,748,21.384868,-56.010183,36.474449,130.221496,40.919495,-7.132213,65.483928,-10.51256,22.207889,-14.322958,28.517081,-121.494111,46.987009,108.01360700000001,55.242453
66,Ethiopia,231,4142.937496,4017.1,3310.3,2548.8,2395.375577,,,,,,,,,,
67,Fiji,242,389.841027,386.185942,470.973182,321.006409,240.547214,-16.422399,-1.644991,-3.640928,-36.011966,13.648069,406.263426,387.830933,474.61411,357.018375,226.899145
68,Finland,246,8582.210932,2864.234475,-2171.245625,13611.694482,2574.691331,24276.637666,-573.773455,11454.73634,4865.23762,6604.19157,-15694.426733999999,3438.00793,-13625.981964999999,8746.456862000001,-4029.500239
69,France,250,23077.217684,24832.525615,38185.013203,33964.866402,17932.487042,64847.892453,35984.681601,105635.283169,38663.302272,44203.00946,-41770.674769000005,-11152.155985999998,-67450.26996599999,-4698.435870000001,-26270.522418
70,French Polynesia,258,61.575789,79.265984,63.418521,25.381059,55.666725,24.245498,15.441375,-28.264125,4.343634,-2.425404,37.330291,63.824609,91.682646,21.037425,58.092129
71,Gabon,266,1243.66016,1314.02933,1379.070816,1553.136875,1716.511506,45.3,-83.709,-62.928333,-33.779111,,1198.36016,1397.7383300000001,1441.999149,1586.915986,
72,Gambia,270,-27.7,18.444836,51.94,43.93,45.72,-1.4,2.361578,0.480789,0.480789,1.107719,-26.3,16.083257999999997,51.459210999999996,43.449211,44.612280999999996
73,Georgia,268,1652.577348,1978.281581,1306.290006,1310.773789,616.865566,407.172888,269.427512,340.190787,281.53472,22.860725,1245.40446,1708.854069,966.099219,1029.2390690000002,594.0048409999999
74,Germany,276,15633.147373,48641.41842,62072.967694,54062.912247,35651.049793,63660.958358,86517.526915,86243.959413,139278.168226,34949.872417,-48027.810985000004,-37876.10849499999,-24170.991719000005,-85215.25597900001,701.1773759999996
75,Ghana,288,3485.3,3255.0,2989.0,3879.0,1877.0,14.7,15.9,81.0,588.0,542.0,3470.6000000000004,3239.1,2908.0,3291.0,1335.0
76,Greece,300,2765.153451,3484.859714,3973.265169,5019.347114,3572.02383,-1667.034554,168.384441,476.872241,641.593748,702.774599,4432.188005,3316.475273,3496.3929279999998,4377.753366,2869.2492310000002
77,Grenada,308,94.898148,111.670741,126.990741,131.044444,146.104042,5.27,8.575556,15.352593,9.732716,0.16535,89.62814800000001,103.095185,111.638148,121.311728,145.938692
78,Guatemala,320,1174.37206,1130.01766,980.65193,974.7093,915.17363,209.3761,195.95124,202.78968,175.26971,210.68,964.99596,934.06642,777.86225,799.43959,704.4936299999999
79,Guinea,324,1618.44726,577.59,352.76,44.4,324.916667,21.103629,1.11,-0.33,1.02,0.6,1597.343631,576.48,353.09,43.379999999999995,324.316667
80,Guinea-Bissau,624,23.998591,15.691198,20.563818,71.65868,20.41038,0.450384,0.334104,-0.40526,0.38982,0.430742,23.548207,15.357094,20.969078,71.26886,19.979638
81,Guyana,328,57.999078,212.151382,1231.06,1695.293219,1833.891321,26.0,0.01,0.01,16.93518,13.560334,31.999077999999997,212.14138200000002,1231.05,1678.358039,1820.330987
82,Haiti,332,104.9,374.86,105.0,75.0,30.0,,,,,,,,,,
83,Honduras,340,1139.4,1175.8,961.3,498.1,418.6,239.3,140.8,66.1,-1.4,46.7,900.1000000000001,1035.0,895.1999999999999,499.5,371.90000000000003
84,Hungary,348,-5438.548392,3514.894612,6410.258176,3884.07177,4168.697792,-8272.106348,1219.996937,3022.32561,2848.237961,4282.130105,2833.5579559999996,2294.897675,3387.9325660000004,1035.8338090000002,-113.43231300000025
85,Iceland,352,-427.243918,-41.398519,-381.467524,-301.50047,-810.963016,-1147.340631,-208.237454,75.964789,464.851966,-276.048792,720.096713,166.83893500000002,-457.432313,-766.352436,-534.9142240000001
86,India,356,44480.571754,39903.840402,42156.193365,50558.331002,64061.907725,5072.359559,11140.548162,11446.917623,13144.135206,11559.955943,39408.212195,28763.292240000002,30709.275741999998,37414.195796,52501.951782
87,Indonesia,360,3921.23,20579.23,20563.47,23883.25,18581.08,-12214.69,2077.19,8052.85,3352.18,4467.45,16135.92,18502.04,12510.62,20531.07,14113.630000000001
88,Iran (Islamic Republic of),364,3372.0,5019.0,2373.0,1508.0,1342.0,104.112333,75.748444,74.601111,84.82063,78.390062,3267.887667,4943.251556,2298.398889,1423.17937,1263.609938
89,Iraq,368,-6255.9,-5032.4,-4885.1,-3075.6,-2895.5,304.3,77.8,188.4,194.2,148.5,-6560.2,-5110.2,-5073.5,-3269.7999999999997,-3044.0
90,Ireland,372,39413.561798,52834.920527,-16096.42265,81103.712626,33424.099892,30085.674437,-2048.10158,9620.063016,-16633.157053,-49474.246893,9327.887361000001,54883.022107000004,-25716.485666,97736.869679,82898.346785
91,Israel,376,11988.255,16892.825,21514.605,19047.249,24758.4,14578.51,7624.335,6086.597,8597.811,5859.53,-2590.255000000001,9268.490000000002,15428.008,10449.438,18898.870000000003
92,Italy,380,28468.517412,24047.082613,37682.197805,18145.567551,-388.346853,16180.735428,24530.902272,32817.836442,19786.717655,10357.439012,12287.781984000001,-483.8196590000007,4864.361363000004,-1641.1501040000003,-10745.785865000002
93,Jamaica,388,915.776886,888.04,774.7,665.416,366.00921,270.085983,46.8,12.670743,445.991,3.520144,645.6909029999999,841.24,762.029257,219.42500000000007,362.489066
94,Japan,392,19358.836009,9355.587239,9255.891229,14552.38385,10253.735853,155936.747563,164587.851885,143094.225923,226647.912048,115702.819324,-136577.91155400002,-155232.264646,-133838.334694,-212095.52819799999,-105449.08347099999
95,Jordan,400,1552.957746,2029.71831,954.929577,729.71831,726.056338,3.239436,6.619718,-7.605634,43.380282,26.478873,1549.71831,2023.098592,962.535211,686.338028,699.577465
96,Kazakhstan,398,8511.489337,4669.3,3627.876155,2873.724811,3877.36728,-5234.893,913.2,-1094.810395,-2624.408313,-2028.001424,13746.382337000001,3756.1000000000004,4722.68655,5498.133124,5905.368704
97,Kenya,404,1138.612882,1403.567589,1139.438224,1098.375947,716.756224,11.217382,13.572722,11.249204,10.769302,-7.114138,1127.3954999999999,1389.9948669999999,1128.18902,1087.606645,723.870362
98,Kiribati,296,1.807,0.785,-1.144365,-0.55828,-0.305882,0.121,0.124,0.121311,0.122333,0.122548,1.686,0.661,-1.265676,-0.680613,-0.42843
99,Kuwait,414,418.746412,348.122169,204.016996,104.413282,-318.969904,4527.894125,9013.447038,3715.062939,-2495.455191,2427.138351,-4109.147712999999,-8665.324869,-3511.045943,2599.868473,-2746.108255
100,Kyrgyzstan,417,616.0,-107.0,144.0,404.0,-330.5,0.0078,-29.0,5.0,5.0,2.0,615.9922,-78.0,139.0,399.0,-332.5
101,Lao People's Democratic Republic,418,935.296173,1686.275786,1319.609797,557.17654,967.706086,15.184319,9.700838,1e-05,1e-05,,920.111854,1676.574948,1319.609787,557.1765300000001,
102,Latvia,428,254.588121,708.306504,967.202506,874.309844,872.638223,159.394302,133.301702,205.486247,-105.230634,268.416207,95.19381899999999,575.004802,761.716259,979.540478,604.222016
103,Lebanon,422,2568.485071,2522.409653,2658.003845,2054.579557,3067.045569,1004.742727,1317.433967,631.215121,302.536103,27.599773,1563.7423440000002,1204.9756860000002,2026.7887240000002,1752.043454,3039.445796
104,Lesotho,426,159.2,123.1,128.7,117.6,102.008164,,,,,,,,,,
105,Liberia,430,453.18,247.84,129.13,86.68,86.96,167.6633,54.17425,84.075748,101.971099,80.073699,285.5167,193.66575,45.05425199999999,-15.291098999999988,6.886300999999989
106,Lithuania,440,302.605654,1020.786028,976.638339,1169.470578,478.648918,43.158221,80.319924,704.227348,143.393531,-285.309295,259.44743300000005,940.466104,272.41099099999997,1026.077047,763.958213
107,Luxembourg,442,31899.891523,-6815.331955,-16756.576741,14791.620955,62144.634074,30170.906112,34764.632121,11622.963442,34471.988501,127086.507688,1728.9854109999978,-41579.964076000004,-28379.540183,-19680.367546,-64941.873614
108,Madagascar,450,450.626271,357.862206,352.551623,474.311425,359.141033,89.7,106.0,117.896274,101.61823,101.769518,360.926271,251.86220600000001,234.655349,372.693195,257.371515
109,Malawi,454,116.099192,90.199691,959.395634,822.488231,98.018286,42.199706,-3.399988,0.518998,-0.249996,7.011884,73.899486,93.599679,958.876636,822.738227,91.00640200000001
110,Malaysia,458,11335.968951,9398.805704,7618.337947,7812.777164,3482.70222,8011.213027,5638.472575,5114.464714,6230.501951,2826.996714,3324.755924000001,3760.3331290000006,2503.8732330000003,1582.275213,655.7055060000002
111,Maldives,462,456.639057,457.808314,575.658028,956.153656,348.344832,,,,,,,,,,
112,Mali,466,356.476589,563.20847,467.295391,720.638835,308.101915,97.015786,14.763455,0.289497,1.011758,25.735387,259.460803,548.445015,467.005894,719.627077,282.366528
113,Malta,470,4248.432623,3407.289796,4023.616747,3783.60091,3917.095266,-5297.932302,-7237.075948,-7442.294974,7109.464717,7287.520609,9546.364925,10644.365743999999,11465.911721,-3325.8638069999997,-3370.4253430000003
114,Marshall Islands,584,-3.055847,5.835497,9.752051,4.177234,6.588261,,,,,,,,,,
115,Mauritania,478,271.19784,587.243766,772.890477,886.916359,977.700486,1.035,9.664,3.637,4.778667,6.026555,270.16283999999996,577.5797660000001,769.2534770000001,882.137692,971.6739309999999
116,Mauritius,480,378.764432,479.99589,460.511368,471.422103,245.941042,28.29411,89.229037,98.413264,57.282169,26.070747,350.470322,390.76685299999997,362.09810400000003,414.139934,219.870295
117,Mexico,484,31068.617,34200.409,33729.6144,34096.9279,29079.433,193.337,3987.868,8364.591,10985.337,6528.125,30875.28,30212.541,25365.0234,23111.590900000003,22551.308
118,Mongolia,496,-4156.405,1494.35,2173.741,2443.343,1719.115941,14.472,48.614,37.046,126.974,25.967215,-4170.8769999999995,1445.7359999999999,2136.695,2316.3689999999997,1693.1487260000001
119,Montenegro,499,226.409643,558.565764,489.814821,417.069688,528.873208,-184.879679,11.426667,108.974101,75.479765,-5.158898,411.28932199999997,547.139097,380.84072,341.589923,534.032106
120,Montserrat,500,1.684444,1.607407,1.707037,5.507407,0.257121,,,,,,,,,,
121,Morocco,504,2157.149441,2686.029715,3558.878862,1719.961452,1763.111483,579.659607,1020.945109,782.081848,892.994919,491.742154,1577.489834,1665.0846060000001,2776.7970139999998,826.966533,1271.3693289999999
122,Mozambique,508,3093.4,2293.1,2703.031294,2211.654426,2337.297117,34.7,26.0,-25.30488,-30.88619,153.380151,3058.7000000000003,2267.1,2728.336174,2242.540616,2183.9169660000002
123,Myanmar,104,2989.0,4341.0,3554.048,2766.0,1834.212,,,,,,,,,,
124,Namibia,516,355.590232,279.946036,208.556758,-178.925671,-74.6114,-4.758974,-65.63855,98.484326,9.141283,50.144684,360.34920600000004,345.584586,110.072432,-188.06695399999998,-124.756084
125,Nepal,524,106.133571,197.775964,67.055675,184.995134,126.492576,,,,,,,,,,
126,Netherlands,528,59734.12145,16557.652986,87670.589013,48962.710752,-115300.251146,185164.153993,19091.515008,-45379.393745,84866.507563,-161050.937036,-125430.03254300001,-2533.8620219999975,133049.982758,-35903.79681100001,45750.68588999999
127,New Caledonia,540,414.176023,410.145856,249.817258,661.760629,442.822278,79.763043,78.517071,96.074273,83.188748,85.534155,334.41298,331.628785,153.742985,578.571881,357.288123
128,New Zealand,554,2844.354103,2428.574474,2397.49581,4278.349666,4216.443221,195.610255,227.368002,426.221477,-171.950918,879.992841,2648.743848,2201.206472,1971.2743329999998,4450.3005840000005,3336.45038
129,Nicaragua,558,989.1,1035.4,837.6,503.0,182.3,65.3,64.5,75.1,59.1,39.5,923.8000000000001,970.9000000000001,762.5,443.9,142.8
130,Niger,562,301.332478,338.71071,466.042273,717.14764,366.793709,40.212241,29.088786,38.617404,32.02756,27.125743,261.120237,309.62192400000004,427.424869,685.12008,339.667966
131,Nigeria,566,3453.258408,2412.974916,775.2474,2305.099812,2385.277666,335.464994,310.830719,565.569112,285.318846,-337.869298,3117.793414,2102.144197,209.67828799999995,2019.7809659999998,2723.146964
132,North Macedonia,807,374.604282,205.262028,725.20283,446.402152,273.927194,23.854907,1.980321,12.248899,39.720333,39.024231,350.749375,203.28170699999998,712.9539309999999,406.681819,234.902963
133,Norway,578,-3899.880952,-5849.000262,225.760836,16287.386364,-2394.371268,3091.904762,-2220.470594,11408.177067,5560.340909,-1063.315375,-6991.785714,-3628.5296679999997,-11182.416231000001,10727.045455,-1331.055893
134,Oman,512,2265.279584,2918.075423,5940.182055,3420.026008,4092.761162,356.306892,2423.927178,715.214564,626.788036,1255.309926,1908.9726919999998,494.14824499999986,5224.967491,2793.237972,2837.451236
135,Pakistan,586,2576.0,2496.0,1737.0,2234.0,2105.0,52.0,52.0,-21.0,-85.0,34.0,2524.0,2444.0,1758.0,2319.0,2071.0
136,Palau,585,36.008019,27.484633,21.5,22.0,24.0,,,1.2,,,,,20.3,,
137,Palestine,275,296.7,188.344526,251.628395,131.879984,52.0,44.777319,2.851664,30.881186,56.476884,61.0,251.92268099999998,185.492862,220.747209,75.40310000000001,-9.0
138,Panama,591,4745.4,4176.645,5080.392578,4320.375729,588.653819,-188.195315,137.841,-163.0894,-634.354694,38.60972,4933.595315,4038.8040000000005,5243.481978,4954.730423,550.044099
139,Papua New Guinea,598,-39.764921,-180.17671,-341.200432,-900.655579,-935.493565,-0.031918,-0.03136,305.663464,335.176757,114.157539,-39.733003000000004,-180.14535,-646.863896,-1235.832336,-1049.651104
140,Paraguay,600,425.334759,576.181374,457.636953,522.336212,568.333465,,,,,,,,,,
141,Peru,604,6739.051858,6860.492819,6967.475789,8055.416499,981.749851,1155.961998,500.069431,136.190197,940.665528,503.477474,5583.08986,6360.423388,6831.285592,7114.7509709999995,478.27237700000006
142,Philippines,608,6915.149,8703.550653,6602.459617,8671.365874,6542.261712,1032.334,1751.839754,769.559033,3350.936705,3525.188483,5882.8150000000005,6951.710899,5832.900584000001,5320.429168999999,3017.0732290000005
143,Poland,616,15690.147561,9172.340071,15996.269918,10852.521569,10079.564238,11599.987826,2169.485067,891.044343,1290.209995,1820.915332,4090.1597349999993,7002.855004000001,15105.225575,9562.311574000001,8258.648906
144,Portugal,620,5065.822944,7752.151776,7115.338198,12084.401691,6323.591369,871.920368,-749.410018,799.437364,3344.485178,2287.582393,4193.9025759999995,8501.561794,6315.900834,8739.916513,4036.0089759999996
145,Qatar,634,773.901,985.989011,-2186.263736,-2812.637363,-2433.928846,7901.923,1694.78022,3522.802198,4450.274725,2730.142388,-7128.022,-708.7912090000001,-5709.065934,-7262.912088,-5164.071234
146,Republic of Korea,410,12104.3,17912.9,12182.6,9634.3,9223.6,29889.5,34069.4,38220.4,35239.0,32479.7,-17785.2,-16156.5,-26037.800000000003,-25604.7,-23256.1
147,Republic of Moldova,498,84.18,151.59,292.07,503.06,54.78,9.12,12.62,38.05,41.54,-11.6,75.06,138.97,254.01999999999998,461.52,66.38
148,Romania,642,5000.387417,5419.471086,6218.911348,5791.043306,2321.640286,4.615793,-96.598547,379.086696,362.709846,201.666236,4995.771624,5516.069632999999,5839.824651999999,5428.33346,2119.97405
149,Russian Federation,643,37175.766913,25953.535828,13227.642062,32075.621933,9676.068797,26951.187156,34153.096111,35819.671314,22023.982236,6311.367903,10224.579757,-8199.560282999999,-22592.029252,10051.639696999999,3364.7008939999996
150,Rwanda,646,342.3,356.436501,381.911599,353.844486,134.754943,47.756564,15.686571,17.964147,5.432309,,294.54343600000004,340.74993,363.947452,348.41217700000004,
151,Saint Kitts and Nevis,659,93.77,50.927407,84.843333,92.266667,47.090862,-0.652593,-0.443704,-0.462593,,-6.467426,94.42259299999999,51.371111,85.305926,,53.558288000000005
152,Saint Lucia,662,129.32037,131.028889,135.135556,30.640741,14.922428,5.425926,5.607778,13.190741,8.074815,-39.194479,123.894444,125.421111,121.944815,22.565925999999997,54.116907
153,Saint Vincent and the Grenadines,670,153.077037,98.13963,100.46963,113.066667,72.892264,-9.347778,-4.646296,-4.756667,-6.250247,-3.229607,162.424815,102.785926,105.22629699999999,119.316914,76.121871
154,Samoa,882,2.549967,9.078017,16.722124,-2.151612,-0.774462,15.289049,0.098973,0.037707,4.314424,4.920771,-12.739082,8.979043999999998,16.684417,-6.466036,-5.695233
155,Sao Tome and Principe,678,30.607771,29.184452,23.203612,24.191799,47.112185,1.006101,0.322067,2.393965,0.938906,0.853447,29.60167,28.862385,20.809647,23.252893,46.258737999999994
156,Saudi Arabia,682,7452.533333,1418.843614,4247.119093,4562.573671,5486.095693,8936.155333,7279.599195,19252.328473,13547.065583,4854.208727,-1483.6220000000003,-5860.755580999999,-15005.20938,-8984.491912,631.886966
157,Senegal,686,472.409796,588.292998,847.841575,1065.46282,1480.500726,223.862541,82.4153,52.80833,71.064034,171.462305,248.54725499999998,505.877698,795.0332450000001,994.398786,1309.038421
158,Serbia,688,2352.016562,2878.291575,4090.505675,4269.812527,3439.793434,249.810172,146.601231,362.790848,294.456727,124.831417,2102.20639,2731.690344,3727.714827,3975.3558000000003,3314.9620170000003
159,Seychelles,690,155.238,191.947661,119.523531,143.741856,122.294836,10.257,5.860303,5.05402,-2.05826,10.24901,144.981,186.08735800000002,114.46951100000001,145.800116,112.045826
160,Sierra Leone,694,137.965734,128.88345,217.812919,367.7,348.7,,,,,,,,,,
161,Singapore,702,70221.273208,84670.982599,75968.719835,114161.849287,90561.858666,38157.14234,64882.651546,22035.123461,50578.08553,32375.473096,32064.130868,19788.331052999994,53933.596374,63583.76375700001,58186.38557
162,Sint Maarten (Dutch part),534,54.709962,64.248297,-196.625698,58.93959,25.299934,2.649801,2.178771,3.921136,1.26364,3.57919,52.060160999999994,62.069525999999996,-200.546834,57.67595,21.720744
163,Slovakia,703,805.90078,4016.770767,1675.084894,2448.710806,-1929.725205,95.550794,1325.384598,321.694624,153.254985,233.45585,710.3499860000001,2691.386169,1353.39027,2295.455821,-2163.181055
164,Slovenia,705,1245.942087,897.753076,1384.172995,1226.621691,529.099659,289.858537,338.337796,280.863806,389.483329,555.055562,956.0835499999998,559.4152799999999,1103.3091889999998,837.138362,-25.955903000000035
165,Solomon Islands,90,38.607527,42.8399,24.838211,32.808616,9.13347,1.34517,7.065582,8.997291,4.025833,3.415564,37.262356999999994,35.774318,15.84092,28.782783000000002,5.717906000000001
166,Somalia,706,330.0,369.0,408.0,447.0,464.0,,,,,,,,,,
167,South Africa,710,2235.001472,2008.360978,5449.554014,5124.986962,3106.48726,4474.489806,7371.170387,4076.114369,3146.640115,-1973.254317,-2239.4883339999997,-5362.809409,1373.4396450000004,1978.3468469999998,5079.741577
168,South Sudan,728,-7.85,1.42,60.14,-231.84,17.5,,,,,,,,,,
169,Spain,724,31569.396294,41966.313078,53494.91953,8514.725572,8928.407175,43945.539173,56045.45814,37733.888225,19671.411747,21422.067925,-12376.142878999999,-14079.145062000003,15761.031304999997,-11156.686174999999,-12493.66075
170,Sri Lanka,144,897.049,1372.723,1614.044,758.187,433.869416,236.808,71.791,67.857,77.363,14.542784,660.241,1300.932,1546.1870000000001,680.8240000000001,419.326632
171,Sudan,729,1063.767535,1065.298481,1135.787164,825.354992,716.939711,,,,,,,,,,
172,Suriname,740,299.987,98.2,119.191,-19.5,-27.10426,,,,,,,,,,
173,Sweden,752,19140.760501,15900.131713,4221.446536,10112.335673,26109.330317,4699.374795,27361.542943,17834.533101,15549.225346,31014.48605,14441.385706000001,-11461.41123,-13613.086565000001,-5436.889673,-4905.155733
174,Switzerland,756,150467.364466,110723.032259,-68313.413963,-79077.278703,-47171.937969,166852.305692,19522.395511,43491.476493,-43722.641731,16767.537787,-16384.941225999995,91200.636748,-111804.890456,-35354.636972,-63939.475756
175,Tajikistan,762,345.407057,307.029681,359.617602,212.809731,106.534793,35.093312,159.086159,81.50617,23.212629,70.334962,310.31374500000004,147.94352199999997,278.111432,189.597102,36.19983099999999
176,Thailand,764,2491.280295,7874.923355,11144.488574,3063.020525,-6099.734518,12397.73486,13806.802998,15326.147913,8390.539984,16715.586293,-9906.454565,-5931.879642999999,-4181.659339,-5327.519458999999,-22815.320811
177,Timor-Leste,626,5.479,6.716,47.926,74.58,72.378586,12.667,,,,693.867525,-7.188,,,,-621.488939
178,Togo,768,-46.308336,88.560066,-183.387577,345.696967,639.483236,256.966648,-32.575183,70.205705,42.842154,931.339213,-303.274984,121.13524900000002,-253.593282,302.854813,-291.85597699999994
179,Tonga,776,8.846123,13.780786,15.047474,12.558128,-0.467915,1.173465,1.450609,0.5,1.041358,0.392539,7.672658,12.330177,14.547474,11.51677,-0.860454
180,Trinidad and Tobago,780,-23.598182,-470.9,-700.185701,183.972765,-438.711033,-25.339199,-12.03625,65.041764,114.158995,172.402616,1.7410169999999994,-458.86375,-765.2274649999999,69.81377,-611.113649
181,Tunisia,788,884.996951,880.78779,1035.941738,844.796934,652.121814,241.616737,57.451667,34.002464,21.810006,43.379968,643.380214,823.3361229999999,1001.939274,822.9869279999999,608.741846
182,Türkiye,792,13651.0,10965.0,12840.0,9290.0,7880.0,2954.0,2626.0,3605.0,2967.0,3240.0,10697.0,8339.0,9235.0,6323.0,4640.0
183,Turkmenistan,795,2243.16,2085.944135,1997.297379,2129.436528,1169.442175,,,,,,,,,,
184,Turks and Caicos Islands,796,16.59,22.068,42.227,26.961667,30.418889,,,,,,,,,,
185,Tuvalu,798,0.3,0.3,0.298862,0.298862,0.1,,,,,,,,,,
186,Uganda,800,625.704362,802.704141,1055.353353,1258.885586,822.589738,0.1529,0.309433,0.327252,0.331312,0.330267,625.5514619999999,802.394708,1055.026101,1258.554274,822.259471
187,Ukraine,804,3809.651871,3692.0,4454.969953,5860.41434,-868.0,16.0,8.0,-5.0,648.0,82.0,3793.651871,3684.0,4459.969953,5212.41434,-950.0
188,United Arab Emirates,784,9604.773,10354.223,10385.286,17874.659401,19884.468665,15711.4,14059.946,15079.292,21226.158038,18937.3297,-6106.627,-3705.723,-4694.005999999999,-3351.4986370000006,947.1389650000019
189,United Kingdom of Great Britain and Northern Ireland,826,258698.675452,96353.831501,65299.413501,45454.371398,19724.358974,-37605.82207,142373.034055,41424.515564,-6080.835285,-33408.974359,296304.497522,-46019.202554,23874.897937,51535.206683000004,53133.333333
190,United Republic of Tanzania,834,864.04,937.7,971.576866,990.626174,1012.626174,,,,,,,,,,
191,United States of America,840,459419.0,295296.0,223401.0,261412.0,156321.0,284469.0,327781.0,-194412.0,93552.0,92811.0,174950.0,-32485.0,417813.0,167860.0,63510.0
192,Uruguay,858,-1825.327407,-600.678582,163.486037,1836.946845,2629.798334,2.304628,1477.92679,663.657809,590.412869,17.004842,-1827.632035,-2078.605372,-500.17177200000003,1246.533976,2612.7934920000002
193,Uzbekistan,860,1662.586807,1797.341436,624.686535,2316.482962,1725.688329,5.817261,9.020949,1.911236,3.088905,1.743108,1656.769546,1788.320487,622.775299,2313.394057,1723.9452210000002
194,Vanuatu,548,43.939156,38.248639,37.471066,35.133027,29.560294,0.924839,1.066584,1.362502,0.171704,1.838562,43.014317,37.182055,36.108564,34.961323,27.721732
195,Venezuela (Bolivarian Republic of),862,1068.0,-68.0,886.0,934.0,958.666667,1041.0,2234.0,661.0,1076.0,-78.666667,27.0,-2302.0,225.0,-142.0,1037.333334
196,Viet Nam,704,12600.0,14100.0,15500.0,16120.0,15800.0,1000.0,480.0,598.0,465.0,380.0,11600.0,13620.0,14902.0,15655.0,15420.0
197,Yemen,887,-561.0,-269.85,-282.098333,-370.982778,,0.787,5.601,3.605667,3.331222,,-561.787,-275.451,-285.704,-374.314,
