,Area Code (M49),Area,Unit,Total FDI inflows 2016,Total FDI inflows 2017,Total FDI inflows 2018,Total FDI inflows 2019,Total FDI inflows 2020,Total FDI outflows 2016,Total FDI outflows 2017,Total FDI outflows 2018,Total FDI outflows 2019,Total FDI outflows 2020,Net FDI 2016,Net FDI 2017,Net FDI 2018,Net FDI 2019,Net FDI 2020
0,4,Afghanistan,millions,93.59,53.39,119.44,38.533333,12.970492,14.78,10.8,40.53,25.946667,37.112627,78.81,42.59,78.91,12.586665999999997,-24.142135000000003
1,8,Albania,millions,1100.671891,1148.891224,1289.690235,1287.978184,1106.560092,64.200483,26.197174,82.56079,127.855221,89.433996,1036.4714079999999,1122.69405,1207.129445,1160.122963,1017.126096
2,12,Algeria,millions,1636.299236,1232.341924,1466.084654,1381.811818,1125.414826,46.202384,-28.605242,845.268059,30.989854,15.518489,1590.0968520000001,1260.9471660000002,620.816595,1350.821964,1109.896337
3,24,Angola,millions,-179.517619,-7397.295409,-6456.076413,-4098.478748,-1866.468113,273.005,1352.005057,5.714168,-2349.425835,90.514469,-452.52261899999996,-8749.300466,-6461.790581,-1749.0529130000004,-1956.9825819999999
4,660,Anguilla,millions,60.253704,53.534815,55.784444,125.088889,26.304077,-1.646667,-0.57963,-0.556296,-0.927531,-0.902742,61.900371,54.114445,56.340740000000004,126.01642,27.206819
5,28,Antigua and Barbuda,millions,80.641481,112.936667,116.493704,139.466667,22.367073,11.998148,13.266296,8.563704,11.276049,9.818515,68.643333,99.670371,107.92999999999999,128.190618,12.548558000000002
6,32,Argentina,millions,3260.164342,11516.861462,11872.856663,6663.062112,4122.734958,1786.530935,1155.630218,1802.220667,1539.216163,1234.012059,1473.633407,10361.231244,10070.635996,5123.845949,2888.7228990000003
7,51,Armenia,millions,333.733314,250.93511,254.146164,254.077252,117.296453,70.519382,29.056824,7.012506,-142.555366,-27.278869,263.213932,221.878286,247.133658,396.632618,144.575322
8,533,Aruba,millions,27.541899,87.862279,110.17565,-133.317939,113.710125,-0.391061,8.579362,4.624964,1.666465,-10.041281,27.93296,79.282917,105.550686,-134.98440399999998,123.751406
9,36,Australia,millions,48401.364843,45225.175511,68477.419509,39224.000995,20146.102946,2304.472908,6355.958184,7799.541546,9265.856892,9171.521281,46096.891935,38869.217327,60677.877963,29958.144103000002,10974.581665
10,40,Austria,millions,-8508.306429,14953.062086,5287.327675,967.544649,-17339.686992,-2033.498539,10251.113582,5611.767314,10894.372318,-3213.226951,-6474.80789,4701.948504,-324.43963899999926,-9926.827669,-14126.460040999998
11,31,Azerbaijan,millions,4500.0,2867.0,1403.0,1503.9,507.1,2574.0,2564.0,1761.0,2431.7,825.3,1926.0,303.0,-358.0,-927.7999999999997,-318.19999999999993
12,44,Bahamas,millions,1259.5,901.448,947.43,610.957174,896.78392,358.587408,151.066,117.328,148.391,156.738049,900.912592,750.382,830.102,462.56617400000005,740.045871
13,48,Bahrain,millions,243.351064,1426.06383,1654.255319,1501.329787,1006.648936,-880.053191,228.989361,111.170213,-197.074468,-205.053191,1123.404255,1197.0744690000001,1543.085106,1698.404255,1211.702127
14,50,Bangladesh,millions,2332.72,2151.56,3613.3,2873.95,2563.58,40.53,141.96,23.24,27.58,11.6,2292.1899999999996,2009.6,3590.0600000000004,2846.37,2551.98
15,52,Barbados,millions,269.334927,206.157363,241.5965,215.370129,262.1,-193.50206,-27.652178,9.2045,27.828806,7.5,462.836987,233.809541,232.392,187.54132299999998,254.60000000000002
16,112,Belarus,millions,1237.8,1278.5,1421.0,1293.1,1396.8,113.8,70.0,49.7,16.0,82.2,1124.0,1208.5,1371.3,1277.1,1314.6
17,56,Belgium,millions,59242.655686,-708.306504,30820.575078,2886.006117,8437.406483,36374.001018,29698.037754,39498.235653,1580.698463,10227.228597,22868.654667999996,-30406.344258,-8677.660575000002,1305.307654,-1789.8221139999987
18,84,Belize,millions,43.9875,24.4945,118.275547,93.910242,76.202814,1.719,0.3225,0.7185,2.1185,4.449388,42.268499999999996,24.171999999999997,117.557047,91.791742,71.753426
19,204,Benin,millions,131.790684,200.902719,194.073683,218.207872,175.86377,17.381037,31.907388,9.770519,27.149514,24.096551,114.409647,168.995331,184.30316399999998,191.058358,151.76721899999998
20,60,Bermuda,millions,82.0,-288.109271,95.416371,4.389826,114.253538,72.0,-41.561602,-35.028302,-37.771563,341.166625,10.0,-246.54766899999998,130.444673,42.161389,-226.91308700000002
21,64,Bhutan,millions,-33.915118,-9.385654,6.522392,2.709358,2.508058,,,,,,,,,,
22,68,Bolivia (Plurinational State of),millions,335.36553,712.474138,302.368781,-216.636843,-1048.050943,88.86604,79.693113,-84.465304,48.314313,-101.804532,246.49948999999998,632.781025,386.834085,-264.95115599999997,-946.246411
23,70,Bosnia and Herzegovina,millions,349.75913,491.888017,574.342521,400.092905,370.807986,38.617983,78.51699,-24.169759,3.268625,-5.066712,311.14114700000005,413.37102699999997,598.51228,396.82428,375.874698
24,72,Botswana,millions,142.522577,260.575045,285.955062,93.607127,80.062756,-169.693691,0.86581,-82.078795,19.794884,16.930687,312.216268,259.709235,368.033857,73.81224300000001,63.132068999999994
25,76,Brazil,millions,53700.383657,66584.927444,59802.40649,65386.041322,24777.734035,-5900.75235,19040.367814,-16335.596649,19031.494453,-25808.417742,59601.136007,47544.55963,76138.00313900001,46354.546869,50586.15177700001
26,92,British Virgin Islands,millions,49022.945937,39609.971335,34389.709123,39103.361611,39619.63521,30167.796257,50904.064254,41586.972788,44153.535471,42280.161615,18855.149679999995,-11294.092918999995,-7197.263664999999,-5050.173860000003,-2660.526404999997
27,96,Brunei Darussalam,millions,-149.641293,460.083714,382.01849,274.599606,577.42681,,,,,,,,,,
28,100,Bulgaria,millions,1040.26088,1813.850191,1142.612472,1717.079702,2425.934663,405.077717,330.56265,248.605335,420.209505,203.734685,635.183163,1483.287541,894.0071370000001,1296.870197,2222.199978
29,854,Burkina Faso,millions,390.622114,2.57269,268.414908,162.969543,148.555726,50.50784,10.268821,67.713349,16.431847,22.107654,340.114274,-7.696131000000001,200.70155900000003,146.53769599999998,126.448072
30,108,Burundi,millions,0.055481,0.316473,0.983747,1.044959,6.05709,0.036443,0.009948,6e-06,0.74804,1.721128,0.019038,0.306525,0.9837410000000001,0.29691899999999993,4.335961999999999
31,132,Cabo Verde,millions,124.726336,110.841683,109.786869,106.52029,73.148062,-10.423314,-8.838214,-10.688597,-27.246298,-44.795161,135.14965,119.67989700000001,120.475466,133.766588,117.94322299999999
32,116,Cambodia,millions,2475.916,2785.731,3207.587,3661.927918,3624.64499,79.074,114.858,123.964,101.838,126.79873,2396.842,2670.873,3083.623,3560.0899179999997,3497.84626
33,120,Cameroon,millions,663.789,814.002,761.54955,1026.915328,488.229383,-38.889,21.865,109.654133,127.259939,84.512131,702.678,792.137,651.895417,899.655389,403.717252
34,124,Canada,millions,36055.874232,22766.845925,38239.938016,47837.153196,23822.78532,69506.619544,76188.421653,57417.013809,78897.763253,48655.149711,-33450.745312,-53421.575727999996,-19177.075792999996,-31060.610056999998,-24832.364391
35,136,Cayman Islands,millions,58815.590788,15173.395232,20680.811776,28165.128983,23621.049432,16603.755232,4079.220602,8261.259965,31629.917851,10834.716892,42211.835556000005,11094.174630000001,12419.551811,-3464.7888679999996,12786.33254
36,140,Central African Republic,millions,7.25609,6.888751,18.003535,25.601157,34.747196,,,,,,,,,,
37,148,Chad,millions,244.682121,363.381636,460.890508,566.638948,557.692503,,,,,,,,,,
38,152,Chile,millions,12071.931659,6203.318024,7742.476074,12525.392831,8385.907025,8235.762695,3599.03948,1292.090663,9278.230826,11582.751045,3836.1689640000004,2604.2785440000002,6450.385411,3247.1620049999983,-3196.8440200000005
39,344,"China, Hong Kong SAR",millions,117386.968985,110684.502614,104245.710276,73714.027344,119229.366077,59702.79236,86703.878356,82201.314027,53201.941777,102224.241838,57684.176625,23980.624257999996,22044.396248999998,20512.085567000002,17005.124238999997
40,446,"China, Macao SAR",millions,1958.709503,1254.423125,2497.241563,6689.821039,3513.845973,-1001.618499,813.979566,142.954351,561.429508,509.78033,2960.328002,440.44355900000005,2354.287212,6128.391531,3004.065643
41,156,"China, mainland",millions,133711.0,136315.0,138305.0,141225.0,149342.0,196149.43,158290.0,143037.31,136905.23,132940.0,-62438.42999999999,-21975.0,-4732.309999999998,4319.7699999999895,16402.0
42,158,"China, Taiwan Province of",millions,9692.0,3401.0,7114.0,8240.0,8802.0,17946.0,11552.0,18058.0,11787.0,14268.0,-8254.0,-8151.0,-10944.0,-3547.0,-5466.0
43,170,Colombia,millions,13848.0,13836.696227,11535.119873,14313.590447,7690.222333,4517.0,3689.564075,5126.317721,3218.668258,1966.132118,9331.0,10147.132152,6408.802151999999,11094.922189,5724.090215
44,174,Comoros,millions,3.569824,3.919473,5.672348,3.677361,8.555424,,,,,,,,,,
45,178,Congo,millions,1611.618196,4416.953734,4315.250918,3366.085012,4015.531451,10.381272,44.933603,13.614874,22.645836,27.173337,1601.2369239999998,4372.020130999999,4301.636044,3343.439176,3988.3581139999997
46,184,Cook Islands,millions,10.463203,1.918641,11.558709,7.980184,7.152511,0.313951,0.319736,0.311363,0.315017,0.315372,10.149252,1.598905,11.247346,7.665167,6.837139
47,188,Costa Rica,millions,2203.948381,2778.314023,2336.535228,2748.310173,1710.765399,76.913356,126.220639,53.38959,117.118402,86.771375,2127.035025,2652.093384,2283.145638,2631.191771,1623.9940239999999
48,384,Côte d'Ivoire,millions,577.871519,975.014998,620.330646,935.684597,508.531022,28.651433,676.031029,144.65216,119.514378,158.057404,549.220086,298.983969,475.678486,816.1702190000001,350.473618
49,191,Croatia,millions,273.228399,539.709222,1171.461739,1335.84245,1304.029898,-1938.495938,-724.669852,200.875797,167.434253,235.46155,2211.724337,1264.379074,970.585942,1168.4081970000002,1068.568348
50,531,Curaçao,millions,133.046405,172.678986,126.888268,55.915084,164.162218,38.821373,-145.267009,30.106145,11.246927,3.9304,94.225032,317.94599500000004,96.782123,44.668157,160.231818
51,196,Cyprus,millions,10928.262602,9422.629933,-1735.267119,26183.25767,-3646.803063,8689.646012,8678.391837,-7326.390104,20236.877108,-5954.124485,2238.6165900000015,744.238096000001,5591.122985,5946.3805619999985,2307.3214220000004
52,203,Czechia,millions,9814.76887,9521.682018,11010.36396,10108.406972,6292.550409,2181.805996,7560.010489,8662.556097,4128.152732,3142.397047,7632.962874,1961.6715289999993,2347.807863,5980.254240000001,3150.1533620000005
53,408,Democratic People's Republic of Korea,millions,89.317272,-12.832422,1.953529,29.89501,6.338706,,,,,,,,,,
54,180,Democratic Republic of the Congo,millions,1204.708617,1340.204101,1616.794884,1488.05357,1646.921056,272.333948,292.224618,209.231296,133.924629,148.836248,932.374669,1047.979483,1407.563588,1354.128941,1498.0848079999998
55,208,Denmark,millions,235.303904,3748.81302,1198.488777,3587.103998,1151.303119,10110.491821,9518.2564,-369.460137,11403.943985,4395.342695,-9875.187917,-5769.443380000001,1567.948914,-7816.839986999999,-3244.039576
56,262,Djibouti,millions,159.998875,165.001125,170.003376,222.0,240.0,,,,,,,,,,
57,212,Dominica,millions,41.154815,-2.112222,-37.178148,32.551852,25.210223,0.047037,0.040741,0.038148,0.041975,0.080544,41.107777999999996,-2.152963,-37.216296,32.509876999999996,25.129679
58,214,Dominican Republic,millions,2406.7,3570.7,2535.3,3021.0,2554.3,,,,,,,,,,
59,218,Ecuador,millions,755.954868,624.469412,1388.175763,961.518496,1016.949293,,,,,,,,,,
60,818,Egypt,millions,8106.8,7408.7,8141.3,9010.0,5851.8,206.6,199.0,323.5,405.0,326.5,7900.2,7209.7,7817.8,8605.0,5525.3
61,222,El Salvador,millions,347.424796,889.072922,826.009559,636.168174,200.463777,-0.428126,0.2284,-0.037397,0.404826,-0.719973,347.85292200000004,888.844522,826.046956,635.7633480000001,201.18375
62,226,Equatorial Guinea,millions,53.998813,304.827249,396.07778,452.287112,529.894746,,,,,,,,,,
63,232,Eritrea,millions,52.305,55.468,61.015,67.116,73.828,,,,,,,,,,
64,233,Estonia,millions,1059.409595,1942.39331,1497.755249,3091.332008,3155.933563,486.924259,880.995746,58.044306,1987.286879,218.462726,572.4853360000001,1061.3975639999999,1439.710943,1104.0451289999999,2937.470837
65,748,Eswatini,millions,21.384868,-56.010183,36.474449,130.221496,40.919495,-7.132213,65.483928,-10.51256,22.207889,-14.322958,28.517081,-121.494111,46.987009,108.01360700000001,55.242453
66,231,Ethiopia,millions,4142.937496,4017.1,3310.3,2548.8,2395.375577,,,,,,,,,,
67,242,Fiji,millions,389.841027,386.185942,470.973182,321.006409,240.547214,-16.422399,-1.644991,-3.640928,-36.011966,13.648069,406.263426,387.830933,474.61411,357.018375,226.899145
68,246,Finland,millions,8582.210932,2864.234475,-2171.245625,13611.694482,2574.691331,24276.637666,-573.773455,11454.73634,4865.23762,6604.19157,-15694.426733999999,3438.00793,-13625.981964999999,8746.456862000001,-4029.500239
69,250,France,millions,23077.217684,24832.525615,38185.013203,33964.866402,17932.487042,64847.892453,35984.681601,105635.283169,38663.302272,44203.00946,-41770.674769000005,-11152.155985999998,-67450.26996599999,-4698.435870000001,-26270.522418
70,258,French Polynesia,millions,61.575789,79.265984,63.418521,25.381059,55.666725,24.245498,15.441375,-28.264125,4.343634,-2.425404,37.330291,63.824609,91.682646,21.037425,58.092129
71,266,Gabon,millions,1243.66016,1314.02933,1379.070816,1553.136875,1716.511506,45.3,-83.709,-62.928333,-33.779111,0.0,1198.36016,1397.7383300000001,1441.999149,1586.915986,1716.511506
72,270,Gambia,millions,-27.7,18.444836,51.94,43.93,45.72,0.0,0.0,0.0,0.0,0.0,-27.7,18.444836,51.94,43.93,45.72
73,268,Georgia,millions,1652.577348,1978.281581,1306.290006,1310.773789,616.865566,0.0,0.0,0.0,0.0,0.0,1652.577348,1978.281581,1306.290006,1310.773789,616.865566
74,276,Germany,millions,15633.147373,48641.41842,62072.967694,54062.912247,35651.049793,0.0,0.0,0.0,0.0,0.0,15633.147373,48641.41842,62072.967694,54062.912247,35651.049793
75,288,Ghana,millions,3485.3,3255.0,2989.0,3879.0,1877.0,0.0,0.0,0.0,0.0,0.0,3485.3,3255.0,2989.0,3879.0,1877.0
76,300,Greece,millions,2765.153451,3484.859714,3973.265169,5019.347114,3572.02383,0.0,0.0,0.0,0.0,0.0,2765.153451,3484.859714,3973.265169,5019.347114,3572.02383
77,308,Grenada,millions,94.898148,111.670741,126.990741,131.044444,146.104042,0.0,0.0,0.0,0.0,0.0,94.898148,111.670741,126.990741,131.044444,146.104042
78,320,Guatemala,millions,1174.37206,1130.01766,980.65193,974.7093,915.17363,0.0,0.0,0.0,0.0,0.0,1174.37206,1130.01766,980.65193,974.7093,915.17363
79,324,Guinea,millions,1618.44726,577.59,352.76,44.4,324.916667,0.0,0.0,0.0,0.0,0.0,1618.44726,577.59,352.76,44.4,324.916667
80,624,Guinea-Bissau,millions,23.998591,15.691198,20.563818,71.65868,20.41038,0.0,0.0,0.0,0.0,0.0,23.998591,15.691198,20.563818,71.65868,20.41038
81,328,Guyana,millions,57.999078,212.151382,1231.06,1695.293219,1833.891321,0.0,0.0,0.0,0.0,0.0,57.999078,212.151382,1231.06,1695.293219,1833.891321
82,332,Haiti,millions,104.9,374.86,105.0,75.0,30.0,,,,,,,,,,
83,340,Honduras,millions,1139.4,1175.8,961.3,498.1,418.6,0.0,0.0,0.0,0.0,0.0,1139.4,1175.8,961.3,498.1,418.6
84,348,Hungary,millions,-5438.548392,3514.894612,6410.258176,3884.07177,4168.697792,0.0,0.0,0.0,0.0,0.0,-5438.548392,3514.894612,6410.258176,3884.07177,4168.697792
85,352,Iceland,millions,-427.243918,-41.398519,-381.467524,-301.50047,-810.963016,0.0,0.0,0.0,0.0,0.0,-427.243918,-41.398519,-381.467524,-301.50047,-810.963016
86,356,India,millions,44480.571754,39903.840402,42156.193365,50558.331002,64061.907725,0.0,0.0,0.0,0.0,0.0,44480.571754,39903.840402,42156.193365,50558.331002,64061.907725
87,360,Indonesia,millions,3921.23,20579.23,20563.47,23883.25,18581.08,0.0,0.0,0.0,0.0,0.0,3921.23,20579.23,20563.47,23883.25,18581.08
88,364,Iran (Islamic Republic of),millions,3372.0,5019.0,2373.0,1508.0,1342.0,0.0,0.0,0.0,0.0,0.0,3372.0,5019.0,2373.0,1508.0,1342.0
89,368,Iraq,millions,-6255.9,-5032.4,-4885.1,-3075.6,-2895.5,0.0,0.0,0.0,0.0,0.0,-6255.9,-5032.4,-4885.1,-3075.6,-2895.5
90,372,Ireland,millions,39413.561798,52834.920527,-16096.42265,81103.712626,33424.099892,0.0,0.0,0.0,0.0,0.0,39413.561798,52834.920527,-16096.42265,81103.712626,33424.099892
91,376,Israel,millions,11988.255,16892.825,21514.605,19047.249,24758.4,0.0,0.0,0.0,0.0,0.0,11988.255,16892.825,21514.605,19047.249,24758.4
92,380,Italy,millions,28468.517412,24047.082613,37682.197805,18145.567551,-388.346853,0.0,0.0,0.0,0.0,0.0,28468.517412,24047.082613,37682.197805,18145.567551,-388.346853
93,388,Jamaica,millions,915.776886,888.04,774.7,665.416,366.00921,0.0,0.0,0.0,0.0,0.0,915.776886,888.04,774.7,665.416,366.00921
94,392,Japan,millions,19358.836009,9355.587239,9255.891229,14552.38385,10253.735853,0.0,0.0,0.0,0.0,0.0,19358.836009,9355.587239,9255.891229,14552.38385,10253.735853
95,400,Jordan,millions,1552.957746,2029.71831,954.929577,729.71831,726.056338,0.0,0.0,0.0,0.0,0.0,1552.957746,2029.71831,954.929577,729.71831,726.056338
96,398,Kazakhstan,millions,8511.489337,4669.3,3627.876155,2873.724811,3877.36728,0.0,0.0,0.0,0.0,0.0,8511.489337,4669.3,3627.876155,2873.724811,3877.36728
97,404,Kenya,millions,1138.612882,1403.567589,1139.438224,1098.375947,716.756224,0.0,0.0,0.0,0.0,0.0,1138.612882,1403.567589,1139.438224,1098.375947,716.756224
98,296,Kiribati,millions,1.807,0.785,-1.144365,-0.55828,-0.305882,0.0,0.0,0.0,0.0,0.0,1.807,0.785,-1.144365,-0.55828,-0.305882
99,414,Kuwait,millions,418.746412,348.122169,204.016996,104.413282,-318.969904,0.0,0.0,0.0,0.0,0.0,418.746412,348.122169,204.016996,104.413282,-318.969904
100,417,Kyrgyzstan,millions,616.0,-107.0,144.0,404.0,-330.5,0.0,0.0,0.0,0.0,0.0,616.0,-107.0,144.0,404.0,-330.5
101,418,Lao People's Democratic Republic,millions,935.296173,1686.275786,1319.609797,557.17654,967.706086,0.0,0.0,0.0,0.0,0.0,935.296173,1686.275786,1319.609797,557.17654,967.706086
102,428,Latvia,millions,254.588121,708.306504,967.202506,874.309844,872.638223,0.0,0.0,0.0,0.0,0.0,254.588121,708.306504,967.202506,874.309844,872.638223
103,422,Lebanon,millions,2568.485071,2522.409653,2658.003845,2054.579557,3067.045569,0.0,0.0,0.0,0.0,0.0,2568.485071,2522.409653,2658.003845,2054.579557,3067.045569
104,426,Lesotho,millions,159.2,123.1,128.7,117.6,102.008164,,,,,,,,,,
105,430,Liberia,millions,453.18,247.84,129.13,86.68,86.96,0.0,0.0,0.0,0.0,0.0,453.18,247.84,129.13,86.68,86.96
106,440,Lithuania,millions,302.605654,1020.786028,976.638339,1169.470578,478.648918,0.0,0.0,0.0,0.0,0.0,302.605654,1020.786028,976.638339,1169.470578,478.648918
107,442,Luxembourg,millions,31899.891523,-6815.331955,-16756.576741,14791.620955,62144.634074,0.0,0.0,0.0,0.0,0.0,31899.891523,-6815.331955,-16756.576741,14791.620955,62144.634074
108,450,Madagascar,millions,450.626271,357.862206,352.551623,474.311425,359.141033,0.0,0.0,0.0,0.0,0.0,450.626271,357.862206,352.551623,474.311425,359.141033
109,454,Malawi,millions,116.099192,90.199691,959.395634,822.488231,98.018286,0.0,0.0,0.0,0.0,0.0,116.099192,90.199691,959.395634,822.488231,98.018286
110,458,Malaysia,millions,11335.968951,9398.805704,7618.337947,7812.777164,3482.70222,0.0,0.0,0.0,0.0,0.0,11335.968951,9398.805704,7618.337947,7812.777164,3482.70222
111,462,Maldives,millions,456.639057,457.808314,575.658028,956.153656,348.344832,,,,,,,,,,
112,466,Mali,millions,356.476589,563.20847,467.295391,720.638835,308.101915,0.0,0.0,0.0,0.0,0.0,356.476589,563.20847,467.295391,720.638835,308.101915
113,470,Malta,millions,4248.432623,3407.289796,4023.616747,3783.60091,3917.095266,0.0,0.0,0.0,0.0,0.0,4248.432623,3407.289796,4023.616747,3783.60091,3917.095266
114,584,Marshall Islands,millions,-3.055847,5.835497,9.752051,4.177234,6.588261,,,,,,,,,,
115,478,Mauritania,millions,271.19784,587.243766,772.890477,886.916359,977.700486,0.0,0.0,0.0,0.0,0.0,271.19784,587.243766,772.890477,886.916359,977.700486
116,480,Mauritius,millions,378.764432,479.99589,460.511368,471.422103,245.941042,0.0,0.0,0.0,0.0,0.0,378.764432,479.99589,460.511368,471.422103,245.941042
117,484,Mexico,millions,31068.617,34200.409,33729.6144,34096.9279,29079.433,0.0,0.0,0.0,0.0,0.0,31068.617,34200.409,33729.6144,34096.9279,29079.433
118,496,Mongolia,millions,-4156.405,1494.35,2173.741,2443.343,1719.115941,0.0,0.0,0.0,0.0,0.0,-4156.405,1494.35,2173.741,2443.343,1719.115941
119,499,Montenegro,millions,226.409643,558.565764,489.814821,417.069688,528.873208,0.0,0.0,0.0,0.0,0.0,226.409643,558.565764,489.814821,417.069688,528.873208
120,500,Montserrat,millions,1.684444,1.607407,1.707037,5.507407,0.257121,,,,,,,,,,
121,504,Morocco,millions,2157.149441,2686.029715,3558.878862,1719.961452,1763.111483,0.0,0.0,0.0,0.0,0.0,2157.149441,2686.029715,3558.878862,1719.961452,1763.111483
122,508,Mozambique,millions,3093.4,2293.1,2703.031294,2211.654426,2337.297117,0.0,0.0,0.0,0.0,0.0,3093.4,2293.1,2703.031294,2211.654426,2337.297117
123,104,Myanmar,millions,2989.0,4341.0,3554.048,2766.0,1834.212,,,,,,,,,,
124,516,Namibia,millions,355.590232,279.946036,208.556758,-178.925671,-74.6114,0.0,0.0,0.0,0.0,0.0,355.590232,279.946036,208.556758,-178.925671,-74.6114
125,524,Nepal,millions,106.133571,197.775964,67.055675,184.995134,126.492576,,,,,,,,,,
126,528,Netherlands,millions,59734.12145,16557.652986,87670.589013,48962.710752,-115300.251146,0.0,0.0,0.0,0.0,0.0,59734.12145,16557.652986,87670.589013,48962.710752,-115300.251146
127,540,New Caledonia,millions,414.176023,410.145856,249.817258,661.760629,442.822278,0.0,0.0,0.0,0.0,0.0,414.176023,410.145856,249.817258,661.760629,442.822278
128,554,New Zealand,millions,2844.354103,2428.574474,2397.49581,4278.349666,4216.443221,0.0,0.0,0.0,0.0,0.0,2844.354103,2428.574474,2397.49581,4278.349666,4216.443221
129,558,Nicaragua,millions,989.1,1035.4,837.6,503.0,182.3,0.0,0.0,0.0,0.0,0.0,989.1,1035.4,837.6,503.0,182.3
130,562,Niger,millions,301.332478,338.71071,466.042273,717.14764,366.793709,0.0,0.0,0.0,0.0,0.0,301.332478,338.71071,466.042273,717.14764,366.793709
131,566,Nigeria,millions,3453.258408,2412.974916,775.2474,2305.099812,2385.277666,0.0,0.0,0.0,0.0,0.0,3453.258408,2412.974916,775.2474,2305.099812,2385.277666
132,807,North Macedonia,millions,374.604282,205.262028,725.20283,446.402152,273.927194,0.0,0.0,0.0,0.0,0.0,374.604282,205.262028,725.20283,446.402152,273.927194
133,578,Norway,millions,-3899.880952,-5849.000262,225.760836,16287.386364,-2394.371268,0.0,0.0,0.0,0.0,0.0,-3899.880952,-5849.000262,225.760836,16287.386364,-2394.371268
134,512,Oman,millions,2265.279584,2918.075423,5940.182055,3420.026008,4092.761162,0.0,0.0,0.0,0.0,0.0,2265.279584,2918.075423,5940.182055,3420.026008,4092.761162
135,586,Pakistan,millions,2576.0,2496.0,1737.0,2234.0,2105.0,0.0,0.0,0.0,0.0,0.0,2576.0,2496.0,1737.0,2234.0,2105.0
136,585,Palau,millions,36.008019,27.484633,21.5,22.0,24.0,,,,,,,,,,
137,275,Palestine,millions,296.7,188.344526,251.628395,131.879984,52.0,0.0,0.0,0.0,0.0,0.0,296.7,188.344526,251.628395,131.879984,52.0
138,591,Panama,millions,4745.4,4176.645,5080.392578,4320.375729,588.653819,0.0,0.0,0.0,0.0,0.0,4745.4,4176.645,5080.392578,4320.375729,588.653819
139,598,Papua New Guinea,millions,-39.764921,-180.17671,-341.200432,-900.655579,-935.493565,0.0,0.0,0.0,0.0,0.0,-39.764921,-180.17671,-341.200432,-900.655579,-935.493565
140,600,Paraguay,millions,425.334759,576.181374,457.636953,522.336212,568.333465,,,,,,,,,,
141,604,Peru,millions,6739.051858,6860.492819,6967.475789,8055.416499,981.749851,0.0,0.0,0.0,0.0,0.0,6739.051858,6860.492819,6967.475789,8055.416499,981.749851
142,608,Philippines,millions,6915.149,8703.550653,6602.459617,8671.365874,6542.261712,0.0,0.0,0.0,0.0,0.0,6915.149,8703.550653,6602.459617,8671.365874,6542.261712
143,616,Poland,millions,15690.147561,9172.340071,15996.269918,10852.521569,10079.564238,0.0,0.0,0.0,0.0,0.0,15690.147561,9172.340071,15996.269918,10852.521569,10079.564238
144,620,Portugal,millions,5065.822944,7752.151776,7115.338198,12084.401691,6323.591369,0.0,0.0,0.0,0.0,0.0,5065.822944,7752.151776,7115.338198,12084.401691,6323.591369
145,634,Qatar,millions,773.901,985.989011,-2186.263736,-2812.637363,-2433.928846,0.0,0.0,0.0,0.0,0.0,773.901,985.989011,-2186.263736,-2812.637363,-2433.928846
146,410,Republic of Korea,millions,12104.3,17912.9,12182.6,9634.3,9223.6,0.0,0.0,0.0,0.0,0.0,12104.3,17912.9,12182.6,9634.3,9223.6
147,498,Republic of Moldova,millions,84.18,151.59,292.07,503.06,54.78,0.0,0.0,0.0,0.0,0.0,84.18,151.59,292.07,503.06,54.78
148,642,Romania,millions,5000.387417,5419.471086,6218.911348,5791.043306,2321.640286,0.0,0.0,0.0,0.0,0.0,5000.387417,5419.471086,6218.911348,5791.043306,2321.640286
149,643,Russian Federation,millions,37175.766913,25953.535828,13227.642062,32075.621933,9676.068797,0.0,0.0,0.0,0.0,0.0,37175.766913,25953.535828,13227.642062,32075.621933,9676.068797
150,646,Rwanda,millions,342.3,356.436501,381.911599,353.844486,134.754943,0.0,0.0,0.0,0.0,0.0,342.3,356.436501,381.911599,353.844486,134.754943
151,659,Saint Kitts and Nevis,millions,93.77,50.927407,84.843333,92.266667,47.090862,0.0,0.0,0.0,0.0,0.0,93.77,50.927407,84.843333,92.266667,47.090862
152,662,Saint Lucia,millions,129.32037,131.028889,135.135556,30.640741,14.922428,0.0,0.0,0.0,0.0,0.0,129.32037,131.028889,135.135556,30.640741,14.922428
153,670,Saint Vincent and the Grenadines,millions,153.077037,98.13963,100.46963,113.066667,72.892264,0.0,0.0,0.0,0.0,0.0,153.077037,98.13963,100.46963,113.066667,72.892264
154,882,Samoa,millions,2.549967,9.078017,16.722124,-2.151612,-0.774462,0.0,0.0,0.0,0.0,0.0,2.549967,9.078017,16.722124,-2.151612,-0.774462
155,678,Sao Tome and Principe,millions,30.607771,29.184452,23.203612,24.191799,47.112185,0.0,0.0,0.0,0.0,0.0,30.607771,29.184452,23.203612,24.191799,47.112185
156,682,Saudi Arabia,millions,7452.533333,1418.843614,4247.119093,4562.573671,5486.095693,0.0,0.0,0.0,0.0,0.0,7452.533333,1418.843614,4247.119093,4562.573671,5486.095693
157,686,Senegal,millions,472.409796,588.292998,847.841575,1065.46282,1480.500726,0.0,0.0,0.0,0.0,0.0,472.409796,588.292998,847.841575,1065.46282,1480.500726
158,688,Serbia,millions,2352.016562,2878.291575,4090.505675,4269.812527,3439.793434,0.0,0.0,0.0,0.0,0.0,2352.016562,2878.291575,4090.505675,4269.812527,3439.793434
159,690,Seychelles,millions,155.238,191.947661,119.523531,143.741856,122.294836,0.0,0.0,0.0,0.0,0.0,155.238,191.947661,119.523531,143.741856,122.294836
160,694,Sierra Leone,millions,137.965734,128.88345,217.812919,367.7,348.7,,,,,,,,,,
161,702,Singapore,millions,70221.273208,84670.982599,75968.719835,114161.849287,90561.858666,0.0,0.0,0.0,0.0,0.0,70221.273208,84670.982599,75968.719835,114161.849287,90561.858666
162,534,Sint Maarten (Dutch part),millions,54.709962,64.248297,-196.625698,58.93959,25.299934,0.0,0.0,0.0,0.0,0.0,54.709962,64.248297,-196.625698,58.93959,25.299934
163,703,Slovakia,millions,805.90078,4016.770767,1675.084894,2448.710806,-1929.725205,0.0,0.0,0.0,0.0,0.0,805.90078,4016.770767,1675.084894,2448.710806,-1929.725205
164,705,Slovenia,millions,1245.942087,897.753076,1384.172995,1226.621691,529.099659,0.0,0.0,0.0,0.0,0.0,1245.942087,897.753076,1384.172995,1226.621691,529.099659
165,90,Solomon Islands,millions,38.607527,42.8399,24.838211,32.808616,9.13347,0.0,0.0,0.0,0.0,0.0,38.607527,42.8399,24.838211,32.808616,9.13347
166,706,Somalia,millions,330.0,369.0,408.0,447.0,464.0,,,,,,,,,,
167,710,South Africa,millions,2235.001472,2008.360978,5449.554014,5124.986962,3106.48726,0.0,0.0,0.0,0.0,0.0,2235.001472,2008.360978,5449.554014,5124.986962,3106.48726
168,728,South Sudan,millions,-7.85,1.42,60.14,-231.84,17.5,,,,,,,,,,
169,724,Spain,millions,31569.396294,41966.313078,53494.91953,8514.725572,8928.407175,0.0,0.0,0.0,0.0,0.0,31569.396294,41966.313078,53494.91953,8514.725572,8928.407175
170,144,Sri Lanka,millions,897.049,1372.723,1614.044,758.187,433.869416,0.0,0.0,0.0,0.0,0.0,897.049,1372.723,1614.044,758.187,433.869416
171,729,Sudan,millions,1063.767535,1065.298481,1135.787164,825.354992,716.939711,,,,,,,,,,
172,740,Suriname,millions,299.987,98.2,119.191,-19.5,-27.10426,,,,,,,,,,
173,752,Sweden,millions,19140.760501,15900.131713,4221.446536,10112.335673,26109.330317,0.0,0.0,0.0,0.0,0.0,19140.760501,15900.131713,4221.446536,10112.335673,26109.330317
174,756,Switzerland,millions,150467.364466,110723.032259,-68313.413963,-79077.278703,-47171.937969,0.0,0.0,0.0,0.0,0.0,150467.364466,110723.032259,-68313.413963,-79077.278703,-47171.937969
175,762,Tajikistan,millions,345.407057,307.029681,359.617602,212.809731,106.534793,0.0,0.0,0.0,0.0,0.0,345.407057,307.029681,359.617602,212.809731,106.534793
176,764,Thailand,millions,2491.280295,7874.923355,11144.488574,3063.020525,-6099.734518,0.0,0.0,0.0,0.0,0.0,2491.280295,7874.923355,11144.488574,3063.020525,-6099.734518
177,626,Timor-Leste,millions,5.479,6.716,47.926,74.58,72.378586,,,,,,,,,,
178,768,Togo,millions,-46.308336,88.560066,-183.387577,345.696967,639.483236,0.0,0.0,0.0,0.0,0.0,-46.308336,88.560066,-183.387577,345.696967,639.483236
179,776,Tonga,millions,8.846123,13.780786,15.047474,12.558128,-0.467915,0.0,0.0,0.0,0.0,0.0,8.846123,13.780786,15.047474,12.558128,-0.467915
180,780,Trinidad and Tobago,millions,-23.598182,-470.9,-700.185701,183.972765,-438.711033,0.0,0.0,0.0,0.0,0.0,-23.598182,-470.9,-700.185701,183.972765,-438.711033
181,788,Tunisia,millions,884.996951,880.78779,1035.941738,844.796934,652.121814,0.0,0.0,0.0,0.0,0.0,884.996951,880.78779,1035.941738,844.796934,652.121814
182,792,Türkiye,millions,13651.0,10965.0,12840.0,9290.0,7880.0,0.0,0.0,0.0,0.0,0.0,13651.0,10965.0,12840.0,9290.0,7880.0
183,795,Turkmenistan,millions,2243.16,2085.944135,1997.297379,2129.436528,1169.442175,,,,,,,,,,
184,796,Turks and Caicos Islands,millions,16.59,22.068,42.227,26.961667,30.418889,,,,,,,,,,
185,798,Tuvalu,millions,0.3,0.3,0.298862,0.298862,0.1,,,,,,,,,,
186,800,Uganda,millions,625.704362,802.704141,1055.353353,1258.885586,822.589738,0.0,0.0,0.0,0.0,0.0,625.704362,802.704141,1055.353353,1258.885586,822.589738
187,804,Ukraine,millions,3809.651871,3692.0,4454.969953,5860.41434,-868.0,0.0,0.0,0.0,0.0,0.0,3809.651871,3692.0,4454.969953,5860.41434,-868.0
188,784,United Arab Emirates,millions,9604.773,10354.223,10385.286,17874.659401,19884.468665,0.0,0.0,0.0,0.0,0.0,9604.773,10354.223,10385.286,17874.659401,19884.468665
189,826,United Kingdom of Great Britain and Northern Ireland,millions,258698.675452,96353.831501,65299.413501,45454.371398,19724.358974,0.0,0.0,0.0,0.0,0.0,258698.675452,96353.831501,65299.413501,45454.371398,19724.358974
190,834,United Republic of Tanzania,millions,864.04,937.7,971.576866,990.626174,1012.626174,,,,,,,,,,
191,840,United States of America,millions,459419.0,295296.0,223401.0,261412.0,156321.0,0.0,0.0,0.0,0.0,0.0,459419.0,295296.0,223401.0,261412.0,156321.0
192,858,Uruguay,millions,-1825.327407,-600.678582,163.486037,1836.946845,2629.798334,0.0,0.0,0.0,0.0,0.0,-1825.327407,-600.678582,163.486037,1836.946845,2629.798334
193,860,Uzbekistan,millions,1662.586807,1797.341436,624.686535,2316.482962,1725.688329,0.0,0.0,0.0,0.0,0.0,1662.586807,1797.341436,624.686535,2316.482962,1725.688329
194,548,Vanuatu,millions,43.939156,38.248639,37.471066,35.133027,29.560294,0.0,0.0,0.0,0.0,0.0,43.939156,38.248639,37.471066,35.133027,29.560294
195,862,Venezuela (Bolivarian Republic of),millions,1068.0,-68.0,886.0,934.0,958.666667,0.0,0.0,0.0,0.0,0.0,1068.0,-68.0,886.0,934.0,958.666667
196,704,Viet Nam,millions,12600.0,14100.0,15500.0,16120.0,15800.0,0.0,0.0,0.0,0.0,0.0,12600.0,14100.0,15500.0,16120.0,15800.0
197,887,Yemen,millions,-561.0,-269.85,-282.098333,-370.982778,0.0,0.0,0.0,0.0,0.0,0.0,-561.0,-269.85,-282.098333,-370.982778,0.0
198,894,Zambia,millions,0.0,0.0,0.0,0.0,0.0,0.0,0.0,0.0,0.0,0.0,0.0,0.0,0.0,0.0,0.0
199,716,Zimbabwe,millions,0.0,0.0,0.0,0.0,0.0,0.0,0.0,0.0,0.0,0.0,0.0,0.0,0.0,0.0,0.0
200,434,,,,,,,,0.0,0.0,0.0,0.0,0.0,,,,,
