,ISO3_Code,Country_Name,M49_Code,Life_Expectancy_2016,Life_Expectancy_2017,Life_Expectancy_2018,Life_Expectancy_2019,Life_Expectancy_2020,Life_Expectancy_Avg,Mean_Years_Of_Schooling_2016,Mean_Years_Of_Schooling_2017,Mean_Years_Of_Schooling_2018,Mean_Years_Of_Schooling_2019,Mean_Years_Of_Schooling_2020,Mean_Years_of_Schooling_Avg,CPI_Food_2016,CPI_Food_2017,CPI_Food_2018,CPI_Food_2019,CPI_Food_2020,CPI_Food_Avg,Total_FDI_Inflows_2016,Total_FDI_Inflows_2017,Total_FDI_Inflows_2018,Total_FDI_Inflows_2019,Total_FDI_Inflows_2020,Total_FDI_Outflows_2016,Total_FDI_Outflows_2017,Total_FDI_Outflows_2018,Total_FDI_Outflows_2019,Total_FDI_Outflows_2020,Net_FDI_2016,Net_FDI_2017,Net_FDI_2018,Net_FDI_2019,Net_FDI_2020,Prevalence_of_undernourishment_2016,Prevalence_of_undernourishment_2017,Prevalence_of_undernourishment_2018,Prevalence_of_undernourishment_2019,Prevalence_of_undernourishment_2020
0,AFG,Afghanistan,4,63.1361,63.016,63.081,63.5645,62.5751,63.07454,2.463660385,2.561424686,2.659188987,2.756953288,2.854717589,2.659188987,108.916832,113.832502,113.490296,119.067918,128.002089,116.6619274,93.59,53.39,119.44,38.533333,12.970492,14.78,10.8,40.53,25.946667,37.112627,78.81,42.59,78.91,12.586666,-24.142135,22.2,23.0,24.0,26.9,29.8
1,AGO,Angola,24,61.0923,61.6798,62.1438,62.4484,62.2612,61.9251,5.417390823,5.417390823,5.417390823,5.417390823,5.417390823,5.417390823,154.136774,183.757815,211.993524,252.263872,330.372845,226.504965999999,-179.517619,-7397.295409,-6456.076413,-4098.478748,-1866.468113,273.005,1352.005057,5.714168,-2349.425835,90.514469,-452.522619,-8749.300466,-6461.790581,-1749.052913,-1956.982582,15.4,15.4,15.7,17.9,20.8
2,ALB,Albania,8,78.8602,79.0473,79.1838,79.2825,76.9893,78.67262,10.72752833,10.91069206,11.09698316,11.28645502,11.28645502,11.0616227179999,104.588667,107.497139,110.638289,113.430423,116.338895,110.4986826,1100.671891,1148.891224,1289.690235,1287.978184,1106.560092,64.200483,26.197174,82.56079,127.855221,89.433996,1036.471408,1122.69405,1207.129445,1160.122963,1017.126096,4.7,4.7,4.6,4.3,3.9
3,ARE,United Arab Emirates,784,79.3347,79.5036,79.6274,79.7262,78.9457,79.42752,10.8426199,12.05539989,12.48400021,12.69402981,12.69402981,12.154015924,100.998062,104.268174,105.564297,104.435251,108.084044,104.6699656,9604.773,10354.223,10385.286,17874.6594,19884.46867,15711.4,14059.946,15079.292,21226.15804,18937.3297,-6106.627,-3705.723,-4694.006,-3351.498637,947.138965,6.3,6.4,6.2,6.0,5.6
4,ARG,Argentina,32,76.3077,76.833,76.9994,77.2845,75.8921,76.6633399999999,10.92819023,11.01644516,11.10470009,11.14726927,11.14726927,11.068774804,119.206012,143.476356,216.878531,340.091177,483.12659,260.5557332,3260.164342,11516.86146,11872.85666,6663.062112,4122.734958,1786.530935,1155.630218,1802.220667,1539.216163,1234.012059,1473.633407,10361.23124,10070.636,5123.845949,2888.722899,2.6,3.1,3.4,3.5,3.7
5,ARM,Armenia,51,74.6639,74.9059,75.0645,75.4386,72.173,74.44918,11.37989998,11.18758965,11.23515987,11.2827301,11.33030033,11.283135986,98.137571,103.525785,105.20448,104.877866,110.065339,104.362208199999,333.733314,250.93511,254.146164,254.077252,117.296453,70.519382,29.056824,7.012506,-142.555366,-27.278869,263.213932,221.878286,247.133658,396.632618,144.575322,2.7,2.8,2.9,3.1,3.5
6,AUS,Australia,36,82.8707,83.0006,83.3871,83.11,84.3239,83.33846,12.35210991,12.42234039,12.55362034,12.65668964,12.72681999,12.542316054,102.0419,101.84973,103.387085,106.077455,108.479571,104.3671482,48401.36484,45225.17551,68477.41951,39224.001,20146.10295,2304.472908,6355.958184,7799.541546,9265.856892,9171.521281,46096.89194,38869.21733,60677.87796,29958.1441,10974.58167,1.5,1.5,1.5,1.5,1.5
7,AUT,Austria,40,81.5925,81.6391,81.6862,81.9077,81.5036,81.66582,12.11466026,12.15911961,12.20790482,12.25669003,12.25669003,12.19901295,101.1,104.3,105.1,106.0,109.0723,105.11446,-8508.306429,14953.06209,5287.327675,967.544649,-17339.68699,-2033.498539,10251.11358,5611.767314,10894.37232,-3213.226951,-6474.80789,4701.948504,-324.439639,-9926.827669,-14126.46004,1.5,1.5,1.5,1.5,1.5
8,AZE,Azerbaijan,31,72.0039,72.2478,72.7601,73.1023,66.8679,71.3964,10.55539989,10.54459953,10.54176044,10.5429697,10.5429697,10.545539852,124.781488,137.525291,137.288192,142.912168,148.740532,138.2495342,4500.0,2867.0,1403.0,1503.9,507.1,2574.0,2564.0,1761.0,2431.7,825.3,1926.0,303.0,-358.0,-927.8,-318.2,1.5,1.5,1.5,1.5,1.5
9,BEL,Belgium,56,81.2661,81.3618,81.4787,81.8311,80.7884,81.34522,11.98532009,12.23692989,12.30630493,12.37567997,12.37567997,12.25598297,102.1507,104.2831,105.8205,106.2867,108.0026,105.30872,59242.65569,-708.306504,30820.57508,2886.006117,8437.406483,36374.00102,29698.03775,39498.23565,1580.698463,10227.2286,22868.65467,-30406.34426,-8677.660575,1305.307654,-1789.822114,1.5,1.5,1.5,1.5,1.5
10,BEN,Benin,204,59.5394,59.8558,60.1403,60.4537,60.088,60.01544,3.863223294,4.010411011,4.157598728,4.304786445,4.304786445,4.1281611846,98.81456,100.826915,101.594,96.63285,100.80699,99.735063,131.790684,200.902719,194.073683,218.207872,175.86377,17.381037,31.907388,9.770519,27.149514,24.096551,114.409647,168.995331,184.303164,191.058358,151.767219,7.6,7.9,8.1,7.7,7.4
11,BFA,Burkina Faso,854,59.3262,59.5361,60.0466,60.0391,59.7306,59.73572,1.602925003,1.761222512,1.91952002,2.114962259,2.114962259,1.9027184106,98.316135,104.243617,103.823713,98.208717,103.618644,101.6421652,390.622114,2.57269,268.414908,162.969543,148.555726,50.50784,10.268821,67.713349,16.431847,22.107654,340.114274,-7.696131,200.701559,146.537696,126.448072,12.3,12.4,12.7,14.1,18.0
12,BGD,Bangladesh,50,71.09,71.7879,72.5675,72.8057,71.9678,72.04378,6.113890171,6.270249844,6.385879993,6.549980164,7.379059792,6.5398119928,108.2819,116.000498,122.142365,129.304981,136.211324,122.3882136,2332.72,2151.56,3613.3,2873.95,2563.58,40.53,141.96,23.24,27.58,11.6,2292.19,2009.6,3590.06,2846.37,2551.98,13.3,12.5,11.5,11.0,11.4
13,BGR,Bulgaria,100,74.8336,74.7992,74.8983,75.0624,73.6453,74.64776,11.23243999,11.24269962,11.29952653,11.35635344,11.41318035,11.3088399859999,100.490613,104.336471,107.007477,114.476757,116.637022,108.589668,1040.26088,1813.850191,1142.612472,1717.079702,2425.934663,405.077717,330.56265,248.605335,420.209505,203.734685,635.183163,1483.287541,894.007137,1296.870197,2222.199978,3.5,3.0,2.8,3.0,3.0
14,BIH,Bosnia and Herzegovina,70,76.8083,76.9349,77.0926,77.2412,76.2254,76.86048,9.692919731,9.752649784,9.812379837,10.17434978,10.53631973,9.9937237724,97.8111,99.5009,99.6182,101.0793,101.7047,99.94284,349.75913,491.888017,574.342521,400.092905,370.807986,38.617983,78.51699,-24.169759,3.268625,-5.066712,311.141147,413.371027,598.51228,396.82428,375.874698,1.5,1.5,1.5,1.5,1.5
15,BLR,Belarus,112,74.258,74.4519,74.5676,74.216,72.5132,74.00134,11.85758429,11.95291634,12.04824839,12.14358044,12.14358044,12.02918198,115.694397,120.59984,127.57051,133.005014,141.238025,127.6215572,1237.8,1278.5,1421.0,1293.1,1396.8,113.8,70.0,49.7,16.0,82.2,1124.0,1208.5,1371.3,1277.1,1314.6,1.5,1.5,1.5,1.5,1.5
16,BLZ,Belize,84,73.3988,73.5624,73.7031,73.9313,72.854,73.48992,9.503048134,9.339186096,9.175324059,9.011462021,8.847599983,9.1753240586,99.201553,99.340829,98.723919,99.546054,102.805625,99.923596,43.9875,24.4945,118.275547,93.910242,76.202814,1.719,0.3225,0.7185,2.1185,4.449388,42.2685,24.172,117.557047,91.791742,71.753426,7.2,7.0,6.7,6.8,7.4
17,BOL,Bolivia (Plurinational State of),68,67.6277,67.7015,67.748,67.841,64.4667,67.07698,9.162832737,9.396595001,9.630357265,9.86411953,9.827750206,9.57633094779999,108.111846,110.954091,113.008593,115.232584,114.329014,112.3272256,335.36553,712.474138,302.368781,-216.636843,-1048.050943,88.86604,79.693113,-84.465304,48.314313,-101.804532,246.49949,632.781025,386.834085,-264.951156,-946.246411,13.1,12.5,12.1,11.9,13.9
18,BRA,Brazil,76,74.4415,74.8266,75.1095,75.3379,74.0089,74.74488,7.731040001,7.851759911,7.982019901,8.128813955,8.128813955,7.96448954459999,114.3018,112.1666,116.6876,124.141857,141.626625,121.7848964,53700.38366,66584.92744,59802.40649,65386.04132,24777.73404,-5900.75235,19040.36781,-16335.59665,19031.49445,-25808.41774,59601.13601,47544.55963,76138.00314,46354.54687,50586.15178,1.5,1.5,1.5,2.6,4.1
19,BRB,Barbados,52,76.8149,76.936,77.067,77.2569,77.3929,77.0935399999999,9.734617347,9.77397843,9.813339513,9.852700596,9.852700596,9.8054672964,114.376464,121.945129,120.550901,135.506459,140.72365,126.6205206,269.334927,206.157363,241.5965,215.370129,262.1,-193.50206,-27.652178,9.2045,27.828806,7.5,462.836987,233.809541,232.392,187.541323,254.6,4.4,4.3,4.1,3.7,3.4
20,BRN,Brunei Darussalam,96,74.7332,74.722,74.7118,74.7483,74.7949,74.74204,9.06,9.1,9.14,9.18,9.18,9.132,99.021323,101.225778,101.336234,100.926443,105.672775,101.6365106,-149.641293,460.083714,382.01849,274.599606,577.42681,,,,,,,,,,,6.8,6.2,5.8,5.8,5.9
21,BWA,Botswana,72,65.4644,66.7526,65.4224,65.4636,65.6471,65.7500199999999,10.1,10.18,10.26,10.34,10.34,10.244,104.29427,105.430148,105.225589,108.382356,112.275703,107.1216132,142.522577,260.575045,285.955062,93.607127,80.062756,-169.693691,0.86581,-82.078795,19.794884,16.930687,312.216268,259.709235,368.033857,73.812243,63.132069,20.1,21.3,21.5,22.1,21.9
22,CAN,Canada,124,82.0434,82.0192,82.0508,82.3628,82.0471,82.10466,13.73192024,13.76600456,13.80017348,13.83442722,13.83442722,13.793390544,98.58939,100.0767,102.5556,105.8136,106.3802,102.683098,36055.87423,22766.84593,38239.93802,47837.1532,23822.78532,69506.61954,76188.42165,57417.01381,78897.76325,48655.14971,-33450.74531,-53421.57573,-19177.07579,-31060.61006,-24832.36439,1.5,1.5,1.5,1.5,1.5
23,CHE,Switzerland,756,83.4452,83.4125,83.5615,83.7802,83.067,83.4532799999999,13.66668034,13.73318529,13.79969025,13.85966015,13.85966015,13.783775236,99.67825,100.3039,101.7886,101.0811,100.6567,100.70171,150467.3645,110723.0323,-68313.41396,-79077.2787,-47171.93797,166852.3057,19522.39551,43491.47649,-43722.64173,16767.53779,-16384.94123,91200.63675,-111804.8905,-35354.63697,-63939.47576,1.5,1.5,1.5,1.5,1.5
24,CHL,Chile,152,80.0794,80.3501,80.1334,80.3263,79.3769,80.05322,10.42321491,10.59051991,10.76136507,10.9349663,10.9349663,10.729006498,104.5233,107.0929,110.1873,114.3097,123.0354,111.82972,12071.93166,6203.318024,7742.476074,12525.39283,8385.907025,8235.762695,3599.03948,1292.090663,9278.230826,11582.75105,3836.168964,2604.278544,6450.385411,3247.162005,-3196.84402,3.1,2.9,2.7,2.6,2.6
25,CMR,Cameroon,120,60.2333,60.8103,61.1798,61.5839,60.8328,60.92802,5.983691359,6.039564753,6.095438148,6.151311543,6.151311543,6.08426346919999,100.59845,101.965277,104.1522,106.976975,110.712969,104.881174199999,663.789,814.002,761.54955,1026.915328,488.229383,-38.889,21.865,109.654133,127.259939,84.512131,702.678,792.137,651.895417,899.655389,403.717252,5.9,6.6,6.9,6.7,6.7
26,COD,Democratic Republic of the Congo,180,59.0664,59.4114,59.9417,60.2757,59.7392,59.6868799999999,6.75948,6.889088258,7.018696516,7.018696516,7.018696516,6.9409315612,109.950799,116.044473,117.852991,119.661508,121.470025,116.995959199999,1204.708617,1340.204101,1616.794884,1488.05357,1646.921056,272.333948,292.224618,209.231296,133.924629,148.836248,932.374669,1047.979483,1407.563588,1354.128941,1498.084808,36.0,36.4,36.3,37.7,39.8
27,COG,Congo,178,63.5765,63.76,64.0531,62.7467,63.7852,63.5843,6.124,6.138,6.152,6.166,6.166,6.1492,97.303491,98.72583,97.762748,102.808461,101.593885,99.6388829999999,1611.618196,4416.953734,4315.250918,3366.085012,4015.531451,10.381272,44.933603,13.614874,22.645836,27.173337,1601.236924,4372.020131,4301.636044,3343.439176,3988.358114,26.4,28.3,29.3,29.9,31.6
28,COL,Colombia,170,76.4713,76.6456,76.7479,76.7523,74.7692,76.27726,8.221500397,8.362985134,8.504469872,8.643030167,8.862859726,8.5189690592,112.482,113.0231,115.13,121.8075,127.6561,118.01974,13848.0,13836.69623,11535.11987,14313.59045,7690.222333,4517.0,3689.564075,5126.317721,3218.668258,1966.132118,9331.0,10147.13215,6408.802152,11094.92219,5724.090215,6.0,5.9,6.2,7.2,8.2
29,CPV,Cabo Verde,132,75.7423,76.5928,75.7331,76.0042,74.8077,75.77602,5.973347954,6.076351994,6.181132228,6.287719287,6.287719287,6.16125415,100.424339,99.32918,100.100364,104.367955,101.698239,101.184015399999,124.726336,110.841683,109.786869,106.52029,73.148062,-10.423314,-8.838214,-10.688597,-27.246298,-44.795161,135.14965,119.679897,120.475466,133.766588,117.943223,17.0,16.2,15.4,14.5,17.7
30,CRI,Costa Rica,188,79.4592,79.3769,79.4835,79.4272,79.277,79.40476,8.564390182,8.643780231,8.72317028,8.763615131,8.804059982,8.69980316119999,99.55278,103.0246,103.3305,103.8196,107.7201,103.489516,2203.948381,2778.314023,2336.535228,2748.310173,1710.765399,76.913356,126.220639,53.38959,117.118402,86.771375,2127.035025,2652.093384,2283.145638,2631.191771,1623.994024,3.6,3.2,3.2,3.4,3.4
31,CYP,Cyprus,196,81.0563,81.328,81.382,81.397,81.3905,81.31076,12.08658028,12.18473005,12.28287983,12.36152506,12.44017029,12.271177102,100.78,96.47,98.5,100.27,100.64,99.332,10928.2626,9422.629933,-1735.267119,26183.25767,-3646.803063,8689.646012,8678.391837,-7326.390104,20236.87711,-5954.124485,2238.61659,744.238096,5591.122985,5946.380562,2307.321422,1.5,1.5,1.5,1.5,1.5
32,CZE,Czechia,203,78.9967,78.9557,79.0039,79.2433,78.5746,78.95484,12.73709011,12.78682041,12.8280654,12.86931038,12.86931038,12.818119336,100.8,106.4,105.8,110.9,110.8,106.939999999999,9814.76887,9521.682018,11010.36396,10108.40697,6292.550409,2181.805996,7560.010489,8662.556097,4128.152732,3142.397047,7632.962874,1961.671529,2347.807863,5980.25424,3150.153362,1.5,1.5,1.5,1.5,1.5
33,DEU,Germany,276,80.8471,80.9442,81.1717,81.5584,81.1472,81.13372,14.1321497,14.10476494,14.07738018,14.09096691,14.09096691,14.099245728,102.3,105.0,106.1,108.1,108.5,106.0,15633.14737,48641.41842,62072.96769,54062.91225,35651.04979,63660.95836,86517.52692,86243.95941,139278.1682,34949.87242,-48027.81099,-37876.10849,-24170.99172,-85215.25598,701.177376,1.5,1.5,1.5,1.5,1.5
34,DJI,Djibouti,262,62.1908,62.7966,63.0381,63.0854,62.6943,62.76104,4.07,4.07,4.0,4.1,4.1,4.068,108.327675,106.936486,110.019595,117.519103,118.879304,112.3364326,159.998875,165.001125,170.003376,222.0,240.0,,,,,,,,,,,13.6,13.5,13.1,13.1,13.5
35,DMA,Dominica,212,70.1284,67.5253,73.59,73.5588,73.649,71.6903,8.017922938,8.059343959,8.100764979,8.142186,8.142186,8.0924807752,100.277671,100.692414,102.838259,104.650506,104.497231,102.5912162,41.154815,-2.112222,-37.178148,32.551852,25.210223,0.047037,0.040741,0.038148,0.041975,0.080544,41.107778,-2.152963,-37.216296,32.509877,25.129679,5.4,5.7,5.7,6.5,6.9
36,DNK,Denmark,208,80.8803,81.1112,80.99,81.4337,81.5449,81.1920199999999,13.16281986,13.011765,12.86071014,12.91060019,12.96049023,12.981277084,100.9,102.9,102.7,103.6,103.8,102.78,235.303904,3748.81302,1198.488777,3587.103998,1151.303119,10110.49182,9518.2564,-369.460137,11403.94399,4395.342695,-9875.187917,-5769.44338,1567.948914,-7816.839987,-3244.039576,1.5,1.5,1.5,1.5,1.5
37,DOM,Dominican Republic,214,72.9867,73.0629,73.2323,73.5767,72.8894,73.1496,9.044050217,8.936204255,9.106114462,9.306864107,9.306864107,9.1400194296,102.703904,108.375097,108.344358,116.067323,125.775809,112.253298199999,2406.7,3570.7,2535.3,3021.0,2554.3,,,,,,,,,,,6.8,6.2,6.1,7.0,6.7
38,DZA,Algeria,12,75.7318,75.7428,76.0656,76.4742,74.4528,75.69344,7.877038634,7.940606186,8.004686727,8.069284397,8.069284397,7.9921800682,105.435418,111.015653,110.86839,110.615938,113.340313,110.2551424,1636.299236,1232.341924,1466.084654,1381.811818,1125.414826,46.202384,-28.605242,845.268059,30.989854,15.518489,1590.096852,1260.947166,620.816595,1350.821964,1109.896337,2.8,2.7,1.5,1.5,1.5
39,ECU,Ecuador,218,76.7634,76.9725,77.0938,77.2971,72.1535,76.05606,8.692919731,8.765919685,8.782986323,8.800052961,8.817119598,8.7717996596,102.056869,101.812931,101.142593,100.51045,100.451819,101.1949324,755.954868,624.469412,1388.175763,961.518496,1016.949293,,,,,,,,,,,9.7,10.7,11.6,13.7,15.4
40,EGY,Egypt,818,70.8435,71.3019,71.3669,71.3575,70.9905,71.17206,8.806776914,9.04570961,9.305633501,9.573026174,9.573026174,9.2608344746,134.431459,168.258855,187.105598,190.438451,195.77547,175.2019666,8106.8,7408.7,8141.3,9010.0,5851.8,206.6,199.0,323.5,405.0,326.5,7900.2,7209.7,7817.8,8605.0,5525.3,4.6,4.9,4.9,5.0,5.1
41,ESP,Spain,724,83.0411,83.0295,83.1436,83.5321,82.2892,83.0071,10.01107979,10.07671499,10.1423502,10.37387514,10.60540009,10.241884042,101.6783,103.4037,104.7927,106.5367,107.7488,104.832039999999,31569.39629,41966.31308,53494.91953,8514.725572,8928.407175,43945.53917,56045.45814,37733.88823,19671.41175,21422.06793,-12376.14288,-14079.14506,15761.0313,-11156.68617,-12493.66075,1.5,1.5,1.5,1.5,1.5
42,EST,Estonia,233,77.8201,77.976,78.1395,78.6693,78.3431,78.1896,13.51035023,13.55548,13.65631008,13.60237026,13.54843044,13.574588202,100.8273,107.2426,109.1138,112.3214,112.1076,108.32254,1059.409595,1942.39331,1497.755249,3091.332008,3155.933563,486.924259,880.995746,58.044306,1987.286879,218.462726,572.485336,1061.397564,1439.710943,1104.045129,2937.470837,1.5,1.5,1.5,1.5,1.5
43,ETH,Ethiopia,231,64.3919,64.8383,65.4117,65.8377,65.3705,65.17002,2.681135178,2.854597012,3.028058847,3.201520681,3.201520681,2.99336647979999,107.258998,123.818599,137.970999,169.321469,205.400982,148.7542094,4142.937496,4017.1,3310.3,2548.8,2395.375577,,,,,,,,,,,14.4,15.7,18.2,21.9,24.9
44,FIN,Finland,246,81.2915,81.4976,81.6266,81.8706,81.8657,81.6304,12.68652487,12.73937988,12.80649996,12.87362003,12.87362003,12.7959289539999,99.26,99.19,100.31,102.08,102.27,100.621999999999,8582.210932,2864.234475,-2171.245625,13611.69448,2574.691331,24276.63767,-573.773455,11454.73634,4865.23762,6604.19157,-15694.42673,3438.00793,-13625.98196,8746.456862,-4029.500239,1.5,1.5,1.5,1.5,1.5
45,FJI,Fiji,242,67.2395,67.7904,67.8096,67.8933,67.9244,67.7314399999999,10.49146872,10.63035965,10.77497021,10.92154799,10.92154799,10.747978912,104.045442,101.181806,106.336351,109.295441,109.963623,106.164532599999,389.841027,386.185942,470.973182,321.006409,240.547214,-16.422399,-1.644991,-3.640928,-36.011966,13.648069,406.263426,387.830933,474.61411,357.018375,226.899145,6.3,6.2,5.5,4.9,5.7
46,FRA,France,250,82.4372,82.4732,82.5909,82.7315,82.2104,82.48864,11.35085964,11.40970039,11.50988007,11.61005974,11.61005974,11.498111916,100.73,102.18,104.85,107.01,108.21,104.596,23077.21768,24832.52562,38185.0132,33964.8664,17932.48704,64847.89245,35984.6816,105635.2832,38663.30227,44203.00946,-41770.67477,-11152.15599,-67450.26997,-4698.43587,-26270.52242,1.5,1.5,1.5,1.5,1.5
47,GAB,Gabon,266,65.8025,66.1889,66.3064,66.6028,66.5305,66.28622,9.094,9.208,9.322,9.436,9.436,9.2992,100.193024,97.952898,104.745253,107.114183,108.096933,103.6204582,1243.66016,1314.02933,1379.070816,1553.136875,1716.511506,45.3,-83.709,-62.928333,-33.779111,,1198.36016,1397.73833,1441.999149,1586.915986,,15.1,16.1,17.0,16.6,17.2
48,GBR,United Kingdom of Great Britain and Northern Ireland,826,81.0747,81.1684,81.1254,81.725,80.4345,81.1056,13.07054679,13.16133022,13.24292692,13.32452361,13.4061203,13.241089568,97.9,101.9,102.6,104.3,102.9,101.92,258698.6755,96353.8315,65299.4135,45454.3714,19724.35897,-37605.82207,142373.0341,41424.51556,-6080.835285,-33408.97436,296304.4975,-46019.20255,23874.89794,51535.20668,53133.33333,1.5,1.5,1.5,1.5,1.5
49,GEO,Georgia,268,73.5692,73.5701,73.3414,73.4696,72.7653,73.34312,12.81457043,12.87436008,12.84828997,12.82221985,12.82221985,12.8363320359999,103.633275,111.227323,113.078113,127.035973,135.646876,118.124312,1652.577348,1978.281581,1306.290006,1310.773789,616.865566,407.172888,269.427512,340.190787,281.53472,22.860725,1245.40446,1708.854069,966.099219,1029.239069,594.004841,8.3,8.1,7.8,7.8,7.6
50,GHA,Ghana,288,63.8902,64.0131,64.122,64.7401,64.114,64.17588,7.919448013,8.056260907,8.193073801,8.329886695,8.329886695,8.16571122219999,109.687808,118.456337,128.767478,136.06047,155.174325,129.6292836,3485.3,3255.0,2989.0,3879.0,1877.0,14.7,15.9,81.0,588.0,542.0,3470.6,3239.1,2908.0,3291.0,1335.0,7.7,7.1,6.2,5.2,4.1
51,GMB,Gambia,270,63.0127,62.9955,63.04,63.7549,62.6125,63.0831199999999,4.02814688,4.180482013,4.332817146,4.485152279,4.637487411,4.3328171458,112.652111,120.875693,128.593068,138.418569,147.797522,129.6673926,-27.7,18.444836,51.94,43.93,45.72,-1.4,2.361578,0.480789,0.480789,1.107719,-26.3,16.083258,51.459211,43.449211,44.612281,11.6,12.2,13.1,18.0,21.6
52,GRC,Greece,300,81.1617,80.8501,81.3907,81.2489,80.9092,81.1121199999999,10.25430012,10.54285765,10.83141518,11.11997271,11.40853024,10.8314151799999,99.25755,99.73506,100.1118,100.4421,101.2292,100.155142,2765.153451,3484.859714,3973.265169,5019.347114,3572.02383,-1667.034554,168.384441,476.872241,641.593748,702.774599,4432.188005,3316.475273,3496.392928,4377.753366,2869.249231,1.5,1.5,1.5,1.5,1.5
53,GTM,Guatemala,320,72.3547,72.5506,72.7257,73.1289,71.7969,72.51136,5.774713993,5.74357605,5.712438107,5.681300163,5.681300163,5.7186656952,112.8665,126.804669,132.698445,140.599917,152.80262,133.154430199999,1174.37206,1130.01766,980.65193,974.7093,915.17363,209.3761,195.95124,202.78968,175.26971,210.68,964.99596,934.06642,777.86225,799.43959,704.49363,16.4,16.3,16.2,16.3,16.0
54,HKG,"China, Hong Kong SAR",344,84.539,84.8988,85.2456,85.2735,85.1968,85.03074,12.09660006,12.16905022,12.19762993,12.22620964,12.22620964,12.183139898,104.514294,106.43787,110.41326,125.288914,128.623112,115.05549,117386.969,110684.5026,104245.7103,73714.02734,119229.3661,59702.79236,86703.87836,82201.31403,53201.94178,102224.2418,57684.17663,23980.62426,22044.39625,20512.08557,17005.12424,1.5,1.5,1.5,1.5,1.5
55,HND,Honduras,340,72.5878,72.6918,72.8141,72.8811,71.4619,72.48734,6.528709888,6.408294916,6.287879944,7.088479996,7.088479996,6.680368948,100.481722,105.602798,107.15464,110.37471,114.797458,107.682265599999,1139.4,1175.8,961.3,498.1,418.6,239.3,140.8,66.1,-1.4,46.7,900.1,1035.0,895.2,499.5,371.9,13.8,13.2,13.1,13.3,15.3
56,HRV,Croatia,191,78.2314,78.0832,78.337,78.7376,77.9845,78.27474,11.78733331,11.92040895,12.05498697,12.19108434,12.19108434,12.028979582,99.5,101.7,102.2,104.3,103.4,102.22,273.228399,539.709222,1171.461739,1335.84245,1304.029898,-1938.495938,-724.669852,200.875797,167.434253,235.46155,2211.724337,1264.379074,970.585942,1168.408197,1068.568348,1.5,1.5,1.5,1.5,1.5
57,HTI,Haiti,332,63.3922,63.8538,64.0188,64.2546,64.0518,63.91424,5.326,5.402,5.478,5.554,5.554,5.4628,118.301076,131.81249,155.233742,193.97349,238.895112,167.643182,104.9,374.86,105.0,75.0,30.0,,,,,,,,,,,43.2,44.6,45.4,46.4,47.2
58,HUN,Hungary,348,76.1552,76.0055,76.2039,76.4543,75.7297,76.10972,11.88941002,11.97945499,12.06949997,12.15954494,12.24958992,12.069499968,100.3883,103.8145,108.4742,114.6414,119.7122,109.40612,-5438.548392,3514.894612,6410.258176,3884.07177,4168.697792,-8272.106348,1219.996937,3022.32561,2848.237961,4282.130105,2833.557956,2294.897675,3387.932566,1035.833809,-113.432313,1.5,1.5,1.5,1.5,1.5
59,IDN,Indonesia,360,69.7976,69.9356,70.3375,70.5184,68.8077,69.87936,7.976150036,8.069094896,8.162039757,8.359274864,8.556509972,8.224613905,109.845498,111.228529,115.018191,117.127899,123.310831,115.3061896,3921.23,20579.23,20563.47,23883.25,18581.08,-12214.69,2077.19,8052.85,3352.18,4467.45,16135.92,18502.04,12510.62,20531.07,14113.63,6.6,5.9,5.9,6.2,6.5
60,IND,India,356,70.1167,70.4672,70.7095,70.9098,70.1499,70.47062,6.350639359,6.452129304,6.55361925,6.655109195,6.655109195,6.5333212606,105.017313,110.111437,108.308901,121.47525,126.177518,114.2180838,44480.57175,39903.8404,42156.19337,50558.331,64061.90773,5072.359559,11140.54816,11446.91762,13144.13521,11559.95594,39408.2122,28763.29224,30709.27574,37414.1958,52501.95178,13.9,13.2,13.3,14.6,16.3
61,IRL,Ireland,372,81.5498,81.9168,82.0863,82.2586,82.4699,82.05628,11.36181815,11.4341898,11.50796839,11.58222303,11.58222303,11.49368448,97.06382,95.60786,94.24897,93.3754,91.91943,94.443096,39413.5618,52834.92053,-16096.42265,81103.71263,33424.09989,30085.67444,-2048.10158,9620.063016,-16633.15705,-49474.24689,9327.887361,54883.02211,-25716.48567,97736.86968,82898.34679,1.5,1.5,1.5,1.5,1.5
62,IRN,Iran (Islamic Republic of),364,75.6,75.9712,76.195,76.1031,74.832,75.7402599999999,10.31394005,10.42034294,10.52784353,10.63645314,10.63645314,10.5070065599999,110.971952,125.558481,190.769168,245.587773,388.000265,212.1775278,3372.0,5019.0,2373.0,1508.0,1342.0,104.112333,75.748444,74.601111,84.82063,78.390062,3267.887667,4943.251556,2298.398889,1423.17937,1263.609938,4.9,5.2,5.2,4.9,4.1
63,IRQ,Iraq,368,68.9878,70.4126,71.5143,71.5764,69.1228,70.32278,7.837934567,7.860422708,7.88291085,7.905593489,7.905593489,7.8784910206,97.375511,97.776646,98.478632,97.174943,97.275227,97.6161918,-6255.9,-5032.4,-4885.1,-3075.6,-2895.5,304.3,77.8,188.4,194.2,148.5,-6560.2,-5110.2,-5073.5,-3269.8,-3044.0,19.1,18.8,18.1,17.4,15.9
64,ISL,Iceland,352,82.03,82.5352,82.7703,82.4042,82.5755,82.46304,13.32010517,13.4558567,13.59160824,13.72735977,13.76716995,13.572419966,100.1814,99.66061,104.3018,105.4117,112.6733,104.445762,-427.243918,-41.398519,-381.467524,-301.50047,-810.963016,-1147.340631,-208.237454,75.964789,464.851966,-276.048792,720.096713,166.838935,-457.432313,-766.352436,-534.914224,1.5,1.5,1.5,1.5,1.5
65,ISR,Israel,376,82.4854,82.7195,82.8232,82.8123,82.3598,82.64004,13.05535211,13.15115217,13.24765522,13.3448664,13.3448664,13.22877846,97.89688,96.981,100.7463,100.848,101.0516,99.504756,11988.255,16892.825,21514.605,19047.249,24758.4,14578.51,7624.335,6086.597,8597.811,5859.53,-2590.255,9268.49,15428.008,10449.438,18898.87,1.5,1.5,1.5,1.5,1.5
66,ITA,Italy,380,83.0492,82.7282,83.1847,83.552,82.3953,82.98188,10.39278984,10.47961998,10.56645012,10.65328026,10.7401104,10.56645012,101.1,102.6,103.4,104.2,105.0,103.259999999999,28468.51741,24047.08261,37682.19781,18145.56755,-388.346853,16180.73543,24530.90227,32817.83644,19786.71766,10357.43901,12287.78198,-483.819659,4864.361363,-1641.150104,-10745.78587,1.5,1.5,1.5,1.5,1.5
67,JAM,Jamaica,388,72.0198,71.9114,71.793,71.767,71.8686,71.87196,8.879589332,8.970338495,9.062015112,9.154628661,9.154628661,9.0442400522,105.703442,112.771563,115.318634,127.671928,139.341515,120.161416399999,915.776886,888.04,774.7,665.416,366.00921,270.085983,46.8,12.670743,445.991,3.520144,645.690903,841.24,762.029257,219.425,362.489066,9.3,9.0,8.1,7.5,6.9
68,JOR,Jordan,400,75.2153,75.5018,75.7743,76.044,75.1843,75.5439399999999,10.16455984,10.25772977,10.3508997,10.39878988,10.44668007,10.323731852,95.659311,96.055879,100.6889,100.780312,100.2586,98.6886004,1552.957746,2029.71831,954.929577,729.71831,726.056338,3.239436,6.619718,-7.605634,43.380282,26.478873,1549.71831,2023.098592,962.535211,686.338028,699.577465,7.1,8.8,11.2,14.6,16.9
69,JPN,Japan,392,84.0664,84.1976,84.2971,84.4258,84.6879,84.33496,13.30426394,13.33075812,13.34510708,13.36610034,13.36610034,13.342465964,103.1296,105.1515,103.5386,105.1098,104.3028,104.24646,19358.83601,9355.587239,9255.891229,14552.38385,10253.73585,155936.7476,164587.8519,143094.2259,226647.912,115702.8193,-136577.9116,-155232.2646,-133838.3347,-212095.5282,-105449.0835,1.5,1.5,1.5,2.8,3.2
70,KAZ,Kazakhstan,398,70.8984,71.3958,71.4717,71.5675,70.0304,71.0727599999999,11.9441363,12.07710298,12.21006966,12.34756189,12.34756189,12.185286544,117.883086,125.488061,131.625938,144.382136,160.572729,135.99039,8511.489337,4669.3,3627.876155,2873.724811,3877.36728,-5234.893,913.2,-1094.810395,-2624.408313,-2028.001424,13746.38234,3756.1,4722.68655,5498.133124,5905.368704,1.5,1.5,1.5,1.5,1.5
71,KEN,Kenya,404,62.1632,62.4808,62.6765,62.9432,62.6755,62.58784,6.388,6.476,6.564,6.652,6.652,6.5464,116.160845,121.591737,124.678383,137.168267,148.979046,129.7156556,1138.612882,1403.567589,1139.438224,1098.375947,716.756224,11.217382,13.572722,11.249204,10.769302,-7.114138,1127.3955,1389.994867,1128.18902,1087.606645,723.870362,23.3,25.1,24.7,25.6,26.9
72,KGZ,Kyrgyzstan,417,70.2761,70.5877,70.728,71.2301,69.6291,70.4901999999999,11.35618418,11.36215797,11.36813177,11.37410556,11.37410556,11.3669370079999,93.555445,96.093915,93.59001,98.966598,116.391498,99.7194932,616.0,-107.0,144.0,404.0,-330.5,0.0078,-29.0,5.0,5.0,2.0,615.9922,-78.0,139.0,399.0,-332.5,6.1,5.8,5.4,5.2,5.3
73,KHM,Cambodia,116,70.2244,70.5153,70.5609,70.6923,70.416,70.48178,4.722,4.844,4.966,5.088,5.088,4.9416,108.19555,110.232083,112.32988,116.106655,121.605188,113.6938712,2475.916,2785.731,3207.587,3661.927918,3624.64499,79.074,114.858,123.964,101.838,126.79873,2396.842,2670.873,3083.623,3560.089918,3497.84626,8.5,7.7,6.6,6.0,6.3
74,KIR,Kiribati,296,66.3316,66.5965,66.8545,67.1497,67.2659,66.83964,7.865527643,7.865527643,7.865527643,7.984461822,7.984461822,7.9131013146,100.342163,103.081506,103.09966,100.712548,102.750984,101.9973722,1.807,0.785,-1.144365,-0.55828,-0.305882,0.121,0.124,0.121311,0.122333,0.122548,1.686,0.661,-1.265676,-0.680613,-0.42843,3.3,3.4,3.9,4.0,4.2
75,KOR,Republic of Korea,410,82.9259,83.2855,83.3427,83.6557,83.6089,83.3637399999999,12.21428586,12.31303351,12.41257949,12.51293027,12.51293027,12.39315188,104.0209,104.4411,108.8606,109.0106,115.2986,108.32636,12104.3,17912.9,12182.6,9634.3,9223.6,29889.5,34069.4,38220.4,35239.0,32479.7,-17785.2,-16156.5,-26037.8,-25604.7,-23256.1,1.5,1.5,1.5,1.5,1.5
76,KWT,Kuwait,414,79.7011,79.7806,79.7217,79.685,76.9198,79.16164,7.132780075,7.192820072,7.216040134,7.328022618,7.328022618,7.23953710339999,102.904167,102.259774,102.165351,103.959382,114.157033,105.089141399999,418.746412,348.122169,204.016996,104.413282,-318.969904,4527.894125,9013.447038,3715.062939,-2495.455191,2427.138351,-4109.147713,-8665.324869,-3511.045943,2599.868473,-2746.108255,1.5,1.5,1.5,1.5,2.7
77,LAO,Lao People's Democratic Republic,418,67.1667,67.4344,67.6341,68.1382,68.4968,67.77404,5.116,5.202,5.288,5.374,5.374,5.27079999999999,106.070173,103.834914,104.462433,115.198284,120.724951,110.058151,935.296173,1686.275786,1319.609797,557.17654,967.706086,15.184319,9.700838,1e-05,1e-05,,920.111854,1676.574948,1319.609787,557.17653,,5.9,5.6,5.3,5.4,5.1
78,LBN,Lebanon,422,79.5054,79.6543,79.729,79.2359,77.8038,79.18568,8.554324481,8.609094987,8.663865494,8.718636,8.718636,8.6529113924,100.878405,104.59922,111.058604,121.908011,612.286589,210.1461658,2568.485071,2522.409653,2658.003845,2054.579557,3067.045569,1004.742727,1317.433967,631.215121,302.536103,27.599773,1563.742344,1204.975686,2026.788724,1752.043454,3039.445796,6.2,6.8,7.1,9.0,10.9
79,LBR,Liberia,430,60.4162,60.5535,60.8532,61.1044,60.9476,60.77498,4.668,4.806,4.944,5.082,5.082,4.9164,114.655207,119.939983,156.491773,192.40867,222.693794,161.2378854,453.18,247.84,129.13,86.68,86.96,167.6633,54.17425,84.075748,101.971099,80.073699,285.5167,193.66575,45.054252,-15.291099,6.886301,36.3,36.6,37.5,39.2,38.3
80,LKA,Sri Lanka,144,75.3314,75.4035,75.748,76.0084,76.3929,75.7768399999999,10.50934029,10.57874966,10.64155006,10.63134003,10.82730007,10.637656022,107.738321,121.476764,116.053694,126.086374,135.486361,121.3683028,897.049,1372.723,1614.044,758.187,433.869416,236.808,71.791,67.857,77.363,14.542784,660.241,1300.932,1546.187,680.824,419.326632,4.7,4.3,4.1,3.7,3.4
81,LSO,Lesotho,426,52.2641,53.0636,53.733,54.1726,54.6933,53.58532,5.744151237,5.83282906,5.921506884,6.010184707,6.010184707,5.903771319,114.102507,120.306252,126.652872,136.021313,154.259877,130.2685642,159.2,123.1,128.7,117.6,102.008164,,,,,,,,,,,32.0,29.5,28.7,31.2,34.7
82,LTU,Lithuania,440,74.8816,75.4399,75.6767,76.2119,75.0676,75.45554,13.10509968,13.18838978,13.29162661,13.39486345,13.49810028,13.29561596,102.7698,106.6792,106.0702,109.8271,110.1011,107.08948,302.605654,1020.786028,976.638339,1169.470578,478.648918,43.158221,80.319924,704.227348,143.393531,-285.309295,259.447433,940.466104,272.410991,1026.077047,763.958213,1.5,1.5,1.5,1.5,1.5
83,LUX,Luxembourg,442,82.0535,81.734,81.8035,82.1434,81.4335,81.83358,12.84430344,12.65323261,12.82510172,13.01519217,13.01519217,12.870604422,102.36,104.8,107.26,108.57,110.57,106.711999999999,31899.89152,-6815.331955,-16756.57674,14791.62096,62144.63407,30170.90611,34764.63212,11622.96344,34471.9885,127086.5077,1728.985411,-41579.96408,-28379.54018,-19680.36755,-64941.87361,1.5,1.5,1.5,1.5,1.5
84,LVA,Latvia,428,74.7535,74.8054,75.0012,75.5337,75.4526,75.10928,12.93480968,13.05903006,13.18325043,13.25271988,13.25271988,13.136505986,103.707,107.6008,108.2293,110.8273,112.0215,108.47718,254.588121,708.306504,967.202506,874.309844,872.638223,159.394302,133.301702,205.486247,-105.230634,268.416207,95.193819,575.004802,761.716259,979.540478,604.222016,1.5,1.5,1.5,1.5,1.5
85,MAR,Morocco,504,73.284,73.6603,73.9863,74.2705,73.9199,73.8241999999999,5.514,5.648,5.782,5.916,5.916,5.7552,102.915825,105.673223,102.672525,103.321325,101.545796,103.2257388,2157.149441,2686.029715,3558.878862,1719.961452,1763.111483,579.659607,1020.945109,782.081848,892.994919,491.742154,1577.489834,1665.084606,2776.797014,826.966533,1271.369329,3.8,3.7,3.8,4.4,5.6
86,MDG,Madagascar,450,64.9969,65.0938,65.2697,65.8821,65.182,65.2849,4.981364182,5.027301993,5.073239803,5.120468534,5.120468534,5.0645686092,108.527849,124.350403,132.739542,136.881016,143.464897,129.1927414,450.626271,357.862206,352.551623,474.311425,359.141033,89.7,106.0,117.896274,101.61823,101.769518,360.926271,251.862206,234.655349,372.693195,257.371515,41.6,42.3,44.3,47.4,48.5
87,MEX,Mexico,484,74.4122,74.1378,74.0146,74.2021,70.1328,73.3798999999999,8.599900246,8.742489815,8.933190346,9.077120304,9.221050262,8.9147501946,106.7546,115.6086,121.93,125.0005,132.2561,120.30996,31068.617,34200.409,33729.6144,34096.9279,29079.433,193.337,3987.868,8364.591,10985.337,6528.125,30875.28,30212.541,25365.0234,23111.5909,22551.308,5.8,6.1,6.0,6.0,6.1
88,MKD,North Macedonia,807,76.0296,76.4766,77.3142,77.2928,75.1677,76.4561799999999,9.538281441,9.710748672,9.883215904,10.05568314,10.22815037,9.8832159054,97.43726,99.431827,100.03379,100.959197,104.130737,100.3985622,374.604282,205.262028,725.20283,446.402152,273.927194,23.854907,1.980321,12.248899,39.720333,39.024231,350.749375,203.281707,712.953931,406.681819,234.902963,3.0,2.8,2.5,3.1,3.3
89,MLI,Mali,466,58.7313,59.1322,59.3934,59.6637,58.6331,59.11074,1.98,2.09,2.2,2.31,2.31,2.178,97.700714,100.691651,97.42881,94.593246,97.710424,97.624969,356.476589,563.20847,467.295391,720.638835,308.101915,97.015786,14.763455,0.289497,1.011758,25.735387,259.460803,548.445015,467.005894,719.627077,282.366528,3.1,3.1,3.4,5.6,9.8
90,MLT,Malta,470,83.1107,83.5867,83.3448,83.2065,83.3545,83.32064,11.28810978,11.56434488,11.84057999,12.02542019,12.21026039,11.785743046,105.871478,107.277313,111.978916,114.311594,115.39866,110.967592199999,4248.432623,3407.289796,4023.616747,3783.60091,3917.095266,-5297.932302,-7237.075948,-7442.294974,7109.464717,7287.520609,9546.364925,10644.36574,11465.91172,-3325.863807,-3370.425343,1.5,1.5,1.5,1.5,1.5
91,MMR,Myanmar,104,65.685,65.843,66.4646,66.6104,66.797,66.28,5.95272715,6.094084787,6.235442423,6.37680006,6.37680006,6.207170896,109.333835,113.696621,121.901377,131.434593,132.476227,121.768530599999,2989.0,4341.0,3554.048,2766.0,1834.212,,,,,,,,,,,3.5,3.0,2.6,1.5,3.1
92,MNE,Montenegro,499,76.7462,76.9388,77.1595,77.0396,76.2575,76.8283199999999,11.83377704,11.94692704,12.06115893,12.17648306,12.17648306,12.038965826,100.176025,100.118402,101.629954,104.888964,105.893417,102.5413524,226.409643,558.565764,489.814821,417.069688,528.873208,-184.879679,11.426667,108.974101,75.479765,-5.158898,411.289322,547.139097,380.84072,341.589923,534.032106,1.5,1.5,1.5,1.5,1.5
93,MNG,Mongolia,496,69.8647,70.2375,71.1992,71.8221,72.141,71.0529,9.670928192,9.609121227,9.547314262,9.485507298,9.423700333,9.5473142624,94.891692,101.814455,111.113693,120.358801,130.631118,111.761951799999,-4156.405,1494.35,2173.741,2443.343,1719.115941,14.472,48.614,37.046,126.974,25.967215,-4170.877,1445.736,2136.695,2316.369,1693.148726,7.4,6.3,5.5,4.0,3.6
94,MOZ,Mozambique,508,59.038,59.7709,60.5261,61.1662,61.1722,60.3346799999999,3.126510024,3.064209938,3.130214992,3.197641838,3.197641838,3.14324372599999,145.898725,148.522253,148.776964,160.659254,173.56039,155.4835172,3093.4,2293.1,2703.031294,2211.654426,2337.297117,34.7,26.0,-25.30488,-30.88619,153.380151,3058.7,2267.1,2728.336174,2242.540616,2183.916966,31.5,31.4,31.0,31.8,32.7
95,MRT,Mauritania,478,64.7679,65.0827,65.31,65.6869,64.5321,65.07592,4.577192976,4.691063614,4.804934252,4.918804891,4.918804891,4.7821601248,104.729741,106.609795,111.83439,114.636994,117.657122,111.0936084,271.19784,587.243766,772.890477,886.916359,977.700486,1.035,9.664,3.637,4.778667,6.026555,270.16284,577.579766,769.253477,882.137692,971.673931,8.5,8.5,8.6,9.2,10.1
96,MUS,Mauritius,480,75.0114,74.8812,74.9194,75.1179,74.3306,74.8521,9.666950539,9.914224809,10.16782419,10.42791048,10.42791048,10.1209640996,98.893953,104.273497,103.209065,106.459744,112.046849,104.9766216,378.764432,479.99589,460.511368,471.422103,245.941042,28.29411,89.229037,98.413264,57.282169,26.070747,350.470322,390.766853,362.098104,414.139934,219.870295,5.8,6.0,6.0,7.2,7.8
97,MWI,Malawi,454,62.2093,62.9769,63.2758,64.1188,63.7167,63.2595,4.210832318,4.303786674,4.396741029,4.489695385,4.489695385,4.3781501582,148.255421,154.654156,173.212655,206.617952,228.288427,182.2057222,116.099192,90.199691,959.395634,822.488231,98.018286,42.199706,-3.399988,0.518998,-0.249996,7.011884,73.899486,93.599679,958.876636,822.738227,91.006402,16.1,16.6,16.8,17.6,17.8
98,MYS,Malaysia,458,75.2888,75.4763,75.6444,75.7603,75.9378,75.62152,10.36651039,10.45936012,10.55220985,10.64505959,10.64505959,10.533639908,105.656672,109.678496,110.3488,112.192136,113.784108,110.3320424,11335.96895,9398.805704,7618.337947,7812.777164,3482.70222,8011.213027,5638.472575,5114.464714,6230.501951,2826.996714,3324.755924,3760.333129,2503.873233,1582.275213,655.705506,3.5,3.2,2.7,2.6,1.5
99,NAM,Namibia,516,61.6825,62.2931,62.5859,63.075,62.829,62.4931,7.037678228,7.089123245,7.140568261,7.192013277,7.192013277,7.1302792576,114.988466,117.774322,123.856492,126.020767,135.637466,123.6555026,355.590232,279.946036,208.556758,-178.925671,-74.6114,-4.758974,-65.63855,98.484326,9.141283,50.144684,360.349206,345.584586,110.072432,-188.066954,-124.756084,20.2,19.9,20.0,18.9,18.0
100,NGA,Nigeria,566,52.0427,52.3052,52.5536,52.9104,52.887,52.5397799999999,6.436573823,6.697552363,6.958530903,7.181074153,7.181074153,6.890961079,122.586982,146.32575,166.099407,190.323452,227.344998,170.5361178,3453.258408,2412.974916,775.2474,2305.099812,2385.277666,335.464994,310.830719,565.569112,285.318846,-337.869298,3117.793414,2102.144197,209.678288,2019.780966,2723.146964,9.4,10.0,10.4,12.0,12.7
101,NIC,Nicaragua,558,73.2562,73.5536,73.8497,74.0543,71.7954,73.30184,6.796,6.912,7.028,7.144,7.144,7.0048,100.484804,106.18326,108.715382,114.51457,119.270553,109.8337138,989.1,1035.4,837.6,503.0,182.3,65.3,64.5,75.1,59.1,39.5,923.8,970.9,762.5,443.9,142.8,18.0,17.2,17.4,17.5,18.6
102,NLD,Netherlands,528,81.547,81.7291,81.7741,82.0455,81.6381,81.74676,12.18412018,12.25356531,12.32301044,12.4523201,12.58162975,12.3589291559999,101.67,104.21,105.28,109.19,109.84,106.037999999999,59734.12145,16557.65299,87670.58901,48962.71075,-115300.2511,185164.154,19091.51501,-45379.39375,84866.50756,-161050.937,-125430.0325,-2533.862022,133049.9828,-35903.79681,45750.68589,1.5,1.5,1.5,1.5,1.5
103,NOR,Norway,578,82.4147,82.624,82.7605,82.9552,83.1951,82.7898999999999,12.81906033,12.94715977,12.97539473,13.00362968,13.00362968,12.949774838,100.3,100.9,104.3,103.9,106.8,103.239999999999,-3899.880952,-5849.000262,225.760836,16287.38636,-2394.371268,3091.904762,-2220.470594,11408.17707,5560.340909,-1063.315375,-6991.785714,-3628.529668,-11182.41623,10727.04546,-1331.055893,1.5,1.5,1.5,1.5,1.5
104,NPL,Nepal,524,68.7758,68.9099,68.9786,69.5576,69.2456,69.0934999999999,4.652394104,4.808860316,4.965326529,5.121792742,5.121792742,4.9340332866,109.808865,112.880441,113.360375,124.398854,130.925954,118.2748978,106.133571,197.775964,67.055675,184.995134,126.492576,,,,,,,,,,,4.5,4.2,4.3,4.8,5.5
105,NZL,New Zealand,554,82.07,82.2189,82.3803,82.5665,82.7419,82.39552,13.33483982,13.2373023,13.13976479,13.04222727,12.94468975,13.1397647859999,97.491056,99.661719,99.944849,102.021134,104.569303,100.7376122,2844.354103,2428.574474,2397.49581,4278.349666,4216.443221,195.610255,227.368002,426.221477,-171.950918,879.992841,2648.743848,2201.206472,1971.274333,4450.300584,3336.45038,1.5,1.5,1.5,1.5,1.5
106,OMN,Oman,512,77.9158,77.9243,77.9659,78.0022,74.7571,77.31306,9.968448448,10.38984642,10.81124439,11.23264236,11.65404034,10.8112443916,98.182259,99.918291,99.43606,100.593415,100.496969,99.7253988,2265.279584,2918.075423,5940.182055,3420.026008,4092.761162,356.306892,2423.927178,715.214564,626.788036,1255.309926,1908.972692,494.148245,5224.967491,2793.237972,2837.451236,8.4,8.4,7.9,8.8,9.8
107,PAK,Pakistan,586,65.8797,66.2972,66.482,66.7558,66.2695,66.33684,5.162640095,5.115049839,4.825690031,4.536330223,4.536330223,4.8352080822,102.867819,108.177304,108.227914,129.513161,146.738071,119.1048538,2576.0,2496.0,1737.0,2234.0,2105.0,52.0,52.0,-21.0,-85.0,34.0,2524.0,2444.0,1758.0,2319.0,2071.0,12.4,12.1,12.3,14.1,16.9
108,PAN,Panama,591,77.6529,77.7954,77.8629,77.8103,76.657,77.5557,10.11919022,10.25965691,10.4001236,10.54059029,10.54059029,10.372030262,101.534658,100.249409,100.986153,100.580114,100.804439,100.8309546,4745.4,4176.645,5080.392578,4320.375729,588.653819,-188.195315,137.841,-163.0894,-634.354694,38.60972,4933.595315,4038.804,5243.481978,4954.730423,550.044099,7.8,6.7,6.0,5.4,5.8
109,PER,Peru,604,75.789,75.879,76.0089,76.1559,73.6655,75.49966,9.314760208,9.535280228,9.755800247,9.885518863,9.885518863,9.6753756818,105.528925,103.763002,106.220434,106.490989,108.996572,106.199984399999,6739.051858,6860.492819,6967.475789,8055.416499,981.749851,1155.961998,500.069431,136.190197,940.665528,503.477474,5583.08986,6360.423388,6831.285592,7114.750971,478.272377,6.9,7.6,7.6,8.1,8.3
110,PHL,Philippines,608,71.3871,71.5156,71.689,71.8649,72.1191,71.7151399999999,8.621369839,8.446499825,8.707799911,8.969099998,8.969099998,8.7427739142,103.251289,106.870966,114.019828,116.01065,121.530658,112.3366782,6915.149,8703.550653,6602.459617,8671.365874,6542.261712,1032.334,1751.839754,769.559033,3350.936705,3525.188483,5882.815,6951.710899,5832.900584,5320.429169,3017.073229,8.8,7.5,6.2,5.5,5.2
111,PNG,Papua New Guinea,598,64.8399,65.1028,65.1822,65.4738,65.7868,65.2770999999999,4.62,4.66,4.7,4.74,4.74,4.692,106.739014,108.130052,111.078005,113.668646,115.495266,111.0221966,-39.764921,-180.17671,-341.200432,-900.655579,-935.493565,-0.031918,-0.03136,305.663464,335.176757,114.157539,-39.733003,-180.14535,-646.863896,-1235.832336,-1049.651104,23.2,23.1,22.6,21.9,21.6
112,POL,Poland,616,77.8025,77.7205,77.6282,77.9272,76.9424,77.60416,13.00481987,13.04480243,13.08478498,13.12476754,13.1647501,13.084784984,101.9992,107.4939,108.4999,115.8519,116.5484,110.078659999999,15690.14756,9172.340071,15996.26992,10852.52157,10079.56424,11599.98783,2169.485067,891.044343,1290.209995,1820.915332,4090.159735,7002.855004,15105.22558,9562.311574,8258.648906,1.5,1.5,1.5,1.5,1.5
113,PRT,Portugal,620,81.2324,81.498,81.3947,81.7007,81.0545,81.37606,9.112580299,9.218230247,9.144709587,9.327420235,9.575940132,9.27577609999999,100.2146,102.5012,102.8113,102.9757,104.5408,102.60872,5065.822944,7752.151776,7115.338198,12084.40169,6323.591369,871.920368,-749.410018,799.437364,3344.485178,2287.582393,4193.902576,8501.561794,6315.900834,8739.916513,4036.008976,1.5,1.5,1.5,1.5,1.5
114,PRY,Paraguay,600,73.5336,73.6436,73.5676,73.6207,73.1816,73.50942,8.351449966,8.468514919,8.585579872,8.810709953,8.861840248,8.6156189916,107.890026,116.93755,116.235925,120.445677,124.421554,117.1861464,425.334759,576.181374,457.636953,522.336212,568.333465,,,,,,,,,,,7.7,7.8,7.8,8.2,8.7
115,ROU,Romania,642,75.2458,75.9519,76.1546,76.5079,75.3456,75.84116,11.08049011,11.14865017,11.21188498,11.27511978,11.27511978,11.198252964,97.743456,101.721614,104.874985,110.202634,113.773199,105.6631776,5000.387417,5419.471086,6218.911348,5791.043306,2321.640286,4.615793,-96.598547,379.086696,362.709846,201.666236,4995.771624,5516.069633,5839.824652,5428.33346,2119.97405,1.5,1.5,1.5,1.5,1.5
116,RUS,Russian Federation,643,72.6609,73.3743,73.5306,73.9332,71.3423,72.96826,12.56402159,12.72337438,12.72389289,12.77428805,12.77428805,12.711972992,107.369,108.1254,113.8306,116.9295,125.9086,114.43262,37175.76691,25953.53583,13227.64206,32075.62193,9676.068797,26951.18716,34153.09611,35819.67131,22023.98224,6311.367903,10224.57976,-8199.560283,-22592.02925,10051.6397,3364.700894,1.5,1.5,1.5,1.5,1.5
117,RWA,Rwanda,646,65.7373,65.9409,66.2505,66.437,66.7741,66.22796,4.195574999,4.265272498,4.334969997,4.425292358,4.425292358,4.329280442,125.948148,118.192012,110.014264,136.213369,141.708021,126.4151628,342.3,356.436501,381.911599,353.844486,134.754943,47.756564,15.686571,17.964147,5.432309,,294.543436,340.74993,363.947452,348.412177,,34.9,34.7,34.7,35.2,35.8
118,SAU,Saudi Arabia,682,77.0643,77.1605,77.2115,77.3036,76.2392,76.99582,10.08080983,10.22029972,10.58370972,10.94711971,11.31052971,10.628493738,97.33588,97.83605,104.6926,107.777,121.5005,105.828406,7452.533333,1418.843614,4247.119093,4562.573671,5486.095693,8936.155333,7279.599195,19252.32847,13547.06558,4854.208727,-1483.622,-5860.755581,-15005.20938,-8984.491912,631.886966,3.7,3.7,3.8,3.9,3.7
119,SDN,Sudan,729,64.7801,65.4447,65.681,65.8755,65.6136,65.47898,3.67,3.72,3.77,3.82,3.82,3.76,131.420713,173.096308,324.047105,529.102963,1621.521215,555.8376608,1063.767535,1065.298481,1135.787164,825.354992,716.939711,,,,,,,,,,,11.8,11.8,11.8,11.7,12.8
120,SEN,Senegal,686,67.4969,67.7503,68.0966,68.5258,68.0064,67.9752,2.818639934,2.830689907,2.883815558,2.937938258,2.937938258,2.881804383,110.203468,106.38809,108.246612,108.512115,112.592996,109.1886562,472.409796,588.292998,847.841575,1065.46282,1480.500726,223.862541,82.4153,52.80833,71.064034,171.462305,248.547255,505.877698,795.033245,994.398786,1309.038421,9.5,8.5,7.8,7.4,7.5
121,SLB,Solomon Islands,90,69.8007,69.9882,70.1733,70.3821,70.1987,70.1086,5.44073206,5.54073206,5.54073206,5.711848,5.711848,5.589178436,97.272382,97.543941,100.423406,102.225621,97.820207,99.0571114,38.607527,42.8399,24.838211,32.808616,9.13347,1.34517,7.065582,8.997291,4.025833,3.415564,37.262357,35.774318,15.84092,28.782783,5.717906,18.1,17.7,17.6,17.8,18.1
122,SLE,Sierra Leone,694,58.4045,58.6517,59.7959,60.2549,59.7632,59.37404,4.21481171,4.335234901,4.455658093,4.576081285,4.576081285,4.4315734548,123.603262,145.767098,164.383768,173.23978,199.379299,161.2746414,137.965734,128.88345,217.812919,367.7,348.7,,,,,,,,,,,25.9,27.2,27.7,27.9,27.4
123,SLV,El Salvador,222,72.0248,72.3108,72.5546,72.5586,71.0609,72.10194,6.717559814,6.825099945,6.968569994,7.112040043,7.150929928,6.9548399448,97.625201,100.057369,100.421334,101.622361,102.001016,100.3454562,347.424796,889.072922,826.009559,636.168174,200.463777,-0.428126,0.2284,-0.037397,0.404826,-0.719973,347.852922,888.844522,826.046956,635.763348,201.18375,9.9,9.2,8.4,8.3,7.7
124,SOM,Somalia,706,55.0444,55.6536,56.3754,57.0776,55.9666,56.02352,,,,,,,103.039205,109.730318,116.2677,120.683446,122.178646,114.379863,330.0,369.0,408.0,447.0,464.0,,,,,,,,,,,59.7,58.9,56.6,54.8,53.1
125,SRB,Serbia,688,76.2609,76.213,76.5115,76.704,75.4057,76.21902,11.13010025,11.16240025,11.26613522,11.36987019,11.36987019,11.25967522,98.211741,102.262252,104.997662,107.101824,109.100777,104.3348512,2352.016562,2878.291575,4090.505675,4269.812527,3439.793434,249.810172,146.601231,362.790848,294.456727,124.831417,2102.20639,2731.690344,3727.714827,3975.3558,3314.962017,4.2,4.0,3.8,3.7,3.3
126,STP,Sao Tome and Principe,678,67.4917,68.2666,68.3549,68.5231,67.7848,68.08422,5.77061182,5.918941025,6.06727023,6.215599435,6.215599435,6.037604389,103.033646,111.819651,122.654136,134.360492,150.118993,124.3973836,30.607771,29.184452,23.203612,24.191799,47.112185,1.006101,0.322067,2.393965,0.938906,0.853447,29.60167,28.862385,20.809647,23.252893,46.258738,12.9,12.5,12.8,13.0,13.5
127,SUR,Suriname,740,71.5924,72.417,72.5532,72.2423,72.5615,72.27328,9.472836021,9.573077564,9.673319107,9.77680063,9.77680063,9.6545667904,185.49768,208.451762,220.933045,231.836234,386.776291,246.699002399999,299.987,98.2,119.191,-19.5,-27.10426,,,,,,,,,,,8.3,8.3,8.0,8.0,8.2
128,SVK,Slovakia,703,77.2146,77.219,77.264,77.6851,77.0054,77.27762,12.71166039,12.76618004,12.86622047,12.91141987,12.91141987,12.833380128,97.04114,103.3361,104.1848,109.631,110.2676,104.892128,805.90078,4016.770767,1675.084894,2448.710806,-1929.725205,95.550794,1325.384598,321.694624,153.254985,233.45585,710.349986,2691.386169,1353.39027,2295.455821,-2163.181055,5.6,4.4,3.9,3.7,3.8
129,SVN,Slovenia,705,81.1577,81.0714,81.3581,81.6042,80.4409,81.12646,12.66755009,12.70028973,12.75198507,12.80368042,12.80368042,12.745437146,101.11,104.07,104.65,108.06,109.15,105.408,1245.942087,897.753076,1384.172995,1226.621691,529.099659,289.858537,338.337796,280.863806,389.483329,555.055562,956.08355,559.41528,1103.309189,837.138362,-25.955903,1.5,1.5,1.5,1.5,1.5
130,SWE,Sweden,752,82.3391,82.4382,82.5326,83.0524,82.4274,82.55794,12.41359997,12.48604965,12.54788494,12.60972023,12.60972023,12.5333950039999,101.6478,104.5453,106.5675,109.2784,110.371,106.482,19140.7605,15900.13171,4221.446536,10112.33567,26109.33032,4699.374795,27361.54294,17834.5331,15549.22535,31014.48605,14441.38571,-11461.41123,-13613.08657,-5436.889673,-4905.155733,1.5,1.5,1.5,1.5,1.5
131,SWZ,Eswatini,748,56.6591,57.8951,59.4114,60.5492,59.6922,58.8414,5.194,5.328,5.462,5.596,5.596,5.4352,121.538901,124.729533,125.360303,128.711027,133.329266,126.733806,21.384868,-56.010183,36.474449,130.221496,40.919495,-7.132213,65.483928,-10.51256,22.207889,-14.322958,28.517081,-121.494111,46.987009,108.013607,55.242453,13.0,12.4,11.8,11.1,11.0
132,TCD,Chad,148,52.0834,52.3076,52.8253,53.2594,52.7774,52.65062,2.301458538,2.388868544,2.479598405,2.57377421,2.57377421,2.4634947814,89.025426,90.912186,86.781599,86.673816,91.136924,88.9059901999999,244.682121,363.381636,460.890508,566.638948,557.692503,,,,,,,,,,,28.5,29.1,30.3,31.7,32.7
133,TGO,Togo,768,59.5501,60.1544,60.244,60.9011,61.035,60.37692,4.636985989,4.763593115,4.890200241,5.016807367,5.016807367,4.8648788158,100.259319,99.172933,102.054219,98.785612,106.163595,101.2871356,-46.308336,88.560066,-183.387577,345.696967,639.483236,256.966648,-32.575183,70.205705,42.842154,931.339213,-303.274984,121.135249,-253.593282,302.854813,-291.855977,21.2,21.0,20.7,20.1,18.8
134,THA,Thailand,764,78.0489,78.3939,78.6622,78.9751,79.2739,78.6708,8.315620422,8.343885422,8.372150421,8.697119713,8.697119713,8.4851791382,101.502986,101.702837,102.622863,104.402913,105.842953,103.2149104,2491.280295,7874.923355,11144.48857,3063.020525,-6099.734518,12397.73486,13806.803,15326.14791,8390.539984,16715.58629,-9906.454565,-5931.879643,-4181.659339,-5327.519459,-22815.32081,7.5,7.7,7.8,8.0,8.8
135,TLS,Timor-Leste,626,67.4461,67.7454,68.0167,68.2684,68.4755,67.99042,5.43679,5.43679,5.43679,5.43679,5.43679,5.43679,98.815696,99.617446,101.120727,101.321165,103.525978,100.8802024,5.479,6.716,47.926,74.58,72.378586,12.667,,,,693.867525,-7.188,,,,-621.488939,24.2,24.6,25.1,25.0,26.2
136,TTO,Trinidad and Tobago,780,74.281,74.2301,73.8018,74.2279,74.4056,74.18928,11.23672288,11.35999926,11.48462809,11.61062419,11.61062419,11.4605197219999,109.562898,113.475858,113.573682,112.399794,117.486643,113.299775,-23.598182,-470.9,-700.185701,183.972765,-438.711033,-25.339199,-12.03625,65.041764,114.158995,172.402616,1.741017,-458.86375,-765.227465,69.81377,-611.113649,6.8,6.9,7.0,7.3,7.5
137,TUN,Tunisia,788,75.7861,75.8448,75.9501,75.9933,75.2923,75.77332,7.196720123,7.274176324,7.352466164,7.431598614,7.431598614,7.3373119678,104.667228,112.874418,119.667987,126.6,132.1,119.1819266,884.996951,880.78779,1035.941738,844.796934,652.121814,241.616737,57.451667,34.002464,21.810006,43.379968,643.380214,823.336123,1001.939274,822.986928,608.741846,1.5,1.5,1.5,2.6,3.1
138,TZA,United Republic of Tanzania,834,65.3862,65.9987,66.5346,66.9885,66.4077,66.2631399999999,5.959358347,6.094134093,6.231957903,6.37289871,6.37289871,6.2062495526,110.779204,117.639741,118.796311,126.277242,130.034219,120.705343399999,864.04,937.7,971.576866,990.626174,1012.626174,,,,,,,,,,,22.7,23.0,23.3,23.4,22.6
139,UKR,Ukraine,804,74.3121,74.7181,74.4122,74.5364,72.5726,74.11028,11.15577802,11.14765882,11.13953963,11.13142043,11.13142043,11.1411634659999,112.097771,131.963987,142.239616,149.027759,156.376391,138.341104799999,3809.651871,3692.0,4454.969953,5860.41434,-868.0,16.0,8.0,-5.0,648.0,82.0,3793.651871,3684.0,4459.969953,5212.41434,-950.0,1.5,1.5,1.5,2.6,2.8
140,URY,Uruguay,858,77.5707,77.6247,77.611,77.5085,78.4298,77.7489399999999,8.70388031,8.831359863,8.906729698,8.982549667,8.982549667,8.881413841,110.902589,116.519395,124.416806,142.088241,155.556846,129.8967754,-1825.327407,-600.678582,163.486037,1836.946845,2629.798334,2.304628,1477.92679,663.657809,590.412869,17.004842,-1827.632035,-2078.605372,-500.171772,1246.533976,2612.793492,1.5,1.5,1.5,1.5,1.5
141,USA,United States of America,840,78.8482,78.8213,78.9896,79.138,77.4144,78.6423,13.34290981,13.42226505,13.50162029,13.59252501,13.68342972,13.508549976,97.5866,98.46566,99.05235,99.76737,103.7063,99.715656,459419.0,295296.0,223401.0,261412.0,156321.0,284469.0,327781.0,-194412.0,93552.0,92811.0,174950.0,-32485.0,417813.0,167860.0,63510.0,1.5,1.5,1.5,1.5,1.5
142,UZB,Uzbekistan,860,70.7548,71.0095,71.1494,71.3441,70.3309,70.91774,11.67308998,11.72383976,11.77458954,11.89558983,11.89558983,11.792539788,110.907849,139.447995,160.223543,190.232668,219.29745,164.021901,1662.586807,1797.341436,624.686535,2316.482962,1725.688329,5.817261,9.020949,1.911236,3.088905,1.743108,1656.769546,1788.320487,622.775299,2313.394057,1723.945221,1.5,1.5,1.5,1.5,1.5
143,VCT,Saint Vincent and the Grenadines,670,74.2799,74.3052,74.1279,72.8347,72.1256,73.53466,10.34760787,10.83343029,10.83343029,10.83343029,10.83343029,10.736265806,100.573933,104.521528,104.252374,105.149554,107.930814,104.485640599999,153.077037,98.13963,100.46963,113.066667,72.892264,-9.347778,-4.646296,-4.756667,-6.250247,-3.229607,162.424815,102.785926,105.226297,119.316914,76.121871,5.8,5.7,5.5,6.6,7.6
144,VEN,Venezuela (Bolivarian Republic of),862,72.0578,71.943,71.9788,72.1614,71.0949,71.84718,10.31229973,10.57076027,10.8356987,11.10727736,11.10727736,10.786662684,953.574367,11086.187138,15946997.067729,1288889115.45554,38753710727.9582,8011711776.04861,1068.0,-68.0,886.0,934.0,958.666667,1041.0,2234.0,661.0,1076.0,-78.666667,27.0,-2302.0,225.0,-142.0,1037.333334,16.4,22.2,22.7,24.9,22.9
145,VNM,Viet Nam,704,73.9382,73.9632,73.9757,74.0929,75.3779,74.2695799999999,8.12267518,8.205210209,8.287745237,8.370280266,8.370280266,8.2712382316,103.139639,101.286235,106.442999,116.199618,119.31644,109.2769862,12600.0,14100.0,15500.0,16120.0,15800.0,1000.0,480.0,598.0,465.0,380.0,11600.0,13620.0,14902.0,15655.0,15420.0,7.8,7.2,6.8,6.2,5.7
146,VUT,Vanuatu,548,69.6496,69.7095,69.7948,69.8769,70.2995,69.8660599999999,6.68,6.76,6.84,7.064846,7.064846,6.8819384,104.766185,111.462978,114.94016,123.246759,140.246312,118.932478799999,43.939156,38.248639,37.471066,35.133027,29.560294,0.924839,1.066584,1.362502,0.171704,1.838562,43.014317,37.182055,36.108564,34.961323,27.721732,11.2,12.3,12.6,12.4,11.9
147,WSM,Samoa,882,72.5397,72.59,72.6358,72.1572,72.7677,72.53808,11.52649762,11.49582322,11.46514881,11.43447441,11.4038,11.465148812,105.513761,110.697788,109.340413,114.669831,105.476923,109.1397432,2.549967,9.078017,16.722124,-2.151612,-0.774462,15.289049,0.098973,0.037707,4.314424,4.920771,-12.739082,8.979044,16.684417,-6.466036,-5.695233,4.7,4.6,4.5,4.4,4.4
148,YEM,Yemen,887,66.0641,65.9573,64.5751,65.0917,64.6501,65.26766,3.0,3.0,3.2,3.2,3.2,3.11999999999999,121.903092,128.044919,134.901926,143.908187,152.999508,136.351526399999,-561.0,-269.85,-282.098333,-370.982778,,0.787,5.601,3.605667,3.331222,,-561.787,-275.451,-285.704,-374.314,,46.1,46.6,44.7,42.8,41.4
149,ZAF,South Africa,710,64.7469,65.402,65.6743,66.175,65.2522,65.45008,10.18788004,10.14218044,10.7576704,11.37316036,11.37316036,10.76681032,115.8968,120.7918,124.1032,128.9982,136.6287,125.28374,2235.001472,2008.360978,5449.554014,5124.986962,3106.48726,4474.489806,7371.170387,4076.114369,3146.640115,-1973.254317,-2239.488334,-5362.809409,1373.439645,1978.346847,5079.741577,5.4,5.5,5.7,6.3,6.9
