,ISO3_Code,Country_Name,M49_Code,Year,Life_Expectancy,Mean_Years_Of_Schooling,CPI_Food,Net_FDI,Prevalence_of_undernourishment,GNI,Population,Govt_Expenditure
0,AFG,Afghanistan,4.0,2016,63.1361,2.463660385,108.916832,78.81,22.2,18199.126228,34636.207,9299.08934
1,AFG,Afghanistan,4.0,2017,63.016,2.561424686,113.832502,42.59,23.0,19145.017021,35643.418,9095.510866
2,AFG,Afghanistan,4.0,2018,63.081,2.659188987,113.490296,78.91,24.0,18610.25735,36686.784,
3,AFG,Afghanistan,4.0,2019,63.5645,2.756953288,119.067918,12.586666,26.9,19205.244293,37769.499,
4,AFG,Afghanistan,4.0,2020,62.5751,2.854717589,128.002089,-24.142135,29.8,19982.204387,38972.23,
5,ALB,Albania,8.0,2016,78.8602,10.72752833,104.588667,1036.471408,4.7,12053.991102,2881.063,3428.258517
6,ALB,Albania,8.0,2017,79.0473,10.91069206,107.497139,1122.69405,4.7,13051.517242,2879.355,3805.99134
7,ALB,Albania,8.0,2018,79.1838,11.09698316,110.638289,1207.129445,4.6,15137.999954,2877.013,4355.901378
8,ALB,Albania,8.0,2019,79.2825,11.28645502,113.430423,1160.122963,4.3,15198.655753,2873.883,4446.43145
9,ALB,Albania,8.0,2020,76.9893,11.28645502,116.338895,1017.126096,3.9,14651.156758,2866.849,4907.063967
10,DZA,Algeria,12.0,2016,75.7318,7.877038634,105.435418,1590.096852,2.8,158864.842969,40339.329,
11,DZA,Algeria,12.0,2017,75.7428,7.940606186,111.015653,1260.947166,2.7,167910.128603,41136.546,
12,DZA,Algeria,12.0,2018,76.0656,8.004686727,110.86839,620.816595,1.5,171267.305185,41927.007,
13,DZA,Algeria,12.0,2019,76.4742,8.069284397,110.615938,1350.821964,1.5,167258.300287,42705.368,
14,DZA,Algeria,12.0,2020,74.4528,8.069284397,113.340313,1109.896337,1.5,144323.52615,43451.666,
15,AGO,Angola,24.0,2016,61.0923,5.417390823,154.136774,-452.522619,15.4,95893.926423,29154.746,32870.63356
16,AGO,Angola,24.0,2017,61.6798,5.417390823,183.757815,-8749.300466,15.4,114534.316867,30208.628,41011.564
17,AGO,Angola,24.0,2018,62.1438,5.417390823,211.993524,-6461.790581,15.7,93075.195256,31273.533,35813.5808
18,AGO,Angola,24.0,2019,62.4484,5.417390823,252.263872,-1749.052913,17.9,81508.153533,32353.588,28030.78127
19,AGO,Angola,24.0,2020,62.2612,5.417390823,330.372845,-1956.982582,20.8,57127.285414,33428.486,23129.78956
20,ARG,Argentina,32.0,2016,76.3077,10.92819023,119.206012,1473.633407,2.6,545251.637901,43668.241,
21,ARG,Argentina,32.0,2017,76.833,11.01644516,143.476356,10361.23124,3.1,627200.466771,44054.616,
22,ARG,Argentina,32.0,2018,76.9994,11.10470009,216.878531,10070.636,3.4,498932.986741,44413.596,
23,ARG,Argentina,32.0,2019,77.2845,11.14726927,340.091177,5123.845949,3.5,427696.368065,44745.52,
24,ARG,Argentina,32.0,2020,75.8921,11.14726927,483.12659,2888.722899,3.7,367803.744262,45036.032,
25,ARM,Armenia,51.0,2016,74.6639,11.37989998,98.137571,263.213932,2.7,10791.287343,2865.835,3091.129062
26,ARM,Armenia,51.0,2017,74.9059,11.18758965,103.525785,221.878286,2.8,11934.829588,2851.923,3193.61435
27,ARM,Armenia,51.0,2018,75.0645,11.23515987,105.20448,247.133658,2.9,12676.54761,2836.557,3065.825802
28,ARM,Armenia,51.0,2019,75.4386,11.2827301,104.877866,396.632618,3.1,13858.276348,2820.602,3470.303013
29,ARM,Armenia,51.0,2020,72.173,11.33030033,110.065339,144.575322,3.5,12863.033728,2805.608,3936.329393
30,AUS,Australia,36.0,2016,82.8707,12.35210991,102.0419,46096.89194,1.5,1274451.522629,24195.701,462142.8346
31,AUS,Australia,36.0,2017,83.0006,12.42234039,101.84973,38869.21733,1.5,1371861.981116,24590.334,496621.5664
32,AUS,Australia,36.0,2018,83.3871,12.55362034,103.387085,60677.87796,1.5,1412416.201537,24979.23,508683.369
33,AUS,Australia,36.0,2019,83.11,12.65668964,106.077455,29958.1441,1.5,1351405.73939,25357.17,499985.2124
34,AUS,Australia,36.0,2020,84.3239,12.72681999,108.479571,10974.58167,1.5,1383391.521463,25670.051,575160.3874
35,AUT,Austria,40.0,2016,81.5925,12.11466026,101.1,-6474.80789,1.5,395538.833553,8736.487,197831.1732
36,AUT,Austria,40.0,2017,81.6391,12.15911961,104.3,4701.948504,1.5,413348.647949,8797.496,205500.3932
37,AUT,Austria,40.0,2018,81.6862,12.20790482,105.1,-324.439639,1.5,450712.705812,8840.513,221412.4373
38,AUT,Austria,40.0,2019,81.9077,12.25669003,106.0,-9926.827669,1.5,443403.031107,8879.94,215282.807
39,AUT,Austria,40.0,2020,81.5036,12.25669003,109.0723,-14126.46004,1.5,432770.909845,8907.777,
40,AZE,Azerbaijan,31.0,2016,72.0039,10.55539989,124.781488,1926.0,1.5,35591.42207,9976.248,12412.83526
41,AZE,Azerbaijan,31.0,2017,72.2478,10.54459953,137.525291,303.0,1.5,39321.62285,10071.567,13682.98655
42,AZE,Azerbaijan,31.0,2018,72.7601,10.54176044,137.288192,-358.0,1.5,44853.089676,10152.522,14256.27023
43,AZE,Azerbaijan,31.0,2019,73.1023,10.5429697,142.912168,-927.8,1.5,46318.529412,10232.753,15605.44706
44,AZE,Azerbaijan,31.0,2020,66.8679,10.5429697,148.740532,-318.2,1.5,42356.235294,10284.951,17152.95882
45,BGD,Bangladesh,50.0,2016,71.09,6.113890171,108.2819,2292.19,13.3,233005.801598,159784.568,
46,BGD,Bangladesh,50.0,2017,71.7879,6.270249844,116.000498,2009.6,12.5,256188.386331,161793.964,
47,BGD,Bangladesh,50.0,2018,72.5675,6.385879993,122.142365,3590.06,11.5,281923.406836,163683.958,
48,BGD,Bangladesh,50.0,2019,72.8057,6.549980164,129.304981,2846.37,11.0,314503.412217,165516.222,
49,BGD,Bangladesh,50.0,2020,71.9678,7.379059792,136.211324,2551.98,11.4,345278.443355,167420.951,
50,BRB,Barbados,52.0,2016,76.8149,9.734617347,114.376464,462.836987,4.4,4607.915325,278.649,
51,BRB,Barbados,52.0,2017,76.936,9.77397843,121.945129,233.809541,4.3,4761.860196,279.187,
52,BRB,Barbados,52.0,2018,77.067,9.813339513,120.550901,232.392,4.1,4890.854334,279.688,
53,BRB,Barbados,52.0,2019,77.2569,9.852700596,135.506459,187.541323,3.7,5115.969283,280.18,
54,BRB,Barbados,52.0,2020,77.3929,9.852700596,140.72365,254.6,3.4,4248.282818,280.693,
55,BLR,Belarus,112.0,2016,74.258,11.85758429,115.694397,1124.0,1.5,45473.140372,9708.11,19309.27331
56,BLR,Belarus,112.0,2017,74.4519,11.95291634,120.59984,1208.5,1.5,52669.797353,9707.876,22651.62897
57,BLR,Belarus,112.0,2018,74.5676,12.04824839,127.57051,1371.3,1.5,57861.17826,9695.574,24354.0952
58,BLR,Belarus,112.0,2019,74.216,12.14358044,133.005014,1277.1,1.5,62499.821046,9673.971,26216.53468
59,BLR,Belarus,112.0,2020,72.5132,12.14358044,141.238025,1314.6,1.5,57750.975887,9633.74,
60,BEL,Belgium,56.0,2016,81.2661,11.98532009,102.1507,22868.65467,1.5,480302.796402,11316.836,252702.1515
61,BEL,Belgium,56.0,2017,81.3618,12.23692989,104.2831,-30406.34426,1.5,507373.706788,11384.489,261558.0726
62,BEL,Belgium,56.0,2018,81.4787,12.30630493,105.8205,-8677.660575,1.5,548082.28705,11448.595,283612.4567
63,BEL,Belgium,56.0,2019,81.8311,12.37567997,106.2867,1305.307654,1.5,540431.91698,11510.568,277492.539
64,BEL,Belgium,56.0,2020,80.7884,12.37567997,108.0026,-1789.822114,1.5,527384.952969,11561.717,
65,BLZ,Belize,84.0,2016,73.3988,9.503048134,99.201553,42.2685,7.2,1685.65678,367.313,
66,BLZ,Belize,84.0,2017,73.5624,9.339186096,99.340829,24.172,7.0,1720.624406,374.693,
67,BLZ,Belize,84.0,2018,73.7031,9.175324059,98.723919,117.557047,6.7,1708.56041,382.066,
68,BLZ,Belize,84.0,2019,73.9313,9.011462021,99.546054,91.791742,6.8,1789.926033,389.095,
69,BLZ,Belize,84.0,2020,72.854,8.847599983,102.805625,71.753426,7.4,1443.06656,394.921,
70,BEN,Benin,204.0,2016,59.5394,3.863223294,98.81456,114.409647,7.6,11718.306954,11260.085,
71,BEN,Benin,204.0,2017,59.8558,4.010411011,100.826915,168.995331,7.9,12561.417748,11596.779,
72,BEN,Benin,204.0,2018,60.1403,4.157598728,101.594,184.303164,8.1,14117.27289,11940.683,
73,BEN,Benin,204.0,2019,60.4537,4.304786445,96.63285,191.058358,7.7,14248.20188,12290.444,
74,BEN,Benin,204.0,2020,60.088,4.304786445,100.80699,151.767219,7.4,15039.70789,12643.123,
75,BOL,Bolivia (Plurinational State of),68.0,2016,67.6277,9.162832737,108.111846,246.49949,13.1,33140.095874,11263.015,
76,BOL,Bolivia (Plurinational State of),68.0,2017,67.7015,9.396595001,110.954091,632.781025,12.5,36623.484751,11435.533,
77,BOL,Bolivia (Plurinational State of),68.0,2018,67.748,9.630357265,113.008593,386.834085,12.1,39336.866531,11606.905,
78,BOL,Bolivia (Plurinational State of),68.0,2019,67.841,9.86411953,115.232584,-264.951156,11.9,39930.200424,11777.315,
79,BOL,Bolivia (Plurinational State of),68.0,2020,64.4667,9.827750206,114.329014,-946.246411,13.9,35709.65405,11936.162,
80,BIH,Bosnia and Herzegovina,70.0,2016,76.8083,9.692919731,97.8111,311.141147,1.5,16936.146244,3480.986,7011.061913
81,BIH,Bosnia and Herzegovina,70.0,2017,76.9349,9.752649784,99.5009,413.371027,1.5,17929.055525,3440.027,7239.606305
82,BIH,Bosnia and Herzegovina,70.0,2018,77.0926,9.812379837,99.6182,598.51228,1.5,20063.590298,3400.129,
83,BIH,Bosnia and Herzegovina,70.0,2019,77.2412,10.17434978,101.0793,396.82428,1.5,20190.04381,3360.711,
84,BIH,Bosnia and Herzegovina,70.0,2020,76.2254,10.53631973,101.7047,375.874698,1.5,19788.960766,3318.407,
85,BWA,Botswana,72.0,2016,65.4644,10.1,104.29427,312.216268,20.1,14355.899082,2352.416,4991.320855
86,BWA,Botswana,72.0,2017,66.7526,10.18,105.430148,259.709235,21.3,16039.054149,2401.84,5438.539773
87,BWA,Botswana,72.0,2018,65.4224,10.26,105.225589,368.033857,21.5,17081.149402,2451.409,5724.812071
88,BWA,Botswana,72.0,2019,65.4636,10.34,108.382356,73.812243,22.1,16968.841229,2499.702,5796.893167
89,BWA,Botswana,72.0,2020,65.6471,10.34,112.275703,63.132069,21.9,14583.968482,2546.402,5708.690676
90,BRA,Brazil,76.0,2016,74.4415,7.731040001,114.3018,59601.13601,1.5,1757596.906022,206859.578,872233.2217
91,BRA,Brazil,76.0,2017,74.8266,7.851759911,112.1666,47544.55963,1.5,2024937.157759,208504.96,993512.6019
92,BRA,Brazil,76.0,2018,75.1095,7.982019901,116.6876,76138.00314,1.5,1863630.803639,210166.592,908668.4744
93,BRA,Brazil,76.0,2019,75.3379,8.128813955,124.141857,46354.54687,2.6,1835497.020942,211782.878,878170.7741
94,BRA,Brazil,76.0,2020,74.0089,8.128813955,141.626625,50586.15178,4.1,1417068.693059,213196.304,720955.3206
95,BRN,Brunei Darussalam,96.0,2016,74.7332,9.06,99.021323,3457.305457080882,6.8,12235.341988,425.994,
96,BRN,Brunei Darussalam,96.0,2017,74.722,9.1,101.225778,204.8675045481483,6.2,12848.586343,430.276,
97,BRN,Brunei Darussalam,96.0,2018,74.7118,9.14,101.336234,3746.793297962964,5.8,13650.786987,434.274,
98,BRN,Brunei Darussalam,96.0,2019,74.7483,9.18,100.926443,1648.6662224962963,5.8,13830.335687,438.048,
99,BRN,Brunei Darussalam,96.0,2020,74.7949,9.18,105.672775,1284.4077504545455,5.9,12521.423752,441.725,
100,BGR,Bulgaria,100.0,2016,74.8336,11.23243999,100.490613,635.183163,3.5,53101.124125,7245.975,18026.009
101,BGR,Bulgaria,100.0,2017,74.7992,11.24269962,104.336471,1483.287541,3.0,58986.146791,7182.428,19673.09866
102,BGR,Bulgaria,100.0,2018,74.8983,11.29952653,107.007477,894.007137,2.8,64212.394981,7117.431,23607.34662
103,BGR,Bulgaria,100.0,2019,75.0624,11.35635344,114.476757,1296.870197,3.0,66967.385628,7052.532,25675.51241
104,BGR,Bulgaria,100.0,2020,73.6453,11.41318035,116.637022,2222.199978,3.0,68558.276364,6979.175,27920.27171
105,BFA,Burkina Faso,854.0,2016,59.3262,1.602925003,98.316135,340.114274,12.3,12261.728231,19275.498,
106,BFA,Burkina Faso,854.0,2017,59.5361,1.761222512,104.243617,-7.696131,12.4,13577.33464,19835.858,
107,BFA,Burkina Faso,854.0,2018,60.0466,1.91952002,103.823713,200.701559,12.7,15511.736315,20392.723,
108,BFA,Burkina Faso,854.0,2019,60.0391,2.114962259,98.208717,146.537696,14.1,15444.986357,20951.639,
109,BFA,Burkina Faso,854.0,2020,59.7306,2.114962259,103.618644,126.448072,18.0,16776.198057,21522.626,
110,CPV,Cabo Verde,132.0,2016,75.7423,5.973347954,100.424339,135.14965,17.0,1602.780652,558.394,593.148673
111,CPV,Cabo Verde,132.0,2017,76.5928,6.076351994,99.32918,119.679897,16.2,1709.004781,564.954,
112,CPV,Cabo Verde,132.0,2018,75.7331,6.181132228,100.100364,120.475466,15.4,1920.165456,571.202,
113,CPV,Cabo Verde,132.0,2019,76.0042,6.287719287,104.367955,133.766588,14.5,1939.455394,577.03,
114,CPV,Cabo Verde,132.0,2020,74.8077,6.287719287,101.698239,117.943223,17.7,1667.25661,582.64,
115,KHM,Cambodia,116.0,2016,70.2244,4.722,108.19555,2396.842,8.5,18788.301206,15624.584,
116,KHM,Cambodia,116.0,2017,70.5153,4.844,110.232083,2670.873,7.7,20800.20961,15830.689,
117,KHM,Cambodia,116.0,2018,70.5609,4.966,112.32988,3083.623,6.6,22915.193839,16025.238,
118,KHM,Cambodia,116.0,2019,70.6923,5.088,116.106655,3560.089918,6.0,25533.635896,16207.746,
119,KHM,Cambodia,116.0,2020,70.416,5.088,121.605188,3497.84626,6.3,23831.222397,16396.86,
120,CMR,Cameroon,120.0,2016,60.2333,5.983691359,100.59845,702.678,5.9,32085.14654,23711.63,
121,CMR,Cameroon,120.0,2017,60.8103,6.039564753,101.965277,792.137,6.6,34347.939663,24393.181,
122,CMR,Cameroon,120.0,2018,61.1798,6.095438148,104.1522,651.895417,6.9,37954.153242,25076.747,
123,CMR,Cameroon,120.0,2019,61.5839,6.151311543,106.976975,899.655389,6.7,38259.799689,25782.341,
124,CMR,Cameroon,120.0,2020,60.8328,6.151311543,110.712969,403.717252,6.7,39293.9507,26491.087,
125,CAN,Canada,124.0,2016,82.0434,13.73192024,98.58939,-33450.74531,1.5,1509573.373338,36113.532,563122.0632
126,CAN,Canada,124.0,2017,82.0192,13.76600456,100.0767,-53421.57573,1.5,1628541.67382,36554.348,603654.3736
127,CAN,Canada,124.0,2018,82.0508,13.80017348,102.5556,-19177.07579,1.5,1692829.951897,37035.254,636151.942
128,CAN,Canada,124.0,2019,82.3628,13.83442722,105.8136,-31060.61006,1.5,1719169.540446,37522.584,652212.2825
129,CAN,Canada,124.0,2020,82.0471,13.83442722,106.3802,-24832.36439,1.5,1626424.824836,37888.705,
130,TCD,Chad,148.0,2016,52.0834,2.301458538,89.025426,3457.305457080882,28.5,10200.946974,14592.585,
131,TCD,Chad,148.0,2017,52.3076,2.388868544,90.912186,204.8675045481483,29.1,10257.982131,15085.884,
132,TCD,Chad,148.0,2018,52.8253,2.479598405,86.781599,3746.793297962964,30.3,11205.891047,15604.21,
133,TCD,Chad,148.0,2019,53.2594,2.57377421,86.673816,1648.6662224962963,31.7,11098.376651,16126.866,
134,TCD,Chad,148.0,2020,52.7774,2.57377421,91.136924,1284.4077504545455,32.7,10994.140148,16644.701,
135,CHL,Chile,152.0,2016,80.0794,10.42321491,104.5233,3836.168964,3.1,242625.276471,18083.879,63313.60837
136,CHL,Chile,152.0,2017,80.3501,10.59051991,107.0929,2604.278544,2.9,265577.081089,18368.577,70461.03721
137,CHL,Chile,152.0,2018,80.1334,10.76136507,110.1873,6450.385411,2.7,284105.29792,18701.45,75708.65559
138,CHL,Chile,152.0,2019,80.3263,10.9349663,114.3097,3247.162005,2.6,269285.892259,19039.485,73761.4677
139,CHL,Chile,152.0,2020,79.3769,10.9349663,123.0354,-3196.84402,2.6,242004.997363,19300.315,73894.36289
140,HKG,"China, Hong Kong SAR",344.0,2016,84.539,12.09660006,104.514294,57684.17663,1.5,328903.475152,7435.927,
141,HKG,"China, Hong Kong SAR",344.0,2017,84.8988,12.16905022,106.43787,23980.62426,1.5,356069.162416,7461.519,
142,HKG,"China, Hong Kong SAR",344.0,2018,85.2456,12.19762993,110.41326,22044.39625,1.5,378890.60407,7481.555,
143,HKG,"China, Hong Kong SAR",344.0,2019,85.2735,12.22620964,125.288914,20512.08557,1.5,384049.005115,7496.122,
144,HKG,"China, Hong Kong SAR",344.0,2020,85.1968,12.22620964,128.623112,17005.12424,1.5,368577.910986,7500.958,
145,COL,Colombia,170.0,2016,76.4713,8.221500397,112.482,9331.0,6.0,279762.593447,47625.955,87829.99819
146,COL,Colombia,170.0,2017,76.6456,8.362985134,113.0231,10147.13215,5.9,306184.599947,48351.671,98297.42908
147,COL,Colombia,170.0,2018,76.7479,8.504469872,115.13,6408.802152,6.2,325604.326338,49276.961,103558.9846
148,COL,Colombia,170.0,2019,76.7523,8.643030167,121.8075,11094.92219,7.2,316298.767097,50187.406,102080.5834
149,COL,Colombia,170.0,2020,74.7692,8.862859726,127.6561,5724.090215,8.2,265364.125614,50930.662,
150,COG,Congo,178.0,2016,63.5765,6.124,97.303491,1601.236924,26.4,9761.682589,5186.824,2777.184766
151,COG,Congo,178.0,2017,63.76,6.138,98.72583,4372.020131,28.3,9467.402985,5312.34,
152,COG,Congo,178.0,2018,64.0531,6.152,97.762748,4301.636044,29.3,11381.945036,5441.062,
153,COG,Congo,178.0,2019,62.7467,6.166,102.808461,3343.439176,29.9,9828.337256,5570.733,
154,COG,Congo,178.0,2020,63.7852,6.166,101.593885,3988.358114,31.6,8641.68383,5702.174,
155,CRI,Costa Rica,188.0,2016,79.4592,8.564390182,99.55278,2127.035025,3.6,56365.195527,4945.205,17706.47135
156,CRI,Costa Rica,188.0,2017,79.3769,8.643780231,103.0246,2652.093384,3.2,57352.915855,4993.842,17067.71927
157,CRI,Costa Rica,188.0,2018,79.4835,8.72317028,103.3305,2283.145638,3.2,59010.024236,5040.734,19180.5552
158,CRI,Costa Rica,188.0,2019,79.4272,8.763615131,103.8196,2631.191771,3.4,60211.825988,5084.532,20494.44956
159,CRI,Costa Rica,188.0,2020,79.277,8.804059982,107.7201,1623.994024,3.4,58035.89196,5123.105,20922.2629
160,HRV,Croatia,191.0,2016,78.2314,11.78733331,99.5,2211.724337,1.5,51197.25293,4223.751,24489.34217
161,HRV,Croatia,191.0,2017,78.0832,11.92040895,101.7,1264.379074,1.5,55924.434062,4192.467,25106.68358
162,HRV,Croatia,191.0,2018,78.337,12.05498697,102.2,970.585942,1.5,61854.186683,4160.485,28259.2001
163,HRV,Croatia,191.0,2019,78.7376,12.19108434,104.3,1168.408197,1.5,62139.251548,4129.752,28527.74654
164,HRV,Croatia,191.0,2020,77.9845,12.19108434,103.4,1068.568348,1.5,57105.494833,4096.869,
165,CYP,Cyprus,196.0,2016,81.0563,12.08658028,100.78,2238.61659,1.5,20104.307275,1197.881,7842.062527
166,CYP,Cyprus,196.0,2017,81.328,12.18473005,96.47,744.238096,1.5,22124.021596,1208.523,8355.009016
167,CYP,Cyprus,196.0,2018,81.382,12.28287983,98.5,5591.122985,1.5,24547.572738,1218.831,10896.43107
168,CYP,Cyprus,196.0,2019,81.397,12.36152506,100.27,5946.380562,1.5,24555.673373,1228.836,9980.003308
169,CYP,Cyprus,196.0,2020,81.3905,12.44017029,100.64,2307.321422,1.5,23188.865404,1237.537,
170,CZE,Czechia,203.0,2016,78.9967,12.73709011,100.8,7632.962874,1.5,183030.984148,10527.591,69102.07685
171,CZE,Czechia,203.0,2017,78.9557,12.78682041,106.4,1961.671529,1.5,206250.524034,10531.305,77007.97104
172,CZE,Czechia,203.0,2018,79.0039,12.8280654,105.8,2347.807863,1.5,235280.883881,10534.593,99578.7988
173,CZE,Czechia,203.0,2019,79.2433,12.86931038,110.9,5980.25424,1.5,237234.462384,10536.871,93428.1586
174,CZE,Czechia,203.0,2020,78.5746,12.86931038,110.8,3150.153362,1.5,236796.716968,10530.953,104491.5415
175,CIV,Côte d'Ivoire,384.0,2016,58.0599,4.921027531,100.23522,549.220086,6.9,46887.632,24213.622,
176,CIV,Côte d'Ivoire,384.0,2017,58.4805,5.013731346,103.126809,298.983969,6.0,50051.962748,24848.016,
177,CIV,Côte d'Ivoire,384.0,2018,58.8494,5.106435161,103.930573,475.678486,5.2,55808.698804,25493.988,
178,CIV,Côte d'Ivoire,384.0,2019,59.3185,5.199138977,107.557312,816.170219,4.7,56975.780141,26147.551,
179,CIV,Côte d'Ivoire,384.0,2020,59.0318,5.199138977,110.586129,350.473618,4.4,59385.372172,26811.79,
180,COD,Democratic Republic of the Congo,180.0,2016,59.0664,6.75948,109.950799,932.374669,36.0,39610.898531,81430.977,
181,COD,Democratic Republic of the Congo,180.0,2017,59.4114,6.889088258,116.044473,1047.979483,36.4,36964.397474,84283.273,
182,COD,Democratic Republic of the Congo,180.0,2018,59.9417,7.018696516,117.852991,1407.563588,36.3,46296.746664,87087.355,
183,COD,Democratic Republic of the Congo,180.0,2019,60.2757,7.018696516,119.661508,1354.128941,37.7,46467.245041,89906.89,
184,COD,Democratic Republic of the Congo,180.0,2020,59.7392,7.018696516,121.470025,1498.084808,39.8,44491.530801,92853.164,
185,DNK,Denmark,208.0,2016,80.8803,13.16281986,100.9,-9875.187917,1.5,320812.594567,5706.857,164307.0844
186,DNK,Denmark,208.0,2017,81.1112,13.011765,102.9,-5769.44338,1.5,339391.058128,5737.284,167885.6407
187,DNK,Denmark,208.0,2018,80.99,12.86071014,102.7,1567.948914,1.5,366754.681199,5766.686,180391.4121
188,DNK,Denmark,208.0,2019,81.4337,12.91060019,103.6,-7816.839987,1.5,357603.732015,5795.878,172408.3071
189,DNK,Denmark,208.0,2020,81.5449,12.96049023,103.8,-3244.039576,1.5,368105.773887,5825.641,191751.0677
190,DJI,Djibouti,262.0,2016,62.1908,4.07,108.327675,3457.305457080882,13.6,2761.25916,1023.261,
191,DJI,Djibouti,262.0,2017,62.7966,4.07,106.936486,204.8675045481483,13.5,2890.25376,1040.233,
192,DJI,Djibouti,262.0,2018,63.0381,4.0,110.019595,3746.793297962964,13.1,3021.269984,1057.198,
193,DJI,Djibouti,262.0,2019,63.0854,4.1,117.519103,1648.6662224962963,13.1,3076.953279,1073.994,
194,DJI,Djibouti,262.0,2020,62.6943,4.1,118.879304,1284.4077504545455,13.5,3326.824501,1090.156,
195,DMA,Dominica,212.0,2016,70.1284,8.017922938,100.277671,41.107778,5.4,558.666667,70.075,
196,DMA,Dominica,212.0,2017,67.5253,8.059343959,100.692414,-2.152963,5.7,485.544444,70.403,
197,DMA,Dominica,212.0,2018,73.59,8.100764979,102.838259,-37.216296,5.7,551.940741,70.823,
198,DMA,Dominica,212.0,2019,73.5588,8.142186,104.650506,32.509877,6.5,601.01351,71.428,
199,DMA,Dominica,212.0,2020,73.649,8.142186,104.497231,25.129679,6.9,521.502862,71.995,
200,DOM,Dominican Republic,214.0,2016,72.9867,9.044050217,102.703904,3457.305457080882,6.8,72429.413768,10527.592,
201,DOM,Dominican Republic,214.0,2017,73.0629,8.936204255,108.375097,204.8675045481483,6.2,76204.051092,10647.244,
202,DOM,Dominican Republic,214.0,2018,73.2323,9.106114462,108.344358,3746.793297962964,6.1,81709.993761,10765.531,
203,DOM,Dominican Republic,214.0,2019,73.5767,9.306864107,116.067323,1648.6662224962963,7.0,84666.276952,10881.882,
204,DOM,Dominican Republic,214.0,2020,72.8894,9.306864107,125.775809,1284.4077504545455,6.7,75054.873994,10999.664,
205,ECU,Ecuador,218.0,2016,76.7634,8.692919731,102.056869,3457.305457080882,9.7,98028.639,16439.585,
206,ECU,Ecuador,218.0,2017,76.9725,8.765919685,101.812931,204.8675045481483,10.7,101858.207,16696.944,
207,ECU,Ecuador,218.0,2018,77.0938,8.782986323,101.142593,3746.793297962964,11.6,104605.438,17015.672,
208,ECU,Ecuador,218.0,2019,77.2971,8.800052961,100.51045,1648.6662224962963,13.7,104934.502,17343.74,
209,ECU,Ecuador,218.0,2020,72.1535,8.817119598,100.451819,1284.4077504545455,15.4,95950.843,17588.595,
210,EGY,Egypt,818.0,2016,70.8435,8.806776914,134.431459,7900.2,4.6,268606.139226,99784.03,86237.35032
211,EGY,Egypt,818.0,2017,71.3019,9.04570961,168.258855,7209.7,4.9,191353.592958,101789.386,54817.49824
212,EGY,Egypt,818.0,2018,71.3669,9.305633501,187.105598,7817.8,4.9,243470.52394,103740.765,67941.59219
213,EGY,Egypt,818.0,2019,71.3575,9.573026174,190.438451,8605.0,5.0,305831.02047,105618.671,84911.78264
214,EGY,Egypt,818.0,2020,70.9905,9.573026174,195.77547,5525.3,5.1,357759.598795,107465.134,99913.80944
215,SLV,El Salvador,222.0,2016,72.0248,6.717559814,97.625201,347.852922,9.9,22945.05,6250.51,6078.8
216,SLV,El Salvador,222.0,2017,72.3108,6.825099945,100.057369,888.844522,9.2,23591.57,6266.654,6741.4
217,SLV,El Salvador,222.0,2018,72.5546,6.968569994,100.421334,826.046956,8.4,24550.760684,6276.342,6930.7
218,SLV,El Salvador,222.0,2019,72.5586,7.112040043,101.622361,635.763348,8.3,25559.26894,6280.217,9476.8
219,SLV,El Salvador,222.0,2020,71.0609,7.150929928,102.001016,201.18375,7.7,23324.947553,6292.731,8543.5
220,EST,Estonia,233.0,2016,77.8201,13.51035023,100.8273,572.485336,1.5,23521.431129,1315.926,9477.618441
221,EST,Estonia,233.0,2017,77.976,13.55548,107.2426,1061.397564,1.5,26262.26315,1317.549,10561.27635
222,EST,Estonia,233.0,2018,78.1395,13.65631008,109.1138,1439.710943,1.5,29849.333808,1322.148,12033.57217
223,EST,Estonia,233.0,2019,78.6693,13.60237026,112.3214,1104.045129,1.5,30466.722679,1327.039,12252.31267
224,EST,Estonia,233.0,2020,78.3431,13.54843044,112.1076,2937.470837,1.5,30367.796388,1329.444,
225,SWZ,Eswatini,748.0,2016,56.6591,5.194,121.538901,28.517081,13.0,3610.861906,1142.524,
226,SWZ,Eswatini,748.0,2017,57.8951,5.328,124.729533,-121.494111,12.4,4106.520368,1151.39,
227,SWZ,Eswatini,748.0,2018,59.4114,5.462,125.360303,46.987009,11.8,4344.881182,1160.428,
228,SWZ,Eswatini,748.0,2019,60.5492,5.596,128.711027,108.013607,11.1,4018.204741,1169.613,
229,SWZ,Eswatini,748.0,2020,59.6922,5.596,133.329266,55.242453,11.0,3631.088663,1180.655,
230,ETH,Ethiopia,231.0,2016,64.3919,2.681135178,107.258998,3457.305457080882,14.4,71921.940614,105293.228,
231,ETH,Ethiopia,231.0,2017,64.8383,2.854597012,123.818599,204.8675045481483,15.7,76338.468764,108197.95,
232,ETH,Ethiopia,231.0,2018,65.4117,3.028058847,137.970999,3746.793297962964,18.2,79851.21931,111129.438,
233,ETH,Ethiopia,231.0,2019,65.8377,3.201520681,169.321469,1648.6662224962963,21.9,91992.897639,114120.594,
234,ETH,Ethiopia,231.0,2020,65.3705,3.201520681,205.400982,1284.4077504545455,24.9,96087.943897,117190.911,
235,FJI,Fiji,242.0,2016,67.2395,10.49146872,104.045442,406.263426,6.3,4658.270408,918.371,
236,FJI,Fiji,242.0,2017,67.7904,10.63035965,101.181806,387.830933,6.2,4930.389357,919.019,
237,FJI,Fiji,242.0,2018,67.8096,10.77497021,106.336351,474.61411,5.5,5221.618057,918.996,
238,FJI,Fiji,242.0,2019,67.8933,10.92154799,109.295441,357.018375,4.9,5045.550549,918.465,
239,FJI,Fiji,242.0,2020,67.9244,10.92154799,109.963623,226.899145,5.7,4114.590754,920.422,
240,FIN,Finland,246.0,2016,81.2915,12.68652487,99.26,-15694.42673,1.5,241702.9972,5495.219,133893.0272
241,FIN,Finland,246.0,2017,81.4976,12.73937988,99.19,3438.00793,1.5,255775.633889,5508.14,137115.0528
242,FIN,Finland,246.0,2018,81.6266,12.80649996,100.31,-13625.98196,1.5,276822.822825,5515.461,147239.0464
243,FIN,Finland,246.0,2019,81.8706,12.87362003,102.08,8746.456862,1.5,270141.513435,5521.537,143254.6751
244,FIN,Finland,246.0,2020,81.8657,12.87362003,102.27,-4029.500239,1.5,274361.21635,5529.468,
245,FRA,France,250.0,2016,82.4372,11.35085964,100.73,-41770.67477,1.5,2523562.336756,63989.319,1400869.237
246,FRA,France,250.0,2017,82.4732,11.40970039,102.18,-11152.15599,1.5,2653805.221561,64144.086,1456185.02
247,FRA,France,250.0,2018,82.5909,11.50988007,104.85,-67450.26997,1.5,2855661.376339,64277.808,1552489.885
248,FRA,France,250.0,2019,82.7315,11.61005974,107.01,-4698.43587,1.5,2787416.52462,64399.759,1508995.666
249,FRA,France,250.0,2020,82.2104,11.61005974,108.21,-26270.52242,1.5,2671813.716093,64480.053,
250,GAB,Gabon,266.0,2016,65.8025,9.094,100.193024,1198.36016,15.1,12934.818773,2086.206,
251,GAB,Gabon,266.0,2017,66.1889,9.208,97.952898,1397.73833,16.1,13985.877491,2140.215,
252,GAB,Gabon,266.0,2018,66.3064,9.322,104.745253,1441.999149,17.0,15759.690642,2192.012,
253,GAB,Gabon,266.0,2019,66.6028,9.436,107.114183,1586.915986,16.6,15511.093046,2242.785,
254,GAB,Gabon,266.0,2020,66.5305,9.436,108.096933,1284.4077504545455,17.2,14055.227296,2292.573,
255,GMB,Gambia,270.0,2016,63.0127,4.02814688,112.652111,-26.3,11.6,1439.754821,2317.206,
256,GMB,Gambia,270.0,2017,62.9955,4.180482013,120.875693,16.083258,12.2,1476.654101,2381.182,
257,GMB,Gambia,270.0,2018,63.04,4.332817146,128.593068,51.459211,13.1,1641.486948,2444.916,
258,GMB,Gambia,270.0,2019,63.7549,4.485152279,138.418569,43.449211,18.0,1776.06056,2508.883,
259,GMB,Gambia,270.0,2020,62.6125,4.637487411,147.797522,44.612281,21.6,1795.452352,2573.995,
260,GEO,Georgia,268.0,2016,73.5692,12.81457043,103.633275,1245.40446,8.3,14440.202298,3771.11,4891.442817
261,GEO,Georgia,268.0,2017,73.5701,12.87436008,111.227323,1708.854069,8.1,15447.243022,3771.9,5066.06452
262,GEO,Georgia,268.0,2018,73.3414,12.84828997,113.078113,966.099219,7.8,16914.927096,3772.325,5181.817555
263,GEO,Georgia,268.0,2019,73.4696,12.82221985,127.035973,1029.239069,7.8,16699.067014,3770.811,5396.95438
264,GEO,Georgia,268.0,2020,72.7653,12.82221985,135.646876,594.004841,7.6,15136.93743,3765.912,5747.283438
265,DEU,Germany,276.0,2016,80.8471,14.1321497,102.3,-48027.81099,1.5,3553516.78345,82331.423,1537964.573
266,DEU,Germany,276.0,2017,80.9442,14.10476494,105.0,-37876.10849,1.5,3778789.1837,82624.374,1630438.341
267,DEU,Germany,276.0,2018,81.1717,14.07738018,106.1,-24170.99172,1.5,4105202.181209,82896.696,1762944.245
268,DEU,Germany,276.0,2019,81.5584,14.09096691,108.1,-85215.25598,1.5,4014394.1716,83148.141,1749400.578
269,DEU,Germany,276.0,2020,81.1472,14.09096691,108.5,701.177376,1.5,3953466.258965,83328.988,1951201.568
270,GHA,Ghana,288.0,2016,63.8902,7.919448013,109.687808,3470.6,7.7,55095.007753,29554.303,
271,GHA,Ghana,288.0,2017,64.0131,8.056260907,118.456337,3239.1,7.1,58799.291909,30222.262,
272,GHA,Ghana,288.0,2018,64.122,8.193073801,128.767478,2908.0,6.2,65957.042443,30870.641,
273,GHA,Ghana,288.0,2019,64.7401,8.329886695,136.06047,3291.0,5.2,66867.367504,31522.29,
274,GHA,Ghana,288.0,2020,64.114,8.329886695,155.174325,1335.0,4.1,67042.184538,32180.401,
275,GRC,Greece,300.0,2016,81.1617,10.25430012,99.25755,4432.188005,1.5,192076.829353,10749.742,95827.02853
276,GRC,Greece,300.0,2017,80.8501,10.54285765,99.73506,3316.475273,1.5,198842.523409,10692.228,96817.0659
277,GRC,Greece,300.0,2018,81.3907,10.83141518,100.1118,3496.392928,1.5,209711.639142,10633.271,102792.6425
278,GRC,Greece,300.0,2019,81.2489,11.11997271,100.4421,4377.753366,1.5,203279.410556,10574.024,97427.8666
279,GRC,Greece,300.0,2020,80.9092,11.40853024,101.2292,2869.249231,1.5,188028.901406,10512.232,
280,GTM,Guatemala,320.0,2016,72.3547,5.774713993,112.8665,964.99596,16.4,64707.47946,16291.004,10035.32166
281,GTM,Guatemala,320.0,2017,72.5506,5.74357605,126.804669,934.06642,16.3,70128.940818,16578.723,11117.8234
282,GTM,Guatemala,320.0,2018,72.7257,5.712438107,132.698445,777.86225,16.2,71702.136219,16850.176,11823.51469
283,GTM,Guatemala,320.0,2019,73.1289,5.681300163,140.599917,799.43959,16.3,75605.414901,17106.338,12929.33258
284,GTM,Guatemala,320.0,2020,71.7969,5.681300163,152.80262,704.49363,16.0,76179.277983,17362.718,13948.34412
285,HTI,Haiti,332.0,2016,63.3922,5.326,118.301076,3457.305457080882,43.2,13379.920118,10713.849,
286,HTI,Haiti,332.0,2017,63.8538,5.402,131.81249,204.8675045481483,44.6,15300.081486,10863.543,
287,HTI,Haiti,332.0,2018,64.0188,5.478,155.233742,3746.793297962964,45.4,15872.037941,11012.421,
288,HTI,Haiti,332.0,2019,64.2546,5.554,193.97349,1648.6662224962963,46.4,14055.334835,11160.438,
289,HTI,Haiti,332.0,2020,64.0518,5.554,238.895112,1284.4077504545455,47.2,15538.241205,11306.801,
290,HND,Honduras,340.0,2016,72.5878,6.528709888,100.481722,900.1,13.8,20197.399981,9460.798,
291,HND,Honduras,340.0,2017,72.6918,6.408294916,105.602798,1035.0,13.2,21721.180936,9626.842,
292,HND,Honduras,340.0,2018,72.8141,6.287879944,107.15464,895.2,13.1,22173.255434,9792.85,
293,HND,Honduras,340.0,2019,72.8811,7.088479996,110.37471,499.5,13.3,23175.171803,9958.829,
294,HND,Honduras,340.0,2020,71.4619,7.088479996,114.797458,371.9,15.3,22201.425949,10121.763,
295,HUN,Hungary,348.0,2016,76.1552,11.88941002,100.3883,2833.557956,1.5,125167.397611,9815.104,60185.8354
296,HUN,Hungary,348.0,2017,76.0055,11.97945499,103.8145,2294.897675,1.5,137346.045184,9788.941,66472.40982
297,HUN,Hungary,348.0,2018,76.2039,12.06949997,108.4742,3387.932566,1.5,154297.812209,9776.358,73616.07381
298,HUN,Hungary,348.0,2019,76.4543,12.15954494,114.6414,1035.833809,1.5,159224.299869,9771.796,74493.67646
299,HUN,Hungary,348.0,2020,75.7297,12.24958992,119.7122,-113.432313,1.5,151620.683124,9750.573,
300,ISL,Iceland,352.0,2016,82.03,13.32010517,100.1814,720.096713,1.5,21165.708419,335.675,9187.248384
301,ISL,Iceland,352.0,2017,82.5352,13.4558567,99.66061,166.838935,1.5,24848.957647,343.632,10601.05052
302,ISL,Iceland,352.0,2018,82.7703,13.59160824,104.3018,-457.432313,1.5,26545.958631,352.946,10878.79023
303,ISL,Iceland,352.0,2019,82.4042,13.72735977,105.4117,-766.352436,1.5,25376.493554,360.774,10244.3824
304,ISL,Iceland,352.0,2020,82.5755,13.76716995,112.6733,-534.914224,1.5,22259.325803,366.669,
305,IND,India,356.0,2016,70.1167,6.350639359,105.017313,39408.2122,13.9,2264339.129994,1338636.34,510118.2404
306,IND,India,356.0,2017,70.4672,6.452129304,110.111437,28763.29224,13.2,2595949.402067,1354195.68,593750.0862
307,IND,India,356.0,2018,70.7095,6.55361925,108.308901,30709.27574,13.3,2731757.668183,1369003.306,617540.9178
308,IND,India,356.0,2019,70.9098,6.655109195,121.47525,37414.1958,14.6,2862525.994225,1383112.05,712529.935
309,IND,India,356.0,2020,70.1499,6.655109195,126.177518,52501.95178,16.3,2635927.048962,1396387.127,
310,IDN,Indonesia,360.0,2016,69.7976,7.976150036,109.845498,16135.92,6.6,902045.439562,261850.182,157866.4794
311,IDN,Indonesia,360.0,2017,69.9356,8.069094896,111.228529,18502.04,5.9,983433.06696,264498.852,169401.7095
312,IDN,Indonesia,360.0,2018,70.3375,8.162039757,115.018191,12510.62,5.9,1011212.62998,267066.843,171997.8189
313,IDN,Indonesia,360.0,2019,70.5184,8.359274864,117.127899,20531.07,6.2,1085070.037944,269582.878,183152.0908
314,IDN,Indonesia,360.0,2020,68.8077,8.556509972,123.310831,14113.63,6.5,1029919.369397,271857.97,222937.2202
315,IRN,Iran (Islamic Republic of),364.0,2016,75.6,10.31394005,110.971952,3267.887667,4.9,466620.833905,83306.231,
316,IRN,Iran (Islamic Republic of),364.0,2017,75.9712,10.42034294,125.558481,4943.251556,5.2,504326.82069,84505.076,
317,IRN,Iran (Islamic Republic of),364.0,2018,76.195,10.52784353,190.769168,2298.398889,5.2,528889.399773,85617.562,
318,IRN,Iran (Islamic Republic of),364.0,2019,76.1031,10.63645314,245.587773,1423.17937,4.9,653638.781797,86564.202,
319,IRN,Iran (Islamic Republic of),364.0,2020,74.832,10.63645314,388.000265,1263.609938,4.1,886837.399729,87290.193,
320,IRQ,Iraq,368.0,2016,68.9878,7.837934567,97.375511,-6560.2,19.1,156258.346024,38697.943,
321,IRQ,Iraq,368.0,2017,70.4126,7.860422708,97.776646,-5110.2,18.8,173917.305743,39621.162,
322,IRQ,Iraq,368.0,2018,71.5143,7.88291085,98.478632,-5073.5,18.1,209258.971042,40590.7,
323,IRQ,Iraq,368.0,2019,71.5764,7.905593489,97.174943,-3269.8,17.4,215560.696447,41563.52,
324,IRQ,Iraq,368.0,2020,69.1228,7.905593489,97.275227,-3044.0,15.9,164934.403859,42556.984,
325,IRL,Ireland,372.0,2016,81.5498,11.36181815,97.06382,9327.887361,1.5,243320.133832,4715.788,84620.60558
326,IRL,Ireland,372.0,2017,81.9168,11.4341898,95.60786,54883.02211,1.5,266317.313308,4771.854,89164.60561
327,IRL,Ireland,372.0,2018,82.0863,11.50796839,94.24897,-25716.48567,1.5,298216.075001,4834.507,98948.63553
328,IRL,Ireland,372.0,2019,82.2586,11.58222303,93.3754,97736.86968,1.5,309766.350566,4896.019,97713.3326
329,IRL,Ireland,372.0,2020,82.4699,11.58222303,91.91943,82898.34679,1.5,324081.078128,4946.119,
330,ISR,Israel,376.0,2016,82.4854,13.05535211,97.89688,-2590.255,1.5,316135.997205,8159.009,121019.8312
331,ISR,Israel,376.0,2017,82.7195,13.15115217,96.981,9268.49,1.5,353488.338209,8309.257,137075.9365
332,ISR,Israel,376.0,2018,82.8232,13.24765522,100.7463,15428.008,1.5,373366.68134,8456.483,147141.9266
333,ISR,Israel,376.0,2019,82.8123,13.3448664,100.848,10449.438,1.5,395685.778183,8607.919,154926.8816
334,ISR,Israel,376.0,2020,82.3598,13.3448664,101.0516,18898.87,1.5,402948.235519,8757.489,185504.786
335,ITA,Italy,380.0,2016,83.0492,10.39278984,101.1,12287.78198,1.5,1881183.20563,60118.626,920611.3504
336,ITA,Italy,380.0,2017,82.7282,10.47961998,102.6,-483.819659,1.5,1972734.900186,60004.032,956621.9283
337,ITA,Italy,380.0,2018,83.1847,10.56645012,103.4,4864.361363,1.5,2115036.620297,59877.425,1012279.958
338,ITA,Italy,380.0,2019,83.552,10.65328026,104.2,-1641.150104,1.5,2026751.394853,59727.932,974592.1188
339,ITA,Italy,380.0,2020,82.3953,10.7401104,105.0,-10745.78587,1.5,1911916.584229,59500.579,
340,JAM,Jamaica,388.0,2016,72.0198,8.879589332,105.703442,645.690903,9.3,13399.398433,2802.695,
341,JAM,Jamaica,388.0,2017,71.9114,8.970338495,112.771563,841.24,9.0,14306.810207,2808.376,
342,JAM,Jamaica,388.0,2018,71.793,9.062015112,115.318634,762.029257,8.1,14990.793474,2811.835,
343,JAM,Jamaica,388.0,2019,71.767,9.154628661,127.671928,219.425,7.5,15339.462931,2813.773,
344,JAM,Jamaica,388.0,2020,71.8686,9.154628661,139.341515,362.489066,6.9,13181.677136,2820.436,
345,JPN,Japan,392.0,2016,84.0664,13.30426394,103.1296,-136577.9116,1.5,5088186.818825,126993.857,1911411.497
346,JPN,Japan,392.0,2017,84.1976,13.33075812,105.1515,-155232.2646,1.5,5040348.134892,126662.472,1868504.149
347,JPN,Japan,392.0,2018,84.2971,13.34510708,103.5386,-133838.3347,1.5,5135478.831383,126255.866,1907290.673
348,JPN,Japan,392.0,2019,84.4258,13.36610034,105.1098,-212095.5282,2.8,5252425.968544,125791.677,1967251.236
349,JPN,Japan,392.0,2020,84.6879,13.36610034,104.3028,-105449.0835,3.2,5156420.998521,125244.761,
350,JOR,Jordan,400.0,2016,75.2153,10.16455984,95.659311,1549.71831,7.1,39587.480727,9964.656,12035.65691
351,JOR,Jordan,400.0,2017,75.5018,10.25772977,96.055879,2023.098592,8.8,41202.622759,10215.381,
352,JOR,Jordan,400.0,2018,75.7743,10.3508997,100.6889,962.535211,11.2,42732.676056,10459.865,
353,JOR,Jordan,400.0,2019,76.044,10.39878988,100.780312,686.338028,14.6,44510.360651,10698.683,
354,JOR,Jordan,400.0,2020,75.1843,10.44668007,100.2586,699.577465,16.9,43704.590283,10928.721,
355,KAZ,Kazakhstan,398.0,2016,70.8984,11.9441363,117.883086,13746.38234,1.5,124271.590484,18078.553,28079.61429
356,KAZ,Kazakhstan,398.0,2017,71.3958,12.07710298,125.488061,3756.1,1.5,148432.692312,18314.814,38160.57824
357,KAZ,Kazakhstan,398.0,2018,71.4717,12.21006966,131.625938,4722.68655,1.5,157200.863055,18538.099,32597.92887
358,KAZ,Kazakhstan,398.0,2019,71.5675,12.34756189,144.382136,5498.133124,1.5,158691.294274,18754.258,35498.74932
359,KAZ,Kazakhstan,398.0,2020,70.0304,12.34756189,160.572729,5905.368704,1.5,149445.092572,18979.243,
360,KEN,Kenya,404.0,2016,62.1632,6.388,116.160845,1127.3955,23.3,73804.817832,47894.67,
361,KEN,Kenya,404.0,2017,62.4808,6.476,121.591737,1389.994867,25.1,80527.195747,48948.137,
362,KEN,Kenya,404.0,2018,62.6765,6.564,124.678383,1128.18902,24.7,90811.095349,49953.304,
363,KEN,Kenya,404.0,2019,62.9432,6.652,137.168267,1087.606645,25.6,98944.881175,50951.45,
364,KEN,Kenya,404.0,2020,62.6755,6.652,148.979046,723.870362,26.9,99325.688212,51985.78,
365,KIR,Kiribati,296.0,2016,66.3316,7.865527643,100.342163,1.686,3.3,318.150223,118.513,139.661156
366,KIR,Kiribati,296.0,2017,66.5965,7.865527643,103.081506,0.661,3.4,359.264637,120.362,162.124067
367,KIR,Kiribati,296.0,2018,66.8545,7.865527643,103.09966,-1.265676,3.9,366.536433,122.261,155.524497
368,KIR,Kiribati,296.0,2019,67.1497,7.984461822,100.712548,-0.680613,4.0,372.871864,124.241,198.079269
369,KIR,Kiribati,296.0,2020,67.2659,7.984461822,102.750984,-0.42843,4.2,337.552432,126.463,
370,KWT,Kuwait,414.0,2016,79.7011,7.132780075,102.904167,-4109.147713,1.5,122184.459682,4048.085,53167.06181
371,KWT,Kuwait,414.0,2017,79.7806,7.192820072,102.259774,-8665.324869,1.5,128909.900522,4124.904,67201.96559
372,KWT,Kuwait,414.0,2018,79.7217,7.216040134,102.165351,-3511.045943,1.5,145469.136969,4317.185,73231.74179
373,KWT,Kuwait,414.0,2019,79.685,7.328022618,103.959382,2599.868473,1.5,142642.192626,4441.1,79013.89318
374,KWT,Kuwait,414.0,2020,76.9198,7.328022618,114.157033,-2746.108255,2.7,114332.443996,4360.444,74055.34663
375,KGZ,Kyrgyzstan,417.0,2016,70.2761,11.35618418,93.555445,615.9922,6.1,6458.758973,6018.299,2511.842187
376,KGZ,Kyrgyzstan,417.0,2017,70.5877,11.36215797,96.093915,-78.0,5.8,7323.211877,6121.261,2759.17154
377,KGZ,Kyrgyzstan,417.0,2018,70.728,11.36813177,93.59001,139.0,5.4,8019.975755,6223.494,2705.517829
378,KGZ,Kyrgyzstan,417.0,2019,71.2301,11.37410556,98.966598,399.0,5.2,8091.611494,6323.643,2836.392692
379,KGZ,Kyrgyzstan,417.0,2020,69.6291,11.37410556,116.391498,-332.5,5.3,7056.255287,6424.874,2222.140118
380,LAO,Lao People's Democratic Republic,418.0,2016,67.1667,5.116,106.070173,920.111854,5.9,15126.191399,6891.363,3905.728324
381,LAO,Lao People's Democratic Republic,418.0,2017,67.4344,5.202,103.834914,1676.574948,5.6,16170.199457,6997.917,3929.971651
382,LAO,Lao People's Democratic Republic,418.0,2018,67.6341,5.288,104.462433,1319.609787,5.3,17295.092851,7105.006,3905.261832
383,LAO,Lao People's Democratic Republic,418.0,2019,68.1382,5.374,115.198284,557.17653,5.4,17866.042715,7212.053,3528.313929
384,LAO,Lao People's Democratic Republic,418.0,2020,68.4968,5.374,120.724951,1284.4077504545455,5.1,18191.577295,7319.399,3652.860382
385,LVA,Latvia,428.0,2016,74.7535,12.93480968,103.707,95.193819,1.5,28024.419867,1973.476,10485.4222
386,LVA,Latvia,428.0,2017,74.8054,13.05903006,107.6008,575.004802,1.5,30407.220412,1954.862,11793.04682
387,LVA,Latvia,428.0,2018,75.0012,13.18325043,108.2293,761.716259,1.5,33870.801591,1935.63,13546.7528
388,LVA,Latvia,428.0,2019,75.5337,13.25271988,110.8273,979.540478,1.5,33795.644697,1916.555,13093.97726
389,LVA,Latvia,428.0,2020,75.4526,13.25271988,112.0215,604.222016,1.5,33698.927959,1897.052,
390,LBN,Lebanon,422.0,2016,79.5054,8.554324481,100.878405,1563.742344,6.2,50571.527335,6258.619,
391,LBN,Lebanon,422.0,2017,79.6543,8.609094987,104.59922,1204.975686,6.8,53115.571398,6109.252,
392,LBN,Lebanon,422.0,2018,79.729,8.663865494,111.058604,2026.788724,7.1,54166.12181,5950.839,
393,LBN,Lebanon,422.0,2019,79.2359,8.718636,121.908011,1752.043454,9.0,52285.055661,5781.907,
394,LBN,Lebanon,422.0,2020,77.8038,8.718636,612.286589,3039.445796,10.9,61823.303885,5662.923,
395,LSO,Lesotho,426.0,2016,52.2641,5.744151237,114.102507,3457.305457080882,32.0,2400.601171,2143.872,
396,LSO,Lesotho,426.0,2017,53.0636,5.83282906,120.306252,204.8675045481483,29.5,2618.064759,2170.617,
397,LSO,Lesotho,426.0,2018,53.733,5.921506884,126.652872,3746.793297962964,28.7,2862.193537,2198.017,
398,LSO,Lesotho,426.0,2019,54.1726,6.010184707,136.021313,1648.6662224962963,31.2,2775.748515,2225.702,
399,LSO,Lesotho,426.0,2020,54.6933,6.010184707,154.259877,1284.4077504545455,34.7,2508.0401,2254.1,
400,LBR,Liberia,430.0,2016,60.4162,4.668,114.655207,285.5167,36.3,2520.649138,4706.097,
401,LBR,Liberia,430.0,2017,60.5535,4.806,119.939983,193.66575,36.6,2508.275831,4796.631,
402,LBR,Liberia,430.0,2018,60.8532,4.944,156.491773,45.054252,37.5,2377.448786,4889.391,
403,LBR,Liberia,430.0,2019,61.1044,5.082,192.40867,-15.291099,39.2,2285.438826,4985.289,
404,LBR,Liberia,430.0,2020,60.9476,5.082,222.693794,6.886301,38.3,2177.716522,5087.584,
405,LTU,Lithuania,440.0,2016,74.8816,13.10509968,102.7698,259.447433,1.5,41485.060525,2933.673,14705.74821
406,LTU,Lithuania,440.0,2017,75.4399,13.18838978,106.6792,940.466104,1.5,46031.966159,2904.45,15838.58894
407,LTU,Lithuania,440.0,2018,75.6767,13.29162661,106.0702,272.410991,1.5,52084.008747,2876.128,18179.26922
408,LTU,Lithuania,440.0,2019,76.2119,13.39486345,109.8271,1026.077047,1.5,52790.650851,2849.083,18917.44383
409,LTU,Lithuania,440.0,2020,75.0676,13.49810028,110.1011,763.958213,1.5,54911.76554,2820.267,
410,LUX,Luxembourg,442.0,2016,82.0535,12.84430344,102.36,1728.985411,1.5,38640.202045,583.351,24897.71563
411,LUX,Luxembourg,442.0,2017,81.734,12.65323261,104.8,-41579.96408,1.5,41383.384601,596.283,27122.12811
412,LUX,Luxembourg,442.0,2018,81.8035,12.82510172,107.26,-28379.54018,1.5,45178.123345,607.913,30029.63125
413,LUX,Luxembourg,442.0,2019,82.1434,13.01519217,108.57,-19680.36755,1.5,45471.075814,619.973,30088.06319
414,LUX,Luxembourg,442.0,2020,81.4335,13.01519217,110.57,-64941.87361,1.5,46920.813057,630.399,34933.92952
415,MDG,Madagascar,450.0,2016,64.9969,4.981364182,108.527849,360.926271,41.6,11431.77245,25501.941,
416,MDG,Madagascar,450.0,2017,65.0938,5.027301993,124.350403,251.862206,42.3,12816.629099,26169.542,
417,MDG,Madagascar,450.0,2018,65.2697,5.073239803,132.739542,234.655349,44.3,13302.674896,26846.541,
418,MDG,Madagascar,450.0,2019,65.8821,5.120468534,136.881016,372.693195,47.4,13586.639775,27533.134,
419,MDG,Madagascar,450.0,2020,65.182,5.120468534,143.464897,257.371515,48.5,12530.548569,28225.177,
420,MWI,Malawi,454.0,2016,62.2093,4.210832318,148.255421,73.899486,16.1,7093.492982,17405.624,
421,MWI,Malawi,454.0,2017,62.9769,4.303786674,154.654156,93.599679,16.6,8787.358929,17881.167,
422,MWI,Malawi,454.0,2018,63.2758,4.396741029,173.212655,958.876636,16.8,9709.482409,18367.883,
423,MWI,Malawi,454.0,2019,64.1188,4.489695385,206.617952,822.738227,17.6,10959.660301,18867.337,
424,MWI,Malawi,454.0,2020,63.7167,4.489695385,228.288427,91.006402,17.8,11574.535375,19377.061,
425,MYS,Malaysia,458.0,2016,75.2888,10.36651039,105.656672,3324.755924,3.5,292916.410215,31526.418,
426,MYS,Malaysia,458.0,2017,75.4763,10.45936012,109.678496,3760.333129,3.2,310119.729106,31975.806,
427,MYS,Malaysia,458.0,2018,75.6444,10.55220985,110.3488,2503.873233,2.7,347539.954193,32399.271,
428,MYS,Malaysia,458.0,2019,75.7603,10.64505959,112.192136,1582.275213,2.6,354963.487682,32804.02,
429,MYS,Malaysia,458.0,2020,75.9378,10.64505959,113.784108,655.705506,1.5,330425.171325,33199.993,
430,MLI,Mali,466.0,2016,58.7313,1.98,97.700714,259.460803,3.1,13651.410704,18700.106,
431,MLI,Mali,466.0,2017,59.1322,2.09,100.691651,548.445015,3.1,14864.816789,19311.355,
432,MLI,Mali,466.0,2018,59.3934,2.2,97.42881,467.005894,3.4,16560.733422,19934.298,
433,MLI,Mali,466.0,2019,59.6637,2.31,94.593246,719.627077,5.6,16670.693325,20567.424,
434,MLI,Mali,466.0,2020,58.6331,2.31,97.710424,282.366528,9.8,16689.761101,21224.04,
435,MLT,Malta,470.0,2016,83.1107,11.28810978,105.871478,9546.364925,1.5,10547.156527,467.705,4203.386296
436,MLT,Malta,470.0,2017,83.5867,11.56434488,107.277313,10644.36574,1.5,12162.147546,479.497,4599.401436
437,MLT,Malta,470.0,2018,83.3448,11.84057999,111.978916,11465.91172,1.5,14210.425616,491.586,5403.745689
438,MLT,Malta,470.0,2019,83.2065,12.02542019,114.311594,-3325.863807,1.5,14566.602322,503.635,5586.047483
439,MLT,Malta,470.0,2020,83.3545,12.21026039,115.39866,-3370.425343,1.5,13584.138324,515.358,
440,MRT,Mauritania,478.0,2016,64.7679,4.577192976,104.729741,270.16284,8.5,6282.357728,4051.89,
441,MRT,Mauritania,478.0,2017,65.0827,4.691063614,106.609795,577.579766,8.5,6702.875629,4160.015,
442,MRT,Mauritania,478.0,2018,65.31,4.804934252,111.83439,769.253477,8.6,7312.418423,4270.712,
443,MRT,Mauritania,478.0,2019,65.6869,4.918804891,114.636994,882.137692,9.2,7789.769303,4383.849,
444,MRT,Mauritania,478.0,2020,64.5321,4.918804891,117.657122,971.673931,10.1,7815.766182,4498.604,
445,MUS,Mauritius,480.0,2016,75.0114,9.666950539,98.893953,350.470322,5.8,12163.339684,1293.911,3028.238515
446,MUS,Mauritius,480.0,2017,74.8812,9.914224809,104.273497,390.766853,6.0,13406.064959,1294.741,3579.337561
447,MUS,Mauritius,480.0,2018,74.9194,10.16782419,103.209065,362.098104,6.0,14384.006644,1295.381,3561.66521
448,MUS,Mauritius,480.0,2019,75.1179,10.42791048,106.459744,414.139934,7.2,14381.828811,1296.279,3622.113094
449,MUS,Mauritius,480.0,2020,74.3306,10.42791048,112.046849,219.870295,7.8,11088.439246,1297.828,3822.117438
450,MEX,Mexico,484.0,2016,74.4122,8.599900246,106.7546,30875.28,5.8,1049585.500117,121519.221,251352.7381
451,MEX,Mexico,484.0,2017,74.1378,8.742489815,115.6086,30212.541,6.1,1128822.084712,122839.258,263712.3484
452,MEX,Mexico,484.0,2018,74.0146,8.933190346,121.93,25365.0234,6.0,1189365.636323,124013.861,279952.0128
453,MEX,Mexico,484.0,2019,74.2021,9.077120304,125.0005,23111.5909,6.0,1232368.361576,125085.311,263250.1732
454,MEX,Mexico,484.0,2020,70.1328,9.221050262,132.2561,22551.308,6.1,1035765.037331,125998.302,243249.0458
455,MNG,Mongolia,496.0,2016,69.8647,9.670928192,94.891692,-4170.877,7.4,10265.490215,3029.555,4436.468033
456,MNG,Mongolia,496.0,2017,70.2375,9.609121227,101.814455,1445.736,6.3,9817.043801,3096.03,3657.683468
457,MNG,Mongolia,496.0,2018,71.1992,9.547314262,111.113693,2136.695,5.5,11765.212393,3163.991,3911.844957
458,MNG,Mongolia,496.0,2019,71.8221,9.485507298,120.358801,2316.369,4.0,12424.72089,3232.43,5168.282727
459,MNG,Mongolia,496.0,2020,72.141,9.423700333,130.631118,1693.148726,3.6,11870.688911,3294.335,6077.392307
460,MNE,Montenegro,499.0,2016,76.7462,11.83377704,100.176025,411.289322,1.5,4412.1947,633.264,
461,MNE,Montenegro,499.0,2017,76.9388,11.94692704,100.118402,547.139097,1.5,4956.348508,632.438,
462,MNE,Montenegro,499.0,2018,77.1595,12.06115893,101.629954,380.84072,1.5,5571.828406,631.455,
463,MNE,Montenegro,499.0,2019,77.0396,12.17648306,104.888964,341.589923,1.5,5561.04896,630.396,
464,MNE,Montenegro,499.0,2020,76.2575,12.17648306,105.893417,534.032106,1.5,4805.760825,629.048,
465,MAR,Morocco,504.0,2016,73.284,5.514,102.915825,1577.489834,3.8,101325.763816,35107.264,
466,MAR,Morocco,504.0,2017,73.6603,5.648,105.673223,1665.084606,3.7,107532.730811,35528.115,
467,MAR,Morocco,504.0,2018,73.9863,5.782,102.672525,2776.797014,3.8,115794.602622,35927.511,
468,MAR,Morocco,504.0,2019,74.2705,5.916,103.321325,826.966533,4.4,117528.029133,36304.408,
469,MAR,Morocco,504.0,2020,73.9199,5.916,101.545796,1271.369329,5.6,113026.667017,36688.772,
470,MOZ,Mozambique,508.0,2016,59.038,3.126510024,145.898725,3058.7,31.5,11742.156396,27696.493,
471,MOZ,Mozambique,508.0,2017,59.7709,3.064209938,148.522253,2267.1,31.4,12896.849068,28569.441,
472,MOZ,Mozambique,508.0,2018,60.5261,3.130214992,148.776964,2728.336174,31.0,14503.784601,29423.878,
473,MOZ,Mozambique,508.0,2019,61.1662,3.197641838,160.659254,2242.540616,31.8,15092.157038,30285.595,
474,MOZ,Mozambique,508.0,2020,61.1722,3.197641838,173.56039,2183.916966,32.7,13754.882183,31178.239,
475,MMR,Myanmar,104.0,2016,65.685,5.95272715,109.333835,3457.305457080882,3.5,66579.677116,51892.349,9567.353505
476,MMR,Myanmar,104.0,2017,65.843,6.094084787,113.696621,204.8675045481483,3.0,67862.828769,52288.341,8615.450231
477,MMR,Myanmar,104.0,2018,66.4646,6.235442423,121.901377,3746.793297962964,2.6,73284.746566,52666.014,8962.561559
478,MMR,Myanmar,104.0,2019,66.6104,6.37680006,131.434593,1648.6662224962963,1.5,73861.202751,53040.212,10106.88456
479,MMR,Myanmar,104.0,2020,66.797,6.37680006,132.476227,1284.4077504545455,3.1,68195.675513,53423.198,
480,NAM,Namibia,516.0,2016,61.6825,7.037678228,114.988466,360.349206,20.2,10511.261836,2323.352,4578.446413
481,NAM,Namibia,516.0,2017,62.2931,7.089123245,117.774322,345.584586,19.9,12653.982428,2364.534,5452.230543
482,NAM,Namibia,516.0,2018,62.5859,7.140568261,123.856492,110.072432,20.0,13267.189278,2405.68,6244.073161
483,NAM,Namibia,516.0,2019,63.075,7.192013277,126.020767,-188.066954,18.9,12257.770643,2446.644,
484,NAM,Namibia,516.0,2020,62.829,7.192013277,135.637466,-124.756084,18.0,10529.090643,2489.098,
485,NPL,Nepal,524.0,2016,68.7758,4.652394104,109.808865,3457.305457080882,4.5,24605.093006,27861.186,
486,NPL,Nepal,524.0,2017,68.9099,4.808860316,112.880441,204.8675045481483,4.2,29739.584014,28183.426,
487,NPL,Nepal,524.0,2018,68.9786,4.965326529,113.360375,3746.793297962964,4.3,31939.534767,28506.712,
488,NPL,Nepal,524.0,2019,69.5576,5.121792742,124.398854,1648.6662224962963,4.8,34622.714266,28832.496,
489,NPL,Nepal,524.0,2020,69.2456,5.121792742,130.925954,1284.4077504545455,5.5,33468.216545,29348.627,
490,NLD,Netherlands,528.0,2016,81.547,12.18412018,101.67,-125430.0325,1.5,771984.38249,17124.505,341519.9149
491,NLD,Netherlands,528.0,2017,81.7291,12.25356531,104.21,-2533.862022,1.5,840203.764044,17207.198,354012.7091
492,NLD,Netherlands,528.0,2018,81.7741,12.32301044,105.28,133049.9828,1.5,924512.599909,17286.042,386622.0684
493,NLD,Netherlands,528.0,2019,82.0455,12.4523201,109.19,-35903.79681,1.5,913991.605106,17363.262,381149.7253
494,NLD,Netherlands,528.0,2020,81.6381,12.58162975,109.84,45750.68589,1.5,897972.87913,17434.557,438211.8115
495,NZL,New Zealand,554.0,2016,82.07,13.33483982,97.491056,2648.743848,1.5,182860.860758,4668.081,66232.05305
496,NZL,New Zealand,554.0,2017,82.2189,13.2373023,99.661719,2201.206472,1.5,199194.086293,4746.252,70531.7694
497,NZL,New Zealand,554.0,2018,82.3803,13.13976479,99.944849,1971.274333,1.5,204641.221004,4838.526,72470.7809
498,NZL,New Zealand,554.0,2019,82.5665,13.04222727,102.021134,4450.300584,1.5,207570.382937,4959.034,73803.8376
499,NZL,New Zealand,554.0,2020,82.7419,12.94468975,104.569303,3336.45038,1.5,206217.881004,5061.133,86446.50928
500,NIC,Nicaragua,558.0,2016,73.2562,6.796,100.484804,923.8,18.0,12640.244064,6389.235,
501,NIC,Nicaragua,558.0,2017,73.5536,6.912,106.18326,970.9,17.2,13070.984566,6480.532,
502,NIC,Nicaragua,558.0,2018,73.8497,7.028,108.715382,762.5,17.4,12376.100329,6572.233,
503,NIC,Nicaragua,558.0,2019,74.0543,7.144,114.51457,443.9,17.5,11998.351346,6663.924,
504,NIC,Nicaragua,558.0,2020,71.7954,7.144,119.270553,142.8,18.6,12178.311697,6755.895,
505,NGA,Nigeria,566.0,2016,52.0427,6.436573823,122.586982,3117.793414,9.4,374341.12649,188666.931,38160.53519
506,NGA,Nigeria,566.0,2017,52.3052,6.697552363,146.32575,2102.144197,10.0,344771.129603,193495.907,39039.85002
507,NGA,Nigeria,566.0,2018,52.5536,6.958530903,166.099407,209.678288,10.4,384818.623023,198387.623,45631.31109
508,NGA,Nigeria,566.0,2019,52.9104,7.181074153,190.323452,2019.780966,12.0,436671.521794,203304.492,
509,NGA,Nigeria,566.0,2020,52.887,7.181074153,227.344998,2723.146964,12.7,401227.833166,208327.405,
510,MKD,North Macedonia,807.0,2016,76.0296,9.538281441,97.43726,350.749375,3.0,10247.964267,2110.196,3546.570647
511,MKD,North Macedonia,807.0,2017,76.4766,9.710748672,99.431827,203.281707,2.8,10859.241079,2111.979,3819.925898
512,MKD,North Macedonia,807.0,2018,77.3142,9.883215904,100.03379,712.953931,2.5,12151.378278,2113.491,3991.747128
513,MKD,North Macedonia,807.0,2019,77.2928,10.05568314,100.959197,406.681819,3.1,11965.414947,2114.176,4224.855862
514,MKD,North Macedonia,807.0,2020,75.1677,10.22815037,104.130737,234.902963,3.3,11695.204401,2111.072,4708.083442
515,NOR,Norway,578.0,2016,82.4147,12.81906033,100.3,-6991.785714,1.5,384956.042526,5236.59,185428.7544
516,NOR,Norway,578.0,2017,82.624,12.94715977,100.9,-3628.529668,1.5,413028.249043,5277.392,196257.0623
517,NOR,Norway,578.0,2018,82.7605,12.97539473,104.3,-11182.41623,1.5,453416.661543,5312.32,208431.6016
518,NOR,Norway,578.0,2019,82.9552,13.00362968,103.9,10727.04546,1.5,417278.863636,5348.279,205371.3636
519,NOR,Norway,578.0,2020,83.1951,13.00362968,106.8,-1331.055893,1.5,378698.291884,5379.839,207220.8514
520,OMN,Oman,512.0,2016,77.9158,9.968448448,98.182259,1908.972692,8.4,63309.658257,4398.07,33571.13134
521,OMN,Oman,512.0,2017,77.9243,10.38984642,99.918291,494.148245,8.4,67824.431079,4541.854,31921.19636
522,OMN,Oman,512.0,2018,77.9659,10.81124439,99.43606,5224.967491,7.9,74511.785875,4601.157,35368.53056
523,OMN,Oman,512.0,2019,78.0022,11.23264236,100.593415,2793.237972,8.8,70188.475756,4602.768,34362.02861
524,OMN,Oman,512.0,2020,74.7571,11.65404034,100.496969,2837.451236,9.8,60176.286523,4543.399,33029.90897
525,PAK,Pakistan,586.0,2016,65.8797,5.162640095,102.867819,2524.0,12.4,294538.064974,213524.84,231831.9147
526,PAK,Pakistan,586.0,2017,66.2972,5.115049839,108.177304,2444.0,12.1,319244.162902,216379.655,88198.84977
527,PAK,Pakistan,586.0,2018,66.482,4.825690031,108.227914,1758.0,12.3,299304.179679,219731.479,85354.88631
528,PAK,Pakistan,586.0,2019,66.7558,4.536330223,129.513161,2319.0,14.1,270110.329756,223293.28,82333.89369
529,PAK,Pakistan,586.0,2020,66.2695,4.536330223,146.738071,2071.0,16.9,276143.424525,227196.741,83755.90819
530,PAN,Panama,591.0,2016,77.6529,10.11919022,101.534658,4933.595315,7.8,53020.660609,4026.336,
531,PAN,Panama,591.0,2017,77.7954,10.25965691,100.249409,4038.804,6.7,57649.315504,4096.063,
532,PAN,Panama,591.0,2018,77.8629,10.4001236,100.986153,5243.481978,6.0,59269.080458,4165.255,
533,PAN,Panama,591.0,2019,77.8103,10.54059029,100.580114,4954.730423,5.4,61682.247466,4232.532,
534,PAN,Panama,591.0,2020,76.657,10.54059029,100.804439,550.044099,5.8,48891.206617,4294.396,
535,PNG,Papua New Guinea,598.0,2016,64.8399,4.62,106.739014,-39.733003,23.2,20529.009246,8899.169,
536,PNG,Papua New Guinea,598.0,2017,65.1028,4.66,108.130052,-180.14535,23.1,22294.311992,9114.796,
537,PNG,Papua New Guinea,598.0,2018,65.1822,4.7,111.078005,-646.863896,22.6,23595.94684,9329.227,
538,PNG,Papua New Guinea,598.0,2019,65.4738,4.74,113.668646,-1235.832336,21.9,23780.009781,9542.486,
539,PNG,Papua New Guinea,598.0,2020,65.7868,4.74,115.495266,-1049.651104,21.6,23169.490486,9749.64,
540,PRY,Paraguay,600.0,2016,73.5336,8.351449966,107.890026,3457.305457080882,7.7,34609.201461,6266.615,6511.506893
541,PRY,Paraguay,600.0,2017,73.6436,8.468514919,116.93755,204.8675045481483,7.8,37666.710783,6355.404,7159.099664
542,PRY,Paraguay,600.0,2018,73.5676,8.585579872,116.235925,3746.793297962964,7.8,38825.168463,6443.328,7448.402035
543,PRY,Paraguay,600.0,2019,73.6207,8.810709953,120.445677,1648.6662224962963,8.2,36855.431873,6530.026,8075.791461
544,PRY,Paraguay,600.0,2020,73.1816,8.861840248,124.421554,1284.4077504545455,8.7,34324.923028,6618.695,8466.603787
545,PER,Peru,604.0,2016,75.789,9.314760208,105.528925,5583.08986,6.9,183940.64344,31132.779,41331.85022
546,PER,Peru,604.0,2017,75.879,9.535280228,103.763002,6360.423388,7.6,201299.897805,31605.486,45843.71342
547,PER,Peru,604.0,2018,76.0089,9.755800247,106.220434,6831.285592,7.6,211454.8255,32203.944,48868.77264
548,PER,Peru,604.0,2019,76.1559,9.885518863,106.490989,7114.750971,8.1,218652.363687,32824.861,50206.46994
549,PER,Peru,604.0,2020,73.6655,9.885518863,108.996572,478.272377,8.3,194461.232936,33304.756,51798.66032
550,PHL,Philippines,608.0,2016,71.3871,8.621369839,103.251289,5882.815,8.8,354012.678037,104875.266,
551,PHL,Philippines,608.0,2017,71.5156,8.446499825,106.870966,6951.710899,7.5,364718.699004,106738.501,
552,PHL,Philippines,608.0,2018,71.689,8.707799911,114.019828,5832.900584,6.2,383816.940289,108568.836,
553,PHL,Philippines,608.0,2019,71.8649,8.969099998,116.01065,5320.429169,5.5,414552.290814,110380.804,
554,PHL,Philippines,608.0,2020,72.1191,8.969099998,121.530658,3017.073229,5.2,389323.919372,112190.977,
555,POL,Poland,616.0,2016,77.8025,13.00481987,101.9992,4090.159735,1.5,454021.144116,38532.113,194284.579
556,POL,Poland,616.0,2017,77.7205,13.04480243,107.4939,7002.855004,1.5,504659.110954,38532.812,217297.848
557,POL,Poland,616.0,2018,77.6282,13.08478498,108.4999,15105.22558,1.5,563131.65946,38521.457,243983.4243
558,POL,Poland,616.0,2019,77.9272,13.12476754,115.8519,9562.311574,1.5,572794.009442,38493.601,249237.1805
559,POL,Poland,616.0,2020,76.9424,13.1647501,116.5484,8258.648906,1.5,574983.471127,38428.366,
560,PRT,Portugal,620.0,2016,81.2324,9.112580299,100.2146,4193.902576,1.5,201274.909983,10332.753,92491.86609
561,PRT,Portugal,620.0,2017,81.498,9.218230247,102.5012,8501.561794,1.5,216161.830459,10307.53,100425.6833
562,PRT,Portugal,620.0,2018,81.3947,9.144709587,102.8113,6315.900834,1.5,236395.409034,10289.835,104777.1999
563,PRT,Portugal,620.0,2019,81.7007,9.327420235,102.9757,8739.916513,1.5,233752.871352,10289.923,101854.7099
564,PRT,Portugal,620.0,2020,81.0545,9.575940132,104.5408,4036.008976,1.5,224930.527838,10298.192,
565,KOR,Republic of Korea,410.0,2016,82.9259,12.21428586,104.0209,-17785.2,1.5,1505595.622543,51309.984,
566,KOR,Republic of Korea,410.0,2017,83.2855,12.31303351,104.4411,-16156.5,1.5,1630520.837349,51511.639,
567,KOR,Republic of Korea,410.0,2018,83.3427,12.41257949,108.8606,-26037.8,1.5,1731701.887452,51676.9,
568,KOR,Republic of Korea,410.0,2019,83.6557,12.51293027,109.0106,-25604.7,1.5,1665473.810534,51803.829,
569,KOR,Republic of Korea,410.0,2020,83.6089,12.51293027,115.2986,-23256.1,1.5,1650493.172795,51844.69,
570,ROU,Romania,642.0,2016,75.2458,11.08049011,97.743456,4995.771624,1.5,184032.830906,19797.82,65062.52079
571,ROU,Romania,642.0,2017,75.9519,11.14865017,101.721614,5516.069633,1.5,207370.19817,19698.853,70819.17092
572,ROU,Romania,642.0,2018,76.1546,11.21188498,104.874985,5839.824652,1.5,236050.858996,19606.783,84165.84603
573,ROU,Romania,642.0,2019,76.5079,11.27511978,110.202634,5428.33346,1.5,246562.881599,19524.211,90396.5738
574,ROU,Romania,642.0,2020,75.3456,11.27511978,113.773199,2119.97405,1.5,245414.256621,19442.038,
575,RUS,Russian Federation,643.0,2016,72.6609,12.56402159,107.369,10224.57976,1.5,1241289.781351,145109.157,483165.9651
576,RUS,Russian Federation,643.0,2017,73.3743,12.72337438,108.1254,-8199.560283,1.5,1532146.07961,145452.536,576744.8466
577,RUS,Russian Federation,643.0,2018,73.5306,12.72389289,113.8306,-22592.02925,1.5,1616936.123673,145652.293,568793.3939
578,RUS,Russian Federation,643.0,2019,73.9332,12.77428805,116.9295,10051.6397,1.5,1633929.106073,145742.286,639875.6932
579,RUS,Russian Federation,643.0,2020,71.3423,12.77428805,125.9086,3364.700894,1.5,1448704.480036,145617.329,616988.8574
580,RWA,Rwanda,646.0,2016,65.7373,4.195574999,125.948148,294.543436,34.9,8452.190712,11930.899,1976.880665
581,RWA,Rwanda,646.0,2017,65.9409,4.265272498,118.192012,340.74993,34.7,8961.78484,12230.339,2111.752606
582,RWA,Rwanda,646.0,2018,66.2505,4.334969997,110.014264,363.947452,34.7,9293.997477,12531.808,2305.792616
583,RWA,Rwanda,646.0,2019,66.437,4.425292358,136.213369,348.412177,35.2,10009.445605,12835.028,1947.394917
584,RWA,Rwanda,646.0,2020,66.7741,4.425292358,141.708021,1284.4077504545455,35.8,10095.644671,13146.362,2804.107938
585,VCT,Saint Vincent and the Grenadines,670.0,2016,74.2799,10.34760787,100.573933,162.424815,5.8,756.211111,105.963,
586,VCT,Saint Vincent and the Grenadines,670.0,2017,74.3052,10.83343029,104.521528,102.785926,5.7,795.791569,105.549,
587,VCT,Saint Vincent and the Grenadines,670.0,2018,74.1279,10.83343029,104.252374,105.226297,5.5,828.765841,105.281,
588,VCT,Saint Vincent and the Grenadines,670.0,2019,72.8347,10.83343029,105.149554,119.316914,6.6,817.902037,104.924,
589,VCT,Saint Vincent and the Grenadines,670.0,2020,72.1256,10.83343029,107.930814,76.121871,7.6,812.040778,104.632,
590,WSM,Samoa,882.0,2016,72.5397,11.52649762,105.513761,-12.739082,4.7,802.435734,205.544,
591,WSM,Samoa,882.0,2017,72.59,11.49582322,110.697788,8.979044,4.6,799.37495,207.63,
592,WSM,Samoa,882.0,2018,72.6358,11.46514881,109.340413,16.684417,4.5,805.171363,209.701,
593,WSM,Samoa,882.0,2019,72.1572,11.43447441,114.669831,-6.466036,4.4,811.632696,211.905,
594,WSM,Samoa,882.0,2020,72.7677,11.4038,105.476923,-5.695233,4.4,749.387398,214.929,
595,STP,Sao Tome and Principe,678.0,2016,67.4917,5.77061182,103.033646,29.60167,12.9,348.506479,204.632,
596,STP,Sao Tome and Principe,678.0,2017,68.2666,5.918941025,111.819651,28.862385,12.5,377.482067,208.036,
597,STP,Sao Tome and Principe,678.0,2018,68.3549,6.06727023,122.654136,20.809647,12.8,415.421062,211.344,
598,STP,Sao Tome and Principe,678.0,2019,68.5231,6.215599435,134.360492,23.252893,13.0,429.121878,214.599,
599,STP,Sao Tome and Principe,678.0,2020,67.7848,6.215599435,150.118993,46.258738,13.5,475.051663,218.641,
600,SAU,Saudi Arabia,682.0,2016,77.0643,10.08080983,97.33588,-1483.622,3.7,660662.318665,33416.27,
601,SAU,Saudi Arabia,682.0,2017,77.1605,10.22029972,97.83605,-5860.755581,3.7,699284.129095,34193.122,
602,SAU,Saudi Arabia,682.0,2018,77.2115,10.58370972,104.6926,-15005.20938,3.8,793854.75772,35018.133,
603,SAU,Saudi Arabia,682.0,2019,77.3036,10.94711971,107.777,-8984.491912,3.9,800685.858777,35827.362,
604,SAU,Saudi Arabia,682.0,2020,76.2392,11.31052971,121.5005,631.886966,3.7,706933.11957,35997.107,
605,SEN,Senegal,686.0,2016,67.4969,2.818639934,110.203468,248.547255,9.5,18496.999221,14751.356,
606,SEN,Senegal,686.0,2017,67.7503,2.830689907,106.38809,505.877698,8.5,20340.564384,15157.793,
607,SEN,Senegal,686.0,2018,68.0966,2.883815558,108.246612,795.033245,7.8,22567.876544,15574.909,
608,SEN,Senegal,686.0,2019,68.5258,2.937938258,108.512115,994.398786,7.4,22563.842634,16000.781,
609,SEN,Senegal,686.0,2020,68.0064,2.937938258,112.592996,1309.038421,7.5,23729.180064,16436.12,
610,SRB,Serbia,688.0,2016,76.2609,11.13010025,98.211741,2102.20639,4.2,38447.58593,7493.288,17044.35609
611,SRB,Serbia,688.0,2017,76.213,11.16240025,102.262252,2731.690344,4.0,41321.133253,7464.88,17827.77099
612,SRB,Serbia,688.0,2018,76.5115,11.26613522,104.997662,3727.714827,3.8,48057.223815,7433.818,20694.18765
613,SRB,Serbia,688.0,2019,76.704,11.36987019,107.101824,3975.3558,3.7,48730.503778,7401.056,21754.69367
614,SRB,Serbia,688.0,2020,75.4057,11.36987019,109.100777,3314.962017,3.3,51695.831083,7358.005,26150.2377
615,SLE,Sierra Leone,694.0,2016,58.4045,4.21481171,123.603262,3457.305457080882,25.9,3831.793415,7493.913,
616,SLE,Sierra Leone,694.0,2017,58.6517,4.335234901,145.767098,204.8675045481483,27.2,3680.274147,7677.565,
617,SLE,Sierra Leone,694.0,2018,59.7959,4.455658093,164.383768,3746.793297962964,27.7,4048.948944,7861.281,
618,SLE,Sierra Leone,694.0,2019,60.2549,4.576081285,173.23978,1648.6662224962963,27.9,4070.333726,8046.828,
619,SLE,Sierra Leone,694.0,2020,59.7632,4.576081285,199.379299,1284.4077504545455,27.4,3708.58114,8233.97,
620,SVK,Slovakia,703.0,2016,77.2146,12.71166039,97.04114,710.349986,5.6,87230.288472,5431.203,38245.19527
621,SVK,Slovakia,703.0,2017,77.219,12.76618004,103.3361,2691.386169,4.4,93663.916713,5439.417,39511.72884
622,SVK,Slovakia,703.0,2018,77.264,12.86622047,104.1848,1353.39027,3.9,104169.264581,5446.745,44100.38427
623,SVK,Slovakia,703.0,2019,77.6851,12.91141987,109.631,2295.455821,3.7,103454.568807,5453.924,44914.43681
624,SVK,Slovakia,703.0,2020,77.0054,12.91141987,110.2676,-2163.181055,3.8,103993.121368,5456.681,
625,SVN,Slovenia,705.0,2016,81.1577,12.66755009,101.11,956.08355,1.5,43602.431788,2090.02,20651.49855
626,SVN,Slovenia,705.0,2017,81.0714,12.70028973,104.07,559.41528,1.5,47713.349731,2098.392,21414.22099
627,SVN,Slovenia,705.0,2018,81.3581,12.75198507,104.65,1103.309189,1.5,53357.839424,2105.924,23575.42248
628,SVN,Slovenia,705.0,2019,81.6042,12.80368042,108.06,837.138362,1.5,53358.66662,2112.901,23456.04849
629,SVN,Slovenia,705.0,2020,80.4409,12.80368042,109.15,-25.955903,1.5,53183.791872,2117.641,
630,SLB,Solomon Islands,90.0,2016,69.8007,5.44073206,97.272382,37.262357,18.1,1336.988946,628.102,
631,SLB,Solomon Islands,90.0,2017,69.9882,5.54073206,97.543941,35.774318,17.7,1454.102569,643.634,
632,SLB,Solomon Islands,90.0,2018,70.1733,5.54073206,100.423406,15.84092,17.6,1554.150538,659.249,
633,SLB,Solomon Islands,90.0,2019,70.3821,5.711848,102.225621,28.782783,17.8,1553.825478,674.993,
634,SLB,Solomon Islands,90.0,2020,70.1987,5.711848,97.820207,5.717906,18.1,1582.199001,691.191,
635,SOM,Somalia,706.0,2016,55.0444,8.821266942410597,103.039205,3457.305457080882,59.7,1497.645041,14292.847,
636,SOM,Somalia,706.0,2017,55.6536,8.912001003556291,109.730318,204.8675045481483,58.9,1608.400573,14864.221,0.014563
637,SOM,Somalia,706.0,2018,56.3754,9.005791167476822,116.2677,3746.793297962964,56.6,1659.970075,15411.094,0.014946
638,SOM,Somalia,706.0,2019,57.0776,9.114034893980133,120.683446,1648.6662224962963,54.8,1818.388958,15981.3,
639,SOM,Somalia,706.0,2020,55.9666,9.145987422086092,122.178646,1284.4077504545455,53.1,1859.63001,16537.016,
640,ZAF,South Africa,710.0,2016,64.7469,10.18788004,115.8968,-2239.488334,5.4,288151.062118,56422.274,102874.4412
641,ZAF,South Africa,710.0,2017,65.402,10.14218044,120.7918,-5362.809409,5.5,338539.746832,56641.209,118821.2815
642,ZAF,South Africa,710.0,2018,65.6743,10.7576704,124.1032,1373.439645,5.7,356459.91077,57339.635,129162.6372
643,ZAF,South Africa,710.0,2019,66.175,11.37316036,128.9982,1978.346847,6.3,341522.435714,58087.055,124212.2753
644,ZAF,South Africa,710.0,2020,65.2522,11.37316036,136.6287,5079.741577,6.9,296478.811228,58801.927,
645,ESP,Spain,724.0,2016,83.0411,10.01107979,101.6783,-12376.14288,1.5,1235120.146859,46473.315,514877.1166
646,ESP,Spain,724.0,2017,83.0295,10.07671499,103.4037,-14079.14506,1.5,1313028.431412,46584.17,532361.1249
647,ESP,Spain,724.0,2018,83.1436,10.1423502,104.7927,15761.0313,1.5,1424746.03499,46792.043,583246.2705
648,ESP,Spain,724.0,2019,83.5321,10.37387514,106.5367,-11156.68617,1.5,1395571.627631,47131.372,576845.0644
649,ESP,Spain,724.0,2020,82.2892,10.60540009,107.7488,-12493.66075,1.5,1289015.13899,47363.807,658823.1729
650,LKA,Sri Lanka,144.0,2016,75.3314,10.50934029,107.738321,660.241,4.7,80205.366521,21425.494,
651,LKA,Sri Lanka,144.0,2017,75.4035,10.57874966,121.476764,1300.932,4.3,85113.4944,21506.813,
652,LKA,Sri Lanka,144.0,2018,75.748,10.64155006,116.053694,1546.187,4.1,85565.002229,21580.71,
653,LKA,Sri Lanka,144.0,2019,76.0084,10.63134003,126.086374,680.824,3.7,81572.682392,21649.664,
654,LKA,Sri Lanka,144.0,2020,76.3929,10.82730007,135.486361,419.326632,3.4,78493.503052,21715.079,
655,SDN,Sudan,729.0,2016,64.7801,3.67,131.420713,3457.305457080882,11.8,83996.228634,39377.169,
656,SDN,Sudan,729.0,2017,65.4447,3.72,173.096308,204.8675045481483,11.8,111094.599179,40679.828,
657,SDN,Sudan,729.0,2018,65.681,3.77,324.047105,3746.793297962964,11.8,50188.979809,41999.059,
658,SDN,Sudan,729.0,2019,65.8755,3.82,529.102963,1648.6662224962963,11.7,36395.179555,43232.093,
659,SDN,Sudan,729.0,2020,65.6136,3.82,1621.521215,1284.4077504545455,12.8,58029.864992,44440.486,
660,SUR,Suriname,740.0,2016,71.5924,9.472836021,185.49768,3457.305457080882,8.3,3148.313373,581.453,
661,SUR,Suriname,740.0,2017,72.417,9.573077564,208.451762,204.8675045481483,8.3,3194.399106,587.559,
662,SUR,Suriname,740.0,2018,72.5532,9.673319107,220.933045,3746.793297962964,8.0,3605.453886,593.715,
663,SUR,Suriname,740.0,2019,72.2423,9.77680063,231.836234,1648.6662224962963,8.0,3805.883079,600.301,
664,SUR,Suriname,740.0,2020,72.5615,9.77680063,386.776291,1284.4077504545455,8.2,3649.954465,607.065,
665,SWE,Sweden,752.0,2016,82.3391,12.41359997,101.6478,14441.38571,1.5,518630.030591,9953.317,256293.6388
666,SWE,Sweden,752.0,2017,82.4382,12.48604965,104.5453,-11461.41123,1.5,550406.901192,10058.19,266315.4828
667,SWE,Sweden,752.0,2018,82.5326,12.54788494,106.5675,-13613.08657,1.5,565955.895789,10162.298,276841.7515
668,SWE,Sweden,752.0,2019,83.0524,12.60972023,109.2784,-5436.889673,1.5,549425.899639,10267.922,262059.7904
669,SWE,Sweden,752.0,2020,82.4274,12.60972023,110.371,-4905.155733,1.5,557392.372412,10368.969,
670,CHE,Switzerland,756.0,2016,83.4452,13.66668034,99.67825,-16384.94123,1.5,692675.086421,8372.898,223084.1924
671,CHE,Switzerland,756.0,2017,83.4125,13.73318529,100.3039,91200.63675,1.5,694938.811022,8451.687,225605.8674
672,CHE,Switzerland,756.0,2018,83.5615,13.79969025,101.7886,-111804.8905,1.5,706130.299737,8514.434,230385.1825
673,CHE,Switzerland,756.0,2019,83.7802,13.85966015,101.0811,-35354.63697,1.5,705415.139369,8575.588,230641.5768
674,CHE,Switzerland,756.0,2020,83.067,13.85966015,100.6567,-63939.47576,1.5,725285.845807,8638.613,
675,THA,Thailand,764.0,2016,78.0489,8.315620422,101.502986,-9906.454565,7.5,393948.917335,70607.037,86832.76516
676,THA,Thailand,764.0,2017,78.3939,8.343885422,101.702837,-5931.879643,7.7,435913.23992,70898.202,96675.37324
677,THA,Thailand,764.0,2018,78.6622,8.372150421,102.622863,-4181.659339,7.8,482064.319941,71127.802,106872.7582
678,THA,Thailand,764.0,2019,78.9751,8.697119713,104.402913,-5327.519459,8.0,524213.49701,71307.763,111395.5148
679,THA,Thailand,764.0,2020,79.2739,8.697119713,105.842953,-22815.32081,8.8,487772.205457,71475.664,
680,TLS,Timor-Leste,626.0,2016,67.4461,5.43679,98.815696,-7.188,24.2,2230.611665,1224.562,1810.834033
681,TLS,Timor-Leste,626.0,2017,67.7454,5.43679,99.617446,204.8675045481483,24.6,2288.375328,1243.235,1179.568186
682,TLS,Timor-Leste,626.0,2018,68.0167,5.43679,101.120727,3746.793297962964,25.1,2263.656284,1261.845,1282.627844
683,TLS,Timor-Leste,626.0,2019,68.2684,5.43679,101.321165,1648.6662224962963,25.0,2730.967258,1280.438,1416.688232
684,TLS,Timor-Leste,626.0,2020,68.4755,5.43679,103.525978,-621.488939,26.2,2382.618783,1299.995,
685,TGO,Togo,768.0,2016,59.5501,4.636985989,100.259319,-303.274984,21.2,6170.189595,7661.354,1505.483248
686,TGO,Togo,768.0,2017,60.1544,4.763593115,99.172933,121.135249,21.0,6431.381367,7852.795,1203.98505
687,TGO,Togo,768.0,2018,60.244,4.890200241,102.054219,-253.593282,20.7,7001.270674,8046.679,1594.309579
688,TGO,Togo,768.0,2019,60.9011,5.016807367,98.785612,302.854813,20.1,6921.77638,8243.094,
689,TGO,Togo,768.0,2020,61.035,5.016807367,106.163595,-291.855977,18.8,7234.211321,8442.58,
690,TTO,Trinidad and Tobago,780.0,2016,74.281,11.23672288,109.562898,1.741017,6.8,22069.963513,1469.33,
691,TTO,Trinidad and Tobago,780.0,2017,74.2301,11.35999926,113.475858,-458.86375,6.9,23356.061974,1478.607,
692,TTO,Trinidad and Tobago,780.0,2018,73.8018,11.48462809,113.573682,-765.227465,7.0,23151.056648,1504.709,
693,TTO,Trinidad and Tobago,780.0,2019,74.2279,11.61062419,112.399794,69.81377,7.3,23715.332443,1519.955,
694,TTO,Trinidad and Tobago,780.0,2020,74.4056,11.61062419,117.486643,-611.113649,7.5,21239.222844,1518.147,
695,TUN,Tunisia,788.0,2016,75.7861,7.196720123,104.667228,643.380214,1.5,40617.014013,11685.667,
696,TUN,Tunisia,788.0,2017,75.8448,7.274176324,112.874418,823.336123,1.5,38572.63606,11811.443,
697,TUN,Tunisia,788.0,2018,75.9501,7.352466164,119.667987,1001.939274,1.5,38407.223635,11933.041,
698,TUN,Tunisia,788.0,2019,75.9933,7.431598614,126.6,822.986928,2.6,37478.411505,12049.314,
699,TUN,Tunisia,788.0,2020,75.2923,7.431598614,132.1,608.741846,3.1,38178.883084,12161.723,
700,TUR,Türkiye,792.0,2016,76.6605,8.099840164,109.0447,10697.0,1.5,854136.061856,81019.394,
701,TUR,Türkiye,792.0,2017,77.1408,8.268190384,124.0791,8339.0,1.5,839920.393873,82089.826,
702,TUR,Türkiye,792.0,2018,77.5631,8.450664997,155.2405,9235.0,1.5,766528.258174,82809.304,
703,TUR,Türkiye,792.0,2019,77.8318,8.63313961,172.1427,6323.0,1.5,748165.982193,83481.684,
704,TUR,Türkiye,792.0,2020,75.85,8.63313961,207.627,4640.0,1.5,711414.845756,84135.428,
705,UKR,Ukraine,804.0,2016,74.3121,11.15577802,112.097771,3793.651871,1.5,94831.447506,44833.569,37715.50227
706,UKR,Ukraine,804.0,2017,74.7181,11.14765882,131.963987,3684.0,1.5,114760.355723,44657.257,46466.7667
707,UKR,Ukraine,804.0,2018,74.4122,11.13953963,142.239616,4459.969953,1.5,134253.121423,44446.954,54554.67431
708,UKR,Ukraine,804.0,2019,74.5364,11.13142043,149.027759,5212.41434,2.6,158581.680887,44211.094,63455.35322
709,UKR,Ukraine,804.0,2020,72.5726,11.13142043,156.376391,-950.0,2.8,160283.933411,43909.666,70508.23263
710,ARE,United Arab Emirates,784.0,2016,79.3347,10.8426199,100.998062,-6106.627,6.3,359141.820416,8994.263,121096.208
711,ARE,United Arab Emirates,784.0,2017,79.5036,12.05539989,104.268174,-3705.723,6.4,388382.906447,9068.296,109984.7105
712,ARE,United Arab Emirates,784.0,2018,79.6274,12.48400021,105.564297,-4694.006,6.2,423639.141611,9140.169,113984.7264
713,ARE,United Arab Emirates,784.0,2019,79.7262,12.69402981,104.435251,-3351.498637,6.0,419277.099455,9211.657,118913.7001
714,ARE,United Arab Emirates,784.0,2020,78.9457,12.69402981,108.084044,947.138965,5.6,357316.688933,9287.289,108793.6439
715,GBR,United Kingdom of Great Britain and Northern Ireland,826.0,2016,81.0747,13.07054679,97.9,296304.4975,1.5,2654615.868381,65655.203,1118572.036
716,GBR,United Kingdom of Great Britain and Northern Ireland,826.0,2017,81.1684,13.16133022,101.9,-46019.20255,1.5,2664014.258149,66064.804,1098503.406
717,GBR,United Kingdom of Great Britain and Northern Ireland,826.0,2018,81.1254,13.24292692,102.6,23874.89794,1.5,2860062.056365,66432.993,1173165.077
718,GBR,United Kingdom of Great Britain and Northern Ireland,826.0,2019,81.725,13.32452361,104.3,51535.20668,1.5,2862006.503514,66778.659,1160887.966
719,GBR,United Kingdom of Great Britain and Northern Ireland,826.0,2020,80.4345,13.4061203,102.9,53133.33333,1.5,2723174.554779,67059.474,
720,TZA,United Republic of Tanzania,834.0,2016,65.3862,5.959358347,110.779204,3457.305457080882,22.7,50056.569434,54401.802,
721,TZA,United Republic of Tanzania,834.0,2017,65.9987,6.094134093,117.639741,204.8675045481483,23.0,53717.076249,56267.032,
722,TZA,United Republic of Tanzania,834.0,2018,66.5346,6.231957903,118.796311,3746.793297962964,23.3,57981.234408,58090.443,
723,TZA,United Republic of Tanzania,834.0,2019,66.9885,6.37289871,126.277242,1648.6662224962963,23.4,61810.671289,59872.579,
724,TZA,United Republic of Tanzania,834.0,2020,66.4077,6.37289871,130.034219,1284.4077504545455,22.6,65585.550171,61704.518,
725,USA,United States of America,840.0,2016,78.8482,13.34290981,97.5866,174950.0,1.5,19020479.0,327210.198,6846000.0
726,USA,United States of America,840.0,2017,78.8213,13.42226505,98.46566,-32485.0,1.5,19893073.0,329791.231,7086300.0
727,USA,United States of America,840.0,2018,78.9896,13.50162029,99.05235,417813.0,1.5,20946778.0,332140.037,7437200.0
728,USA,United States of America,840.0,2019,79.138,13.59252501,99.76737,167860.0,1.5,21708650.0,334319.671,7809000.0
729,USA,United States of America,840.0,2020,77.4144,13.68342972,103.7063,63510.0,1.5,21286637.0,335942.003,9621600.0
730,URY,Uruguay,858.0,2016,77.5707,8.70388031,110.902589,-1827.632035,1.5,54544.470048,3413.766,
731,URY,Uruguay,858.0,2017,77.6247,8.831359863,116.519395,-2078.605372,1.5,60670.395187,3422.2,
732,URY,Uruguay,858.0,2018,77.611,8.906729698,124.416806,-500.171772,1.5,60858.917496,3427.042,
733,URY,Uruguay,858.0,2019,77.5085,8.982549667,142.088241,1246.533976,1.5,58184.16362,3428.409,
734,URY,Uruguay,858.0,2020,78.4298,8.982549667,155.556846,2612.793492,1.5,50878.945978,3429.086,
735,UZB,Uzbekistan,860.0,2016,70.7548,11.67308998,110.907849,1656.769546,1.5,82713.59084,31453.574,19279.64696
736,UZB,Uzbekistan,860.0,2017,71.0095,11.72383976,139.447995,1788.320487,1.5,60376.252933,31945.682,13473.94665
737,UZB,Uzbekistan,860.0,2018,71.1494,11.77458954,160.223543,622.775299,1.5,51899.165405,32449.576,12453.37242
738,UZB,Uzbekistan,860.0,2019,71.3441,11.89558983,190.232668,2313.394057,1.5,58600.164426,32976.948,15846.55766
739,UZB,Uzbekistan,860.0,2020,70.3309,11.89558983,219.29745,1723.945221,1.5,58580.518506,33526.656,
740,VUT,Vanuatu,548.0,2016,69.6496,6.68,104.766185,43.014317,11.2,802.221635,283.218,
741,VUT,Vanuatu,548.0,2017,69.7095,6.76,111.462978,37.182055,12.3,869.109718,290.239,
742,VUT,Vanuatu,548.0,2018,69.7948,6.84,114.94016,36.108564,12.6,922.018242,297.298,
743,VUT,Vanuatu,548.0,2019,69.8769,7.064846,123.246759,34.961323,12.4,943.143474,304.404,
744,VUT,Vanuatu,548.0,2020,70.2995,7.064846,140.246312,27.721732,11.9,855.720798,311.685,
745,VEN,Venezuela (Bolivarian Republic of),862.0,2016,72.0578,10.31229973,953.574367,27.0,16.4,283225.628004,30741.464,
746,VEN,Venezuela (Bolivarian Republic of),862.0,2017,71.943,10.57076027,11086.187138,-2302.0,22.2,235468.204968,30563.433,
747,VEN,Venezuela (Bolivarian Republic of),862.0,2018,71.9788,10.8356987,15946997.067729,225.0,22.7,172676.723438,29825.653,
748,VEN,Venezuela (Bolivarian Republic of),862.0,2019,72.1614,11.10727736,1288889115.455544,-142.0,24.9,115170.925781,28971.683,
749,VEN,Venezuela (Bolivarian Republic of),862.0,2020,71.0949,11.10727736,38753710727.95829,1037.333334,22.9,96114.966658,28490.453,
750,VNM,Viet Nam,704.0,2016,73.9382,8.12267518,103.139639,11600.0,7.8,196686.612085,93126.529,59188.05338
751,VNM,Viet Nam,704.0,2017,73.9632,8.205210209,101.286235,13620.0,7.2,207929.413476,94033.048,60573.48011
752,VNM,Viet Nam,704.0,2018,73.9757,8.287745237,106.442999,14902.0,6.8,230004.22528,94914.33,63509.06223
753,VNM,Viet Nam,704.0,2019,74.0929,8.370280266,116.199618,15655.0,6.2,246721.274433,95776.716,75833.78192
754,VNM,Viet Nam,704.0,2020,75.3779,8.370280266,119.31644,15420.0,5.7,255422.424127,96648.685,77039.02207
755,YEM,Yemen,887.0,2016,66.0641,3.0,121.903092,-561.787,46.1,21946.648232,29274.002,
756,YEM,Yemen,887.0,2017,65.9573,3.0,128.044919,-275.451,46.6,20625.233841,30034.389,
757,YEM,Yemen,887.0,2018,64.5751,3.2,134.901926,-285.704,44.7,22825.850618,30790.513,
758,YEM,Yemen,887.0,2019,65.0917,3.2,143.908187,-374.314,42.8,25232.262794,31546.691,
759,YEM,Yemen,887.0,2020,64.6501,3.2,152.999508,1284.4077504545455,41.4,27805.908326,32284.046,
760,,Andorra,,2016,,,,,,2894.646184,72.54,
761,,Andorra,,2017,,,,,,3000.160225,73.837,
762,,Andorra,,2018,,,,,,3218.419456,75.013,
763,,Andorra,,2019,,,,,,3155.149348,76.343,
764,,Andorra,,2020,,,,,,2864.399402,77.7,
765,,Anguilla,,2016,,,,,,318.836993,14.813,
766,,Anguilla,,2017,,,,,,268.643211,15.015,
767,,Anguilla,,2018,,,,,,315.310827,15.181,
768,,Anguilla,,2019,,,,,,368.212796,15.38,
769,,Anguilla,,2020,,,,,,252.934826,15.585,
770,,Antigua and Barbuda,,2016,,,,,,1400.505137,90.564,540.72864
771,,Antigua and Barbuda,,2017,,,,,,1427.607931,91.119,526.81455
772,,Antigua and Barbuda,,2018,,,,,,1559.263821,91.626,547.753102
773,,Antigua and Barbuda,,2019,,,,,,1635.046014,92.117,496.371151
774,,Antigua and Barbuda,,2020,,,,,,1324.430463,92.664,498.695844
775,,Aruba,,2016,,,,,,2848.441341,104.874,
776,,Aruba,,2017,,,,,,2921.759553,105.439,
777,,Aruba,,2018,,,,,,2991.586002,105.962,
778,,Aruba,,2019,,,,,,3147.854452,106.442,
779,,Aruba,,2020,,,,,,2368.246478,106.585,
780,,Bahamas,,2016,,,,,,11436.584822,395.976,2326.064928
781,,Bahamas,,2017,,,,,,11814.217163,399.02,
782,,Bahamas,,2018,,,,,,12002.741473,401.906,
783,,Bahamas,,2019,,,,,,12542.24504,404.557,
784,,Bahamas,,2020,,,,,,9374.919014,406.471,
785,,Bahrain,,2016,,,,,,30439.62766,1409.661,
786,,Bahrain,,2017,,,,,,33484.042553,1456.834,
787,,Bahrain,,2018,,,,,,35576.329787,1487.34,
788,,Bahrain,,2019,,,,,,36213.079301,1494.188,
789,,Bahrain,,2020,,,,,,31994.203136,1477.469,
790,,Bermuda,,2016,,,,,,6940.476,63.068,
791,,Bermuda,,2017,,,,,,7251.437,63.275,
792,,Bermuda,,2018,,,,,,7263.718,63.571,
793,,Bermuda,,2019,,,,,,7386.901,63.812,
794,,Bermuda,,2020,,,,,,7618.777406,64.031,
795,,Bhutan,,2016,,,,,,1973.490045,749.761,
796,,Bhutan,,2017,,,,,,2237.542914,756.121,
797,,Bhutan,,2018,,,,,,2226.678954,762.096,
798,,Bhutan,,2019,,,,,,2301.010015,767.459,
799,,Bhutan,,2020,,,,,,2272.086456,772.506,
800,,British Virgin Islands,,2016,,,,,,1279.911044,29.739,
801,,British Virgin Islands,,2017,,,,,,1192.274682,30.06,
802,,British Virgin Islands,,2018,,,,,,1261.666904,30.335,
803,,British Virgin Islands,,2019,,,,,,1313.085799,30.61,
804,,British Virgin Islands,,2020,,,,,,1361.635113,30.91,
805,,Burundi,,2016,,,,,,3120.220473,10903.327,
806,,Burundi,,2017,,,,,,3292.836579,11155.593,
807,,Burundi,,2018,,,,,,3323.984359,11493.472,
808,,Burundi,,2019,,,,,,3376.590247,11874.838,
809,,Burundi,,2020,,,,,,3416.685082,12220.227,
810,,Cayman Islands,,2016,,,,,,3153.425206,62.255,
811,,Cayman Islands,,2017,,,,,,3516.712229,63.581,
812,,Cayman Islands,,2018,,,,,,3852.808873,64.884,
813,,Cayman Islands,,2019,,,,,,4493.020087,66.134,
814,,Cayman Islands,,2020,,,,,,4424.522224,67.311,
815,,Central African Republic,,2016,,,,,,1847.782484,4904.177,
816,,Central African Republic,,2017,,,,,,2177.935589,4996.741,
817,,Central African Republic,,2018,,,,,,2386.744837,5094.78,
818,,Central African Republic,,2019,,,,,,2384.828718,5209.324,
819,,Central African Republic,,2020,,,,,,2478.249851,5343.02,
820,,China,,2016,,,,,,11462587.376187,1433546.767,
821,,China,,2017,,,,,,12701786.949343,1442041.109,
822,,China,,2018,,,,,,14247854.056824,1448928.199,
823,,China,,2019,,,,,,14679028.231481,1453801.543,
824,,China,,2020,,,,,,15013870.558788,1456928.486,
825,,"China, Macao SAR",,2016,,,,,,40652.681434,626.688,
826,,"China, Macao SAR",,2017,,,,,,44914.023808,638.609,
827,,"China, Macao SAR",,2018,,,,,,48935.972383,650.991,
828,,"China, Macao SAR",,2019,,,,,,48827.649904,663.653,
829,,"China, Macao SAR",,2020,,,,,,21541.974921,676.283,
830,,"China, mainland",,2016,,,,,,11093031.219601,1401889.681,2825733.11
831,,"China, mainland",,2017,,,,,,12300803.763119,1410275.957,3004776.581
832,,"China, mainland",,2018,,,,,,13820027.480372,1417069.468,3338959.49
833,,"China, mainland",,2019,,,,,,14246151.576461,1421864.031,3457740.408
834,,"China, mainland",,2020,,,,,,14623750.672881,1424929.781,
835,,Comoros,,2016,,,,,,1017.498673,746.232,
836,,Comoros,,2017,,,,,,1083.389341,761.664,
837,,Comoros,,2018,,,,,,1195.6766,776.313,
838,,Comoros,,2019,,,,,,1197.824869,790.986,
839,,Comoros,,2020,,,,,,1243.094732,806.166,
840,,Cook Islands,,2016,,,,,,309.858493,17.546,117.136145
841,,Cook Islands,,2017,,,,,,345.608995,17.395,103.913695
842,,Cook Islands,,2018,,,,,,362.713891,17.253,143.429721
843,,Cook Islands,,2019,,,,,,356.795618,17.11,133.051141
844,,Cook Islands,,2020,,,,,,283.394753,17.029,
845,,Cuba,,2016,,,,,,90086.0,11342.012,
846,,Cuba,,2017,,,,,,95497.0,11336.405,
847,,Cuba,,2018,,,,,,98651.27722,11328.244,
848,,Cuba,,2019,,,,,,101982.051977,11316.697,
849,,Cuba,,2020,,,,,,105851.193524,11300.698,
850,,Curaçao,,2016,,,,,,3101.675978,170.739,
851,,Curaçao,,2017,,,,,,3226.145251,171.524,
852,,Curaçao,,2018,,,,,,3232.793296,184.722,
853,,Curaçao,,2019,,,,,,3232.793296,193.107,
854,,Curaçao,,2020,,,,,,3234.078212,189.288,
855,,Democratic People's Republic of Korea,,2016,,,,,,16834.215372,25389.611,
856,,Democratic People's Republic of Korea,,2017,,,,,,17403.444131,25516.321,
857,,Democratic People's Republic of Korea,,2018,,,,,,17516.72201,25638.149,
858,,Democratic People's Republic of Korea,,2019,,,,,,16480.237377,25755.441,
859,,Democratic People's Republic of Korea,,2020,,,,,,16002.689149,25867.467,
860,,Equatorial Guinea,,2016,,,,,,9844.219919,1398.927,
861,,Equatorial Guinea,,2017,,,,,,10652.403514,1450.694,
862,,Equatorial Guinea,,2018,,,,,,11356.254504,1502.091,
863,,Equatorial Guinea,,2019,,,,,,9831.02864,1553.031,
864,,Equatorial Guinea,,2020,,,,,,8980.309967,1596.049,
865,,Eritrea,,2016,,,,,,2148.926968,3365.287,
866,,Eritrea,,2017,,,,,,1882.256589,3396.933,
867,,Eritrea,,2018,,,,,,1982.788579,3445.374,
868,,Eritrea,,2019,,,,,,1959.25865,3498.818,
869,,Eritrea,,2020,,,,,,2060.165056,3555.868,
870,,French Polynesia,,2016,,,,,,5493.3049,293.541,
871,,French Polynesia,,2017,,,,,,5833.352684,295.45,
872,,French Polynesia,,2018,,,,,,6297.506326,297.606,
873,,French Polynesia,,2019,,,,,,6166.118532,299.717,
874,,French Polynesia,,2020,,,,,,5816.889144,301.92,
875,,Greenland,,2016,,,,,,2633.223828,55.916,
876,,Greenland,,2017,,,,,,2774.7813,55.928,
877,,Greenland,,2018,,,,,,2958.598816,55.931,
878,,Greenland,,2019,,,,,,2901.783196,55.931,
879,,Greenland,,2020,,,,,,3045.640026,56.026,
880,,Grenada,,2016,,,,,,962.451852,119.966,252.703704
881,,Grenada,,2017,,,,,,1021.433333,120.921,262.333333
882,,Grenada,,2018,,,,,,1055.51793,121.838,264.259259
883,,Grenada,,2019,,,,,,1096.619394,122.724,264.888889
884,,Grenada,,2020,,,,,,941.282355,123.663,318.148148
885,,Guinea,,2016,,,,,,7303.551996,11930.985,
886,,Guinea,,2017,,,,,,10274.041351,12240.789,
887,,Guinea,,2018,,,,,,11448.030364,12554.864,
888,,Guinea,,2019,,,,,,12853.809309,12877.539,
889,,Guinea,,2020,,,,,,14165.325158,13205.153,
890,,Guinea-Bissau,,2016,,,,,,1208.74115,1834.552,
891,,Guinea-Bissau,,2017,,,,,,1352.932513,1879.826,
892,,Guinea-Bissau,,2018,,,,,,1335.475305,1924.955,
893,,Guinea-Bissau,,2019,,,,,,1350.173024,1970.457,
894,,Guinea-Bissau,,2020,,,,,,1337.497995,2015.828,
895,,Guyana,,2016,,,,,,4810.455206,759.087,
896,,Guyana,,2017,,,,,,5041.317191,763.252,
897,,Guyana,,2018,,,,,,5135.302897,785.514,
898,,Guyana,,2019,,,,,,5724.503597,798.753,
899,,Guyana,,2020,,,,,,5856.729985,797.202,
900,,Libya,,2016,,,,,,51234.425797,6282.196,
901,,Libya,,2017,,,,,,68359.653392,6378.261,
902,,Libya,,2018,,,,,,77554.360113,6477.793,
903,,Libya,,2019,,,,,,60893.479109,6569.088,
904,,Libya,,2020,,,,,,30225.46441,6653.942,
905,,Liechtenstein,,2016,,,,,,5985.928106,37.609,
906,,Liechtenstein,,2017,,,,,,6748.711526,37.889,
907,,Liechtenstein,,2018,,,,,,7054.624785,38.181,
908,,Liechtenstein,,2019,,,,,,7047.479945,38.482,
909,,Liechtenstein,,2020,,,,,,7245.999082,38.756,
910,,Maldives,,2016,,,,,,4025.496363,454.252,
911,,Maldives,,2017,,,,,,4378.297804,472.442,
912,,Maldives,,2018,,,,,,4808.152393,489.758,
913,,Maldives,,2019,,,,,,5051.011,504.508,
914,,Maldives,,2020,,,,,,3491.177466,514.438,
915,,Marshall Islands,,2016,,,,,,263.526068,48.329,
916,,Marshall Islands,,2017,,,,,,273.93819,47.187,
917,,Marshall Islands,,2018,,,,,,282.534821,45.989,
918,,Marshall Islands,,2019,,,,,,294.981033,44.728,
919,,Marshall Islands,,2020,,,,,,298.19545,43.413,
920,,Micronesia (Federated States of),,2016,,,,,,387.000173,109.925,
921,,Micronesia (Federated States of),,2017,,,,,,416.554705,110.43,
922,,Micronesia (Federated States of),,2018,,,,,,412.197419,110.929,
923,,Micronesia (Federated States of),,2019,,,,,,455.844483,111.379,
924,,Micronesia (Federated States of),,2020,,,,,,452.794766,112.106,
925,,Monaco,,2016,,,,,,6468.453293,37.071,
926,,Monaco,,2017,,,,,,6431.276067,37.044,
927,,Monaco,,2018,,,,,,7194.313464,37.029,
928,,Monaco,,2019,,,,,,7383.941919,37.034,
929,,Monaco,,2020,,,,,,6816.1695,36.922,
930,,Montserrat,,2016,,,,,,63.082505,5.085,
931,,Montserrat,,2017,,,,,,60.473788,4.699,
932,,Montserrat,,2018,,,,,,63.250208,4.359,
933,,Montserrat,,2019,,,,,,65.937187,4.505,
934,,Montserrat,,2020,,,,,,67.927265,4.5,
935,,Nauru,,2016,,,,,,135.952046,11.437,
936,,Nauru,,2017,,,,,,152.460194,11.682,
937,,Nauru,,2018,,,,,,156.810579,11.924,
938,,Nauru,,2019,,,,,,165.547503,12.132,
939,,Nauru,,2020,,,,,,159.377186,12.315,
940,,New Caledonia,,2016,,,,,,8718.646418,283.748,
941,,New Caledonia,,2017,,,,,,9174.048669,284.349,
942,,New Caledonia,,2018,,,,,,9846.920284,284.88,
943,,New Caledonia,,2019,,,,,,9438.127994,285.374,
944,,New Caledonia,,2020,,,,,,9708.737831,286.403,
945,,Niger,,2016,,,,,,10235.697816,20921.743,
946,,Niger,,2017,,,,,,11003.48873,21737.922,
947,,Niger,,2018,,,,,,12659.349778,22577.058,
948,,Niger,,2019,,,,,,12797.069574,23443.393,
949,,Niger,,2020,,,,,,13553.941417,24333.639,
950,,Palau,,2016,,,,,,320.658905,17.816,
951,,Palau,,2017,,,,,,304.4039,17.837,
952,,Palau,,2018,,,,,,301.71463,17.864,
953,,Palau,,2019,,,,,,286.202667,17.916,
954,,Palau,,2020,,,,,,268.999911,17.972,
955,,Palestine,,2016,,,,,,17301.1,4593.848,
956,,Palestine,,2017,,,,,,18257.0,4700.947,
957,,Palestine,,2018,,,,,,19063.9,4805.547,
958,,Palestine,,2019,,,,,,20164.7,4909.775,
959,,Palestine,,2020,,,,,,18107.2,5019.401,
960,,Puerto Rico,,2016,,,,,,69985.2,3432.74,
961,,Puerto Rico,,2017,,,,,,69049.5,3366.408,
962,,Puerto Rico,,2018,,,,,,67739.5,3319.269,
963,,Puerto Rico,,2019,,,,,,70765.0,3292.887,
964,,Puerto Rico,,2020,,,,,,70186.9,3271.564,
965,,Qatar,,2016,,,,,,150622.841198,2595.166,
966,,Qatar,,2017,,,,,,160679.616721,2711.755,
967,,Qatar,,2018,,,,,,179589.624143,2766.732,
968,,Qatar,,2019,,,,,,171427.935612,2807.235,
969,,Qatar,,2020,,,,,,143348.046816,2760.385,
970,,Republic of Moldova,,2016,,,,,,8621.55726,3225.123,2432.39407
971,,Republic of Moldova,,2017,,,,,,10220.953797,3180.506,2947.310512
972,,Republic of Moldova,,2018,,,,,,12007.952278,3141.837,3547.715541
973,,Republic of Moldova,,2019,,,,,,12595.172499,3109.491,3414.886409
974,,Republic of Moldova,,2020,,,,,,12535.211281,3084.847,3521.641862
975,,Saint Kitts and Nevis,,2016,,,,,,938.933593,47.788,
976,,Saint Kitts and Nevis,,2017,,,,,,948.060527,47.785,
977,,Saint Kitts and Nevis,,2018,,,,,,964.171792,47.761,
978,,Saint Kitts and Nevis,,2019,,,,,,996.819219,47.712,
979,,Saint Kitts and Nevis,,2020,,,,,,914.351567,47.642,
980,,Saint Lucia,,2016,,,,,,1751.486966,176.413,
981,,Saint Lucia,,2017,,,,,,1890.122163,177.163,
982,,Saint Lucia,,2018,,,,,,1952.742047,177.888,
983,,Saint Lucia,,2019,,,,,,2004.54056,178.583,
984,,Saint Lucia,,2020,,,,,,1523.493203,179.237,
985,,San Marino,,2016,,,,,,1243.003936,33.834,
986,,San Marino,,2017,,,,,,1421.080887,34.056,
987,,San Marino,,2018,,,,,,1507.457958,34.156,
988,,San Marino,,2019,,,,,,1479.454763,34.178,
989,,San Marino,,2020,,,,,,1384.414393,34.007,
990,,Seychelles,,2016,,,,,,1316.541286,100.508,544.327389
991,,Seychelles,,2017,,,,,,1415.326725,101.811,546.190832
992,,Seychelles,,2018,,,,,,1450.028609,103.101,609.975619
993,,Seychelles,,2019,,,,,,1492.112342,104.373,597.490175
994,,Seychelles,,2020,,,,,,1041.403388,105.53,631.414478
995,,Singapore,,2016,,,,,,298588.169647,5711.933,51899.88687
996,,Singapore,,2017,,,,,,317182.395858,5764.487,54816.59033
997,,Singapore,,2018,,,,,,332409.734278,5814.537,61366.26874
998,,Singapore,,2019,,,,,,329661.512899,5866.405,59423.35765
999,,Singapore,,2020,,,,,,298430.213385,5909.869,95872.20723
1000,,Sint Maarten (Dutch part),,2016,,,,,,1036.174353,41.346,
1001,,Sint Maarten (Dutch part),,2017,,,,,,980.711688,41.883,
1002,,Sint Maarten (Dutch part),,2018,,,,,,947.335924,42.246,
1003,,Sint Maarten (Dutch part),,2019,,,,,,1045.959565,42.98,
1004,,Sint Maarten (Dutch part),,2020,,,,,,828.687131,43.621,
1005,,South Sudan,,2016,,,,,,3058.261918,11066.105,360.995096
1006,,South Sudan,,2017,,,,,,3512.566023,10658.226,293.794408
1007,,South Sudan,,2018,,,,,,7764.280494,10395.329,309.019645
1008,,South Sudan,,2019,,,,,,16117.707251,10447.666,509.18623
1009,,South Sudan,,2020,,,,,,15302.153581,10606.227,1254.646294
1010,,Syrian Arab Republic,,2016,,,,,,15135.476372,18964.252,
1011,,Syrian Arab Republic,,2017,,,,,,19615.648593,18983.373,
1012,,Syrian Arab Republic,,2018,,,,,,25626.064516,19333.463,
1013,,Syrian Arab Republic,,2019,,,,,,28662.517111,20098.251,
1014,,Syrian Arab Republic,,2020,,,,,,16781.877358,20772.595,
1015,,Tajikistan,,2016,,,,,,8081.792571,8725.318,2334.748532
1016,,Tajikistan,,2017,,,,,,8637.19664,8925.525,2595.505322
1017,,Tajikistan,,2018,,,,,,8990.673371,9128.132,2643.080246
1018,,Tajikistan,,2019,,,,,,9631.287359,9337.003,2497.973145
1019,,Tajikistan,,2020,,,,,,9278.60128,9543.207,
1020,,Tonga,,2016,,,,,,423.148795,105.707,
1021,,Tonga,,2017,,,,,,479.819924,105.415,
1022,,Tonga,,2018,,,,,,509.104339,105.15,
1023,,Tonga,,2019,,,,,,549.412241,104.951,
1024,,Tonga,,2020,,,,,,532.587598,105.254,
1025,,Turkmenistan,,2016,,,,,,35225.885714,5868.561,
1026,,Turkmenistan,,2017,,,,,,36352.285714,5968.383,
1027,,Turkmenistan,,2018,,,,,,39044.183543,6065.066,
1028,,Turkmenistan,,2019,,,,,,43575.785421,6158.42,
1029,,Turkmenistan,,2020,,,,,,42958.642895,6250.438,
1030,,Turks and Caicos Islands,,2016,,,,,,1129.708971,38.246,
1031,,Turks and Caicos Islands,,2017,,,,,,1118.671776,39.844,
1032,,Turks and Caicos Islands,,2018,,,,,,1218.03936,41.487,
1033,,Turks and Caicos Islands,,2019,,,,,,1310.211485,43.08,
1034,,Turks and Caicos Islands,,2020,,,,,,1011.678712,44.276,
1035,,Tuvalu,,2016,,,,,,78.871666,10.852,
1036,,Tuvalu,,2017,,,,,,80.682912,10.828,
1037,,Tuvalu,,2018,,,,,,99.053781,10.865,
1038,,Tuvalu,,2019,,,,,,87.337925,10.956,
1039,,Tuvalu,,2020,,,,,,96.745387,11.069,
1040,,Uganda,,2016,,,,,,29979.848152,38748.299,4495.134139
1041,,Uganda,,2017,,,,,,30835.90096,40127.085,
1042,,Uganda,,2018,,,,,,33106.905738,41515.395,
1043,,Uganda,,2019,,,,,,36735.910738,42949.08,5973.48455
1044,,Uganda,,2020,,,,,,38066.056041,44404.611,
1045,,Zambia,,2016,,,,,,20303.007782,16767.761,
1046,,Zambia,,2017,,,,,,25056.039122,17298.054,
1047,,Zambia,,2018,,,,,,25884.551401,17835.893,
1048,,Zambia,,2019,,,,,,22910.117984,18380.477,
1049,,Zambia,,2020,,,,,,17800.163138,18927.715,
1050,,Zimbabwe,,2016,,,,,,18772.952346,14452.704,
1051,,Zimbabwe,,2017,,,,,,20079.596788,14751.101,
1052,,Zimbabwe,,2018,,,,,,22706.648353,15052.184,
1053,,Zimbabwe,,2019,,,,,,21550.107657,15354.608,
1054,,Zimbabwe,,2020,,,,,,21430.886292,15669.666,
1055,,American Samoa,,2016,,,,,,,50.448,
1056,,American Samoa,,2017,,,,,,,49.463,
1057,,American Samoa,,2018,,,,,,,48.424,
1058,,American Samoa,,2019,,,,,,,47.321,
1059,,American Samoa,,2020,,,,,,,46.189,
1060,,"Bonaire, Sint Eustatius and Saba",,2016,,,,,,,23.77,
1061,,"Bonaire, Sint Eustatius and Saba",,2017,,,,,,,24.366,
1062,,"Bonaire, Sint Eustatius and Saba",,2018,,,,,,,24.97,
1063,,"Bonaire, Sint Eustatius and Saba",,2019,,,,,,,25.57,
1064,,"Bonaire, Sint Eustatius and Saba",,2020,,,,,,,26.153,
1065,,"China, Taiwan Province of",,2016,,,,,,,23594.471,
1066,,"China, Taiwan Province of",,2017,,,,,,,23665.024,
1067,,"China, Taiwan Province of",,2018,,,,,,,23726.185,
1068,,"China, Taiwan Province of",,2019,,,,,,,23777.737,
1069,,"China, Taiwan Province of",,2020,,,,,,,23821.464,
1070,,Falkland Islands (Malvinas),,2016,,,,,,,3.508,
1071,,Falkland Islands (Malvinas),,2017,,,,,,,3.598,
1072,,Falkland Islands (Malvinas),,2018,,,,,,,3.656,
1073,,Falkland Islands (Malvinas),,2019,,,,,,,3.71,
1074,,Falkland Islands (Malvinas),,2020,,,,,,,3.747,
1075,,Faroe Islands,,2016,,,,,,,49.5,
1076,,Faroe Islands,,2017,,,,,,,50.23,
1077,,Faroe Islands,,2018,,,,,,,50.955,
1078,,Faroe Islands,,2019,,,,,,,51.681,
1079,,Faroe Islands,,2020,,,,,,,52.415,
1080,,French Guyana,,2016,,,,,,,262.813,
1081,,French Guyana,,2017,,,,,,,269.353,
1082,,French Guyana,,2018,,,,,,,276.647,
1083,,French Guyana,,2019,,,,,,,284.072,
1084,,French Guyana,,2020,,,,,,,290.969,
1085,,Gibraltar,,2016,,,,,,,32.565,
1086,,Gibraltar,,2017,,,,,,,32.602,
1087,,Gibraltar,,2018,,,,,,,32.648,
1088,,Gibraltar,,2019,,,,,,,32.685,
1089,,Gibraltar,,2020,,,,,,,32.709,
1090,,Guadeloupe,,2016,,,,,,,397.854,
1091,,Guadeloupe,,2017,,,,,,,397.022,
1092,,Guadeloupe,,2018,,,,,,,396.262,
1093,,Guadeloupe,,2019,,,,,,,395.485,
1094,,Guadeloupe,,2020,,,,,,,395.642,
1095,,Guam,,2016,,,,,,,168.346,
1096,,Guam,,2017,,,,,,,168.606,
1097,,Guam,,2018,,,,,,,168.678,
1098,,Guam,,2019,,,,,,,168.624,
1099,,Guam,,2020,,,,,,,169.231,
1100,,Holy See,,2016,,,,,,,0.556,
1101,,Holy See,,2017,,,,,,,0.547,
1102,,Holy See,,2018,,,,,,,0.537,
1103,,Holy See,,2019,,,,,,,0.528,
1104,,Holy See,,2020,,,,,,,0.52,
1105,,Isle of Man,,2016,,,,,,,83.45,
1106,,Isle of Man,,2017,,,,,,,83.58,
1107,,Isle of Man,,2018,,,,,,,83.775,
1108,,Isle of Man,,2019,,,,,,,83.933,
1109,,Isle of Man,,2020,,,,,,,84.046,
1110,,Martinique,,2016,,,,,,,380.345,
1111,,Martinique,,2017,,,,,,,377.452,
1112,,Martinique,,2018,,,,,,,374.841,
1113,,Martinique,,2019,,,,,,,372.245,
1114,,Martinique,,2020,,,,,,,370.391,
1115,,Mayotte,,2016,,,,,,,260.283,
1116,,Mayotte,,2017,,,,,,,271.565,
1117,,Mayotte,,2018,,,,,,,282.954,
1118,,Mayotte,,2019,,,,,,,294.489,
1119,,Mayotte,,2020,,,,,,,305.587,
1120,,Niue,,2016,,,,,,,1.861,
1121,,Niue,,2017,,,,,,,1.869,
1122,,Niue,,2018,,,,,,,1.887,
1123,,Niue,,2019,,,,,,,1.921,
1124,,Niue,,2020,,,,,,,1.942,
1125,,Northern Mariana Islands,,2016,,,,,,,51.133,
1126,,Northern Mariana Islands,,2017,,,,,,,50.729,
1127,,Northern Mariana Islands,,2018,,,,,,,50.304,
1128,,Northern Mariana Islands,,2019,,,,,,,49.858,
1129,,Northern Mariana Islands,,2020,,,,,,,49.587,
1130,,Réunion,,2016,,,,,,,926.628,
1131,,Réunion,,2017,,,,,,,932.739,
1132,,Réunion,,2018,,,,,,,941.187,
1133,,Réunion,,2019,,,,,,,949.419,
1134,,Réunion,,2020,,,,,,,957.822,
1135,,Saint Barthélemy,,2016,,,,,,,9.842,
1136,,Saint Barthélemy,,2017,,,,,,,10.044,
1137,,Saint Barthélemy,,2018,,,,,,,10.258,
1138,,Saint Barthélemy,,2019,,,,,,,10.48,
1139,,Saint Barthélemy,,2020,,,,,,,10.681,
1140,,"Saint Helena, Ascension and Tristan da Cunha",,2016,,,,,,,5.51,
1141,,"Saint Helena, Ascension and Tristan da Cunha",,2017,,,,,,,5.495,
1142,,"Saint Helena, Ascension and Tristan da Cunha",,2018,,,,,,,5.472,
1143,,"Saint Helena, Ascension and Tristan da Cunha",,2019,,,,,,,5.447,
1144,,"Saint Helena, Ascension and Tristan da Cunha",,2020,,,,,,,5.42,
1145,,Saint Pierre and Miquelon,,2016,,,,,,,5.965,
1146,,Saint Pierre and Miquelon,,2017,,,,,,,5.957,
1147,,Saint Pierre and Miquelon,,2018,,,,,,,5.944,
1148,,Saint Pierre and Miquelon,,2019,,,,,,,5.925,
1149,,Saint Pierre and Miquelon,,2020,,,,,,,5.906,
1150,,Saint-Martin (French part),,2016,,,,,,,34.811,
1151,,Saint-Martin (French part),,2017,,,,,,,34.496,
1152,,Saint-Martin (French part),,2018,,,,,,,33.852,
1153,,Saint-Martin (French part),,2019,,,,,,,33.121,
1154,,Saint-Martin (French part),,2020,,,,,,,32.553,
1155,,Tokelau,,2016,,,,,,,1.427,
1156,,Tokelau,,2017,,,,,,,1.486,
1157,,Tokelau,,2018,,,,,,,1.621,
1158,,Tokelau,,2019,,,,,,,1.752,
1159,,Tokelau,,2020,,,,,,,1.827,
1160,,United States Virgin Islands,,2016,,,,,,,102.316,
1161,,United States Virgin Islands,,2017,,,,,,,101.851,
1162,,United States Virgin Islands,,2018,,,,,,,101.365,
1163,,United States Virgin Islands,,2019,,,,,,,100.826,
1164,,United States Virgin Islands,,2020,,,,,,,100.442,
1165,,Wallis and Futuna Islands,,2016,,,,,,,12.06,
1166,,Wallis and Futuna Islands,,2017,,,,,,,11.936,
1167,,Wallis and Futuna Islands,,2018,,,,,,,11.816,
1168,,Wallis and Futuna Islands,,2019,,,,,,,11.714,
1169,,Wallis and Futuna Islands,,2020,,,,,,,11.655,
1170,,Western Sahara,,2016,,,,,,,505.455,
1171,,Western Sahara,,2017,,,,,,,518.859,
1172,,Western Sahara,,2018,,,,,,,532.004,
1173,,Western Sahara,,2019,,,,,,,544.876,
1174,,Western Sahara,,2020,,,,,,,556.048,
