ISO3_Code,Country_Name,M49_Code,Life_Expectancy_2016,Life_Expectancy_2017,Life_Expectancy_2018,Life_Expectancy_2019,Life_Expectancy_2020,Mean_Years_Of_Schooling_2016,Mean_Years_Of_Schooling_2017,Mean_Years_Of_Schooling_2018,Mean_Years_Of_Schooling_2019,Mean_Years_Of_Schooling_2020,Mean_Years_Of_Schooling_2016,Mean_Years_Of_Schooling_2017,Mean_Years_Of_Schooling_2018,Mean_Years_Of_Schooling_2019,Mean_Years_Of_Schooling_2020
AFG,Afghanistan,4,63.1361,63.016,63.081,63.5645,62.5751,2.463660385,2.561424686,2.659188987,2.756953288,2.854717589,2.463660385,2.561424686,2.659188987,2.756953288,2.854717589
AGO,Angola,24,61.0923,61.6798,62.1438,62.4484,62.2612,5.417390823,5.417390823,5.417390823,5.417390823,5.417390823,5.417390823,5.417390823,5.417390823,5.417390823,5.417390823
ALB,Albania,8,78.8602,79.0473,79.1838,79.2825,76.9893,10.72752833,10.91069206,11.09698316,11.28645502,11.28645502,10.72752833,10.91069206,11.09698316,11.28645502,11.28645502
AND,Andorra,20,82.9671,82.9803,82.9923,83.0039,79.0234,10.55609989,10.55577309,10.5554463,10.55511952,10.55511952,10.55609989,10.55577309,10.5554463,10.55511952,10.55511952
ARE,United Arab Emirates,784,79.3347,79.5036,79.6274,79.7262,78.9457,10.8426199,12.05539989,12.48400021,12.69402981,12.69402981,10.8426199,12.05539989,12.48400021,12.69402981,12.69402981
ARG,Argentina,32,76.3077,76.833,76.9994,77.2845,75.8921,10.92819023,11.01644516,11.10470009,11.14726927,11.14726927,10.92819023,11.01644516,11.10470009,11.14726927,11.14726927
ARM,Armenia,51,74.6639,74.9059,75.0645,75.4386,72.173,11.37989998,11.18758965,11.23515987,11.2827301,11.33030033,11.37989998,11.18758965,11.23515987,11.2827301,11.33030033
ATG,Antigua and Barbuda,28,78.1516,78.2683,78.5112,78.6912,78.8406,9.217008766,9.263093809,9.293740746,9.293740746,9.293740746,9.217008766,9.263093809,9.293740746,9.293740746,9.293740746
AUS,Australia,36,82.8707,83.0006,83.3871,83.11,84.3239,12.35210991,12.42234039,12.55362034,12.65668964,12.72681999,12.35210991,12.42234039,12.55362034,12.65668964,12.72681999
AUT,Austria,40,81.5925,81.6391,81.6862,81.9077,81.5036,12.11466026,12.15911961,12.20790482,12.25669003,12.25669003,12.11466026,12.15911961,12.20790482,12.25669003,12.25669003
AZE,Azerbaijan,31,72.0039,72.2478,72.7601,73.1023,66.8679,10.55539989,10.54459953,10.54176044,10.5429697,10.5429697,10.55539989,10.54459953,10.54176044,10.5429697,10.5429697
BDI,Burundi,108,60.7931,61.5526,61.6884,62.3514,61.5663,2.54513669,2.804970026,2.962684561,3.129266883,3.129266883,2.54513669,2.804970026,2.962684561,3.129266883,3.129266883
BEL,Belgium,56,81.2661,81.3618,81.4787,81.8311,80.7884,11.98532009,12.23692989,12.30630493,12.37567997,12.37567997,11.98532009,12.23692989,12.30630493,12.37567997,12.37567997
BEN,Benin,204,59.5394,59.8558,60.1403,60.4537,60.088,3.863223294,4.010411011,4.157598728,4.304786445,4.304786445,3.863223294,4.010411011,4.157598728,4.304786445,4.304786445
BFA,Burkina Faso,854,59.3262,59.5361,60.0466,60.0391,59.7306,1.602925003,1.761222512,1.91952002,2.114962259,2.114962259,1.602925003,1.761222512,1.91952002,2.114962259,2.114962259
BGD,Bangladesh,50,71.09,71.7879,72.5675,72.8057,71.9678,6.113890171,6.270249844,6.385879993,6.549980164,7.379059792,6.113890171,6.270249844,6.385879993,6.549980164,7.379059792
BGR,Bulgaria,100,74.8336,74.7992,74.8983,75.0624,73.6453,11.23243999,11.24269962,11.29952653,11.35635344,11.41318035,11.23243999,11.24269962,11.29952653,11.35635344,11.41318035
BHR,Bahrain,48,79.5569,79.689,79.8566,80.0186,79.1735,9.322070122,9.586489677,10.54808998,10.79733992,11.04658985,9.322070122,9.586489677,10.54808998,10.79733992,11.04658985
BHS,Bahamas,44,73.5368,73.6317,73.8057,71.205,72.6766,12.37662396,12.46443281,12.55286464,12.64192386,12.64192386,12.37662396,12.46443281,12.55286464,12.64192386,12.64192386
BIH,Bosnia and Herzegovina,70,76.8083,76.9349,77.0926,77.2412,76.2254,9.692919731,9.752649784,9.812379837,10.17434978,10.53631973,9.692919731,9.752649784,9.812379837,10.17434978,10.53631973
BLR,Belarus,112,74.258,74.4519,74.5676,74.216,72.5132,11.85758429,11.95291634,12.04824839,12.14358044,12.14358044,11.85758429,11.95291634,12.04824839,12.14358044,12.14358044
BLZ,Belize,84,73.3988,73.5624,73.7031,73.9313,72.854,9.503048134,9.339186096,9.175324059,9.011462021,8.847599983,9.503048134,9.339186096,9.175324059,9.011462021,8.847599983
BOL,Bolivia (Plurinational State of),68,67.6277,67.7015,67.748,67.841,64.4667,9.162832737,9.396595001,9.630357265,9.86411953,9.827750206,9.162832737,9.396595001,9.630357265,9.86411953,9.827750206
BRA,Brazil,76,74.4415,74.8266,75.1095,75.3379,74.0089,7.731040001,7.851759911,7.982019901,8.128813955,8.128813955,7.731040001,7.851759911,7.982019901,8.128813955,8.128813955
BRB,Barbados,52,76.8149,76.936,77.067,77.2569,77.3929,9.734617347,9.77397843,9.813339513,9.852700596,9.852700596,9.734617347,9.77397843,9.813339513,9.852700596,9.852700596
BRN,Brunei Darussalam,96,74.7332,74.722,74.7118,74.7483,74.7949,9.06,9.1,9.14,9.18,9.18,9.06,9.1,9.14,9.18,9.18
BTN,Bhutan,64,70.6022,70.8472,71.1286,71.3909,71.6094,3.690095949,4.058239937,4.580629311,5.170262283,5.170262283,3.690095949,4.058239937,4.580629311,5.170262283,5.170262283
BWA,Botswana,72,65.4644,66.7526,65.4224,65.4636,65.6471,10.1,10.18,10.26,10.34,10.34,10.1,10.18,10.26,10.34,10.34
CAF,Central African Republic,140,53.4601,53.7207,54.3693,55.0253,54.6042,4.256,4.282,4.308,4.334,4.334,4.256,4.282,4.308,4.334,4.334
CAN,Canada,124,82.0434,82.0192,82.0508,82.3628,82.0471,13.73192024,13.76600456,13.80017348,13.83442722,13.83442722,13.73192024,13.76600456,13.80017348,13.83442722,13.83442722
CHE,Switzerland,756,83.4452,83.4125,83.5615,83.7802,83.067,13.66668034,13.73318529,13.79969025,13.85966015,13.85966015,13.66668034,13.73318529,13.79969025,13.85966015,13.85966015
CHL,Chile,152,80.0794,80.3501,80.1334,80.3263,79.3769,10.42321491,10.59051991,10.76136507,10.9349663,10.9349663,10.42321491,10.59051991,10.76136507,10.9349663,10.9349663
CHN,China,159,77.2177,77.2476,77.7444,77.968,78.0766,7.299972725,7.400021299,7.500069873,7.600118446,7.600118446,7.299972725,7.400021299,7.500069873,7.600118446,7.600118446
CIV,Côte d'Ivoire,384,58.0599,58.4805,58.8494,59.3185,59.0318,4.921027531,5.013731346,5.106435161,5.199138977,5.199138977,4.921027531,5.013731346,5.106435161,5.199138977,5.199138977
CMR,Cameroon,120,60.2333,60.8103,61.1798,61.5839,60.8328,5.983691359,6.039564753,6.095438148,6.151311543,6.151311543,5.983691359,6.039564753,6.095438148,6.151311543,6.151311543
COD,Democratic Republic of the Congo,180,59.0664,59.4114,59.9417,60.2757,59.7392,6.75948,6.889088258,7.018696516,7.018696516,7.018696516,6.75948,6.889088258,7.018696516,7.018696516,7.018696516
COG,Congo,178,63.5765,63.76,64.0531,62.7467,63.7852,6.124,6.138,6.152,6.166,6.166,6.124,6.138,6.152,6.166,6.166
COL,Colombia,170,76.4713,76.6456,76.7479,76.7523,74.7692,8.221500397,8.362985134,8.504469872,8.643030167,8.862859726,8.221500397,8.362985134,8.504469872,8.643030167,8.862859726
COM,Comoros,174,63.2368,63.6254,63.9117,64.0684,64.1665,4.845539248,4.908531258,4.993590129,5.078649,5.078649,4.845539248,4.908531258,4.993590129,5.078649,5.078649
CPV,Cabo Verde,132,75.7423,76.5928,75.7331,76.0042,74.8077,5.973347954,6.076351994,6.181132228,6.287719287,6.287719287,5.973347954,6.076351994,6.181132228,6.287719287,6.287719287
CRI,Costa Rica,188,79.4592,79.3769,79.4835,79.4272,79.277,8.564390182,8.643780231,8.72317028,8.763615131,8.804059982,8.564390182,8.643780231,8.72317028,8.763615131,8.804059982
CUB,Cuba,192,77.643,77.5286,77.4962,77.6112,77.5673,12.0596942,12.20397456,12.34998107,12.49773438,12.49773438,12.0596942,12.20397456,12.34998107,12.49773438,12.49773438
CYP,Cyprus,196,81.0563,81.328,81.382,81.397,81.3905,12.08658028,12.18473005,12.28287983,12.36152506,12.44017029,12.08658028,12.18473005,12.28287983,12.36152506,12.44017029
CZE,Czechia,203,78.9967,78.9557,79.0039,79.2433,78.5746,12.73709011,12.78682041,12.8280654,12.86931038,12.86931038,12.73709011,12.78682041,12.8280654,12.86931038,12.86931038
DEU,Germany,276,80.8471,80.9442,81.1717,81.5584,81.1472,14.1321497,14.10476494,14.07738018,14.09096691,14.09096691,14.1321497,14.10476494,14.07738018,14.09096691,14.09096691
DJI,Djibouti,262,62.1908,62.7966,63.0381,63.0854,62.6943,4.07,4.07,4,4.1,4.1,4.07,4.07,4,4.1,4.1
DMA,Dominica,212,70.1284,67.5253,73.59,73.5588,73.649,8.017922938,8.059343959,8.100764979,8.142186,8.142186,8.017922938,8.059343959,8.100764979,8.142186,8.142186
DNK,Denmark,208,80.8803,81.1112,80.99,81.4337,81.5449,13.16281986,13.011765,12.86071014,12.91060019,12.96049023,13.16281986,13.011765,12.86071014,12.91060019,12.96049023
DOM,Dominican Republic,214,72.9867,73.0629,73.2323,73.5767,72.8894,9.044050217,8.936204255,9.106114462,9.306864107,9.306864107,9.044050217,8.936204255,9.106114462,9.306864107,9.306864107
DZA,Algeria,12,75.7318,75.7428,76.0656,76.4742,74.4528,7.877038634,7.940606186,8.004686727,8.069284397,8.069284397,7.877038634,7.940606186,8.004686727,8.069284397,8.069284397
ECU,Ecuador,218,76.7634,76.9725,77.0938,77.2971,72.1535,8.692919731,8.765919685,8.782986323,8.800052961,8.817119598,8.692919731,8.765919685,8.782986323,8.800052961,8.817119598
EGY,Egypt,818,70.8435,71.3019,71.3669,71.3575,70.9905,8.806776914,9.04570961,9.305633501,9.573026174,9.573026174,8.806776914,9.04570961,9.305633501,9.573026174,9.573026174
ERI,Eritrea,232,66.2893,66.5773,67.0675,67.2996,67.1334,4.75409968,4.82066744,4.8872352,4.8872352,4.8872352,4.75409968,4.82066744,4.8872352,4.8872352,4.8872352
ESP,Spain,724,83.0411,83.0295,83.1436,83.5321,82.2892,10.01107979,10.07671499,10.1423502,10.37387514,10.60540009,10.01107979,10.07671499,10.1423502,10.37387514,10.60540009
EST,Estonia,233,77.8201,77.976,78.1395,78.6693,78.3431,13.51035023,13.55548,13.65631008,13.60237026,13.54843044,13.51035023,13.55548,13.65631008,13.60237026,13.54843044
ETH,Ethiopia,231,64.3919,64.8383,65.4117,65.8377,65.3705,2.681135178,2.854597012,3.028058847,3.201520681,3.201520681,2.681135178,2.854597012,3.028058847,3.201520681,3.201520681
FIN,Finland,246,81.2915,81.4976,81.6266,81.8706,81.8657,12.68652487,12.73937988,12.80649996,12.87362003,12.87362003,12.68652487,12.73937988,12.80649996,12.87362003,12.87362003
FJI,Fiji,242,67.2395,67.7904,67.8096,67.8933,67.9244,10.49146872,10.63035965,10.77497021,10.92154799,10.92154799,10.49146872,10.63035965,10.77497021,10.92154799,10.92154799
FRA,France,250,82.4372,82.4732,82.5909,82.7315,82.2104,11.35085964,11.40970039,11.50988007,11.61005974,11.61005974,11.35085964,11.40970039,11.50988007,11.61005974,11.61005974
FSM,Micronesia (Federated States of),583,71.5954,71.4666,71.3183,71.0771,70.674,7.64096556,7.717375215,7.717375215,7.804956,7.804956,7.64096556,7.717375215,7.717375215,7.804956,7.804956
GAB,Gabon,266,65.8025,66.1889,66.3064,66.6028,66.5305,9.094,9.208,9.322,9.436,9.436,9.094,9.208,9.322,9.436,9.436
GBR,United Kingdom of Great Britain and Northern Ireland,826,81.0747,81.1684,81.1254,81.725,80.4345,13.07054679,13.16133022,13.24292692,13.32452361,13.4061203,13.07054679,13.16133022,13.24292692,13.32452361,13.4061203
GEO,Georgia,268,73.5692,73.5701,73.3414,73.4696,72.7653,12.81457043,12.87436008,12.84828997,12.82221985,12.82221985,12.81457043,12.87436008,12.84828997,12.82221985,12.82221985
GHA,Ghana,288,63.8902,64.0131,64.122,64.7401,64.114,7.919448013,8.056260907,8.193073801,8.329886695,8.329886695,7.919448013,8.056260907,8.193073801,8.329886695,8.329886695
GIN,Guinea,324,58.7625,59.1093,59.3491,59.7199,59.3273,2.000424981,2.064812481,2.129199982,2.202125952,2.202125952,2.000424981,2.064812481,2.129199982,2.202125952,2.202125952
GMB,Gambia,270,63.0127,62.9955,63.04,63.7549,62.6125,4.02814688,4.180482013,4.332817146,4.485152279,4.637487411,4.02814688,4.180482013,4.332817146,4.485152279,4.637487411
GNB,Guinea-Bissau,624,59.6739,60.0665,60.5016,60.8818,59.9988,3.433009046,3.483245697,3.533482349,3.583719,3.583719,3.433009046,3.483245697,3.533482349,3.583719,3.583719
GNQ,Equatorial Guinea,226,60.4786,60.8205,61.1914,61.6444,60.7083,5.539093132,5.550890776,5.550890776,5.910863,5.910863,5.539093132,5.550890776,5.550890776,5.910863,5.910863
GRC,Greece,300,81.1617,80.8501,81.3907,81.2489,80.9092,10.25430012,10.54285765,10.83141518,11.11997271,11.40853024,10.25430012,10.54285765,10.83141518,11.11997271,11.40853024
GRD,Grenada,308,74.7622,74.7652,74.8076,74.8632,74.9238,8.675659824,8.675659824,8.8,9.032104,9.032104,8.675659824,8.675659824,8.8,9.032104,9.032104
GTM,Guatemala,320,72.3547,72.5506,72.7257,73.1289,71.7969,5.774713993,5.74357605,5.712438107,5.681300163,5.681300163,5.774713993,5.74357605,5.712438107,5.681300163,5.681300163
GUY,Guyana,328,68.384,68.6668,68.8959,69.1239,68.4858,8.410319909,8.462109182,8.513898455,8.565687727,8.617477,8.410319909,8.462109182,8.513898455,8.565687727,8.617477
HKG,"China, Hong Kong SAR",344,84.539,84.8988,85.2456,85.2735,85.1968,12.09660006,12.16905022,12.19762993,12.22620964,12.22620964,12.09660006,12.16905022,12.19762993,12.22620964,12.22620964
HND,Honduras,340,72.5878,72.6918,72.8141,72.8811,71.4619,6.528709888,6.408294916,6.287879944,7.088479996,7.088479996,6.528709888,6.408294916,6.287879944,7.088479996,7.088479996
HRV,Croatia,191,78.2314,78.0832,78.337,78.7376,77.9845,11.78733331,11.92040895,12.05498697,12.19108434,12.19108434,11.78733331,11.92040895,12.05498697,12.19108434,12.19108434
HTI,Haiti,332,63.3922,63.8538,64.0188,64.2546,64.0518,5.326,5.402,5.478,5.554,5.554,5.326,5.402,5.478,5.554,5.554
HUN,Hungary,348,76.1552,76.0055,76.2039,76.4543,75.7297,11.88941002,11.97945499,12.06949997,12.15954494,12.24958992,11.88941002,11.97945499,12.06949997,12.15954494,12.24958992
IDN,Indonesia,360,69.7976,69.9356,70.3375,70.5184,68.8077,7.976150036,8.069094896,8.162039757,8.359274864,8.556509972,7.976150036,8.069094896,8.162039757,8.359274864,8.556509972
IND,India,356,70.1167,70.4672,70.7095,70.9098,70.1499,6.350639359,6.452129304,6.55361925,6.655109195,6.655109195,6.350639359,6.452129304,6.55361925,6.655109195,6.655109195
IRL,Ireland,372,81.5498,81.9168,82.0863,82.2586,82.4699,11.36181815,11.4341898,11.50796839,11.58222303,11.58222303,11.36181815,11.4341898,11.50796839,11.58222303,11.58222303
IRN,Iran (Islamic Republic of),364,75.6,75.9712,76.195,76.1031,74.832,10.31394005,10.42034294,10.52784353,10.63645314,10.63645314,10.31394005,10.42034294,10.52784353,10.63645314,10.63645314
IRQ,Iraq,368,68.9878,70.4126,71.5143,71.5764,69.1228,7.837934567,7.860422708,7.88291085,7.905593489,7.905593489,7.837934567,7.860422708,7.88291085,7.905593489,7.905593489
ISL,Iceland,352,82.03,82.5352,82.7703,82.4042,82.5755,13.32010517,13.4558567,13.59160824,13.72735977,13.76716995,13.32010517,13.4558567,13.59160824,13.72735977,13.76716995
ISR,Israel,376,82.4854,82.7195,82.8232,82.8123,82.3598,13.05535211,13.15115217,13.24765522,13.3448664,13.3448664,13.05535211,13.15115217,13.24765522,13.3448664,13.3448664
ITA,Italy,380,83.0492,82.7282,83.1847,83.552,82.3953,10.39278984,10.47961998,10.56645012,10.65328026,10.7401104,10.39278984,10.47961998,10.56645012,10.65328026,10.7401104
JAM,Jamaica,388,72.0198,71.9114,71.793,71.767,71.8686,8.879589332,8.970338495,9.062015112,9.154628661,9.154628661,8.879589332,8.970338495,9.062015112,9.154628661,9.154628661
JOR,Jordan,400,75.2153,75.5018,75.7743,76.044,75.1843,10.16455984,10.25772977,10.3508997,10.39878988,10.44668007,10.16455984,10.25772977,10.3508997,10.39878988,10.44668007
JPN,Japan,392,84.0664,84.1976,84.2971,84.4258,84.6879,13.30426394,13.33075812,13.34510708,13.36610034,13.36610034,13.30426394,13.33075812,13.34510708,13.36610034,13.36610034
KAZ,Kazakhstan,398,70.8984,71.3958,71.4717,71.5675,70.0304,11.9441363,12.07710298,12.21006966,12.34756189,12.34756189,11.9441363,12.07710298,12.21006966,12.34756189,12.34756189
KEN,Kenya,404,62.1632,62.4808,62.6765,62.9432,62.6755,6.388,6.476,6.564,6.652,6.652,6.388,6.476,6.564,6.652,6.652
KGZ,Kyrgyzstan,417,70.2761,70.5877,70.728,71.2301,69.6291,11.35618418,11.36215797,11.36813177,11.37410556,11.37410556,11.35618418,11.36215797,11.36813177,11.37410556,11.37410556
KHM,Cambodia,116,70.2244,70.5153,70.5609,70.6923,70.416,4.722,4.844,4.966,5.088,5.088,4.722,4.844,4.966,5.088,5.088
KIR,Kiribati,296,66.3316,66.5965,66.8545,67.1497,67.2659,7.865527643,7.865527643,7.865527643,7.984461822,7.984461822,7.865527643,7.865527643,7.865527643,7.984461822,7.984461822
KNA,Saint Kitts and Nevis,659,71.7405,71.8399,71.4671,71.5717,71.6266,8.4,8.4,8.5,8.662745,8.662745,8.4,8.4,8.5,8.662745,8.662745
KOR,Republic of Korea,410,82.9259,83.2855,83.3427,83.6557,83.6089,12.21428586,12.31303351,12.41257949,12.51293027,12.51293027,12.21428586,12.31303351,12.41257949,12.51293027,12.51293027
KWT,Kuwait,414,79.7011,79.7806,79.7217,79.685,76.9198,7.132780075,7.192820072,7.216040134,7.328022618,7.328022618,7.132780075,7.192820072,7.216040134,7.328022618,7.328022618
LAO,Lao People's Democratic Republic,418,67.1667,67.4344,67.6341,68.1382,68.4968,5.116,5.202,5.288,5.374,5.374,5.116,5.202,5.288,5.374,5.374
LBN,Lebanon,422,79.5054,79.6543,79.729,79.2359,77.8038,8.554324481,8.609094987,8.663865494,8.718636,8.718636,8.554324481,8.609094987,8.663865494,8.718636,8.718636
LBR,Liberia,430,60.4162,60.5535,60.8532,61.1044,60.9476,4.668,4.806,4.944,5.082,5.082,4.668,4.806,4.944,5.082,5.082
LBY,Libya,434,71.756,72.4818,72.7938,72.4634,72.4722,7.31,7.56,7.56,7.599985,7.599985,7.31,7.56,7.56,7.599985,7.599985
LCA,Saint Lucia,662,73.1116,73.1275,73.3569,73.4449,73.416,8.450304985,8.481883367,8.513461749,8.545040131,8.545040131,8.450304985,8.481883367,8.513461749,8.545040131,8.545040131
LIE,Liechtenstein,438,82.3932,83.8916,83.1462,84.3094,82.797,12.31878677,12.39203784,12.46528892,12.53854,12.53854,12.31878677,12.39203784,12.46528892,12.53854,12.53854
LKA,Sri Lanka,144,75.3314,75.4035,75.748,76.0084,76.3929,10.50934029,10.57874966,10.64155006,10.63134003,10.82730007,10.50934029,10.57874966,10.64155006,10.63134003,10.82730007
LSO,Lesotho,426,52.2641,53.0636,53.733,54.1726,54.6933,5.744151237,5.83282906,5.921506884,6.010184707,6.010184707,5.744151237,5.83282906,5.921506884,6.010184707,6.010184707
LTU,Lithuania,440,74.8816,75.4399,75.6767,76.2119,75.0676,13.10509968,13.18838978,13.29162661,13.39486345,13.49810028,13.10509968,13.18838978,13.29162661,13.39486345,13.49810028
LUX,Luxembourg,442,82.0535,81.734,81.8035,82.1434,81.4335,12.84430344,12.65323261,12.82510172,13.01519217,13.01519217,12.84430344,12.65323261,12.82510172,13.01519217,13.01519217
LVA,Latvia,428,74.7535,74.8054,75.0012,75.5337,75.4526,12.93480968,13.05903006,13.18325043,13.25271988,13.25271988,12.93480968,13.05903006,13.18325043,13.25271988,13.25271988
MAR,Morocco,504,73.284,73.6603,73.9863,74.2705,73.9199,5.514,5.648,5.782,5.916,5.916,5.514,5.648,5.782,5.916,5.916
MCO,Monaco,492,85.7228,85.6525,86.4643,86.5424,86.538,,,,,,,,,,
MDA,Republic of Moldova,498,69.9169,70.5155,70.4916,70.9351,70.1665,11.79195658,11.8187631,11.84556961,11.82159042,11.82159042,11.79195658,11.8187631,11.84556961,11.82159042,11.82159042
MDG,Madagascar,450,64.9969,65.0938,65.2697,65.8821,65.182,4.981364182,5.027301993,5.073239803,5.120468534,5.120468534,4.981364182,5.027301993,5.073239803,5.120468534,5.120468534
MDV,Maldives,462,79.872,79.9429,80.0132,80.116,79.8747,6.818,6.986,7.154,7.322,7.322,6.818,6.986,7.154,7.322,7.322
MEX,Mexico,484,74.4122,74.1378,74.0146,74.2021,70.1328,8.599900246,8.742489815,8.933190346,9.077120304,9.221050262,8.599900246,8.742489815,8.933190346,9.077120304,9.221050262
MHL,Marshall Islands,584,64.0569,64.2696,64.5001,64.7458,64.977,10.88313961,10.88313961,10.88313961,10.88313961,10.88313961,10.88313961,10.88313961,10.88313961,10.88313961,10.88313961
MKD,North Macedonia,807,76.0296,76.4766,77.3142,77.2928,75.1677,9.538281441,9.710748672,9.883215904,10.05568314,10.22815037,9.538281441,9.710748672,9.883215904,10.05568314,10.22815037
MLI,Mali,466,58.7313,59.1322,59.3934,59.6637,58.6331,1.98,2.09,2.2,2.31,2.31,1.98,2.09,2.2,2.31,2.31
MLT,Malta,470,83.1107,83.5867,83.3448,83.2065,83.3545,11.28810978,11.56434488,11.84057999,12.02542019,12.21026039,11.28810978,11.56434488,11.84057999,12.02542019,12.21026039
MMR,Myanmar,104,65.685,65.843,66.4646,66.6104,66.797,5.95272715,6.094084787,6.235442423,6.37680006,6.37680006,5.95272715,6.094084787,6.235442423,6.37680006,6.37680006
MNE,Montenegro,499,76.7462,76.9388,77.1595,77.0396,76.2575,11.83377704,11.94692704,12.06115893,12.17648306,12.17648306,11.83377704,11.94692704,12.06115893,12.17648306,12.17648306
MNG,Mongolia,496,69.8647,70.2375,71.1992,71.8221,72.141,9.670928192,9.609121227,9.547314262,9.485507298,9.423700333,9.670928192,9.609121227,9.547314262,9.485507298,9.423700333
MOZ,Mozambique,508,59.038,59.7709,60.5261,61.1662,61.1722,3.126510024,3.064209938,3.130214992,3.197641838,3.197641838,3.126510024,3.064209938,3.130214992,3.197641838,3.197641838
MRT,Mauritania,478,64.7679,65.0827,65.31,65.6869,64.5321,4.577192976,4.691063614,4.804934252,4.918804891,4.918804891,4.577192976,4.691063614,4.804934252,4.918804891,4.918804891
MUS,Mauritius,480,75.0114,74.8812,74.9194,75.1179,74.3306,9.666950539,9.914224809,10.16782419,10.42791048,10.42791048,9.666950539,9.914224809,10.16782419,10.42791048,10.42791048
MWI,Malawi,454,62.2093,62.9769,63.2758,64.1188,63.7167,4.210832318,4.303786674,4.396741029,4.489695385,4.489695385,4.210832318,4.303786674,4.396741029,4.489695385,4.489695385
MYS,Malaysia,458,75.2888,75.4763,75.6444,75.7603,75.9378,10.36651039,10.45936012,10.55220985,10.64505959,10.64505959,10.36651039,10.45936012,10.55220985,10.64505959,10.64505959
NAM,Namibia,516,61.6825,62.2931,62.5859,63.075,62.829,7.037678228,7.089123245,7.140568261,7.192013277,7.192013277,7.037678228,7.089123245,7.140568261,7.192013277,7.192013277
NER,Niger,562,61.6288,62.1599,62.4544,62.8967,61.4506,1.882464437,1.960548724,2.038633011,2.116717299,2.116717299,1.882464437,1.960548724,2.038633011,2.116717299,2.116717299
NGA,Nigeria,566,52.0427,52.3052,52.5536,52.9104,52.887,6.436573823,6.697552363,6.958530903,7.181074153,7.181074153,6.436573823,6.697552363,6.958530903,7.181074153,7.181074153
NIC,Nicaragua,558,73.2562,73.5536,73.8497,74.0543,71.7954,6.796,6.912,7.028,7.144,7.144,6.796,6.912,7.028,7.144,7.144
NLD,Netherlands,528,81.547,81.7291,81.7741,82.0455,81.6381,12.18412018,12.25356531,12.32301044,12.4523201,12.58162975,12.18412018,12.25356531,12.32301044,12.4523201,12.58162975
NOR,Norway,578,82.4147,82.624,82.7605,82.9552,83.1951,12.81906033,12.94715977,12.97539473,13.00362968,13.00362968,12.81906033,12.94715977,12.97539473,13.00362968,13.00362968
NPL,Nepal,524,68.7758,68.9099,68.9786,69.5576,69.2456,4.652394104,4.808860316,4.965326529,5.121792742,5.121792742,4.652394104,4.808860316,4.965326529,5.121792742,5.121792742
NRU,Nauru,520,62.7018,62.988,63.2337,63.4845,63.4367,,,,,,,,,,
NZL,New Zealand,554,82.07,82.2189,82.3803,82.5665,82.7419,13.33483982,13.2373023,13.13976479,13.04222727,12.94468975,13.33483982,13.2373023,13.13976479,13.04222727,12.94468975
OMN,Oman,512,77.9158,77.9243,77.9659,78.0022,74.7571,9.968448448,10.38984642,10.81124439,11.23264236,11.65404034,9.968448448,10.38984642,10.81124439,11.23264236,11.65404034
PAK,Pakistan,586,65.8797,66.2972,66.482,66.7558,66.2695,5.162640095,5.115049839,4.825690031,4.536330223,4.536330223,5.162640095,5.115049839,4.825690031,4.536330223,4.536330223
PAN,Panama,591,77.6529,77.7954,77.8629,77.8103,76.657,10.11919022,10.25965691,10.4001236,10.54059029,10.54059029,10.11919022,10.25965691,10.4001236,10.54059029,10.54059029
PER,Peru,604,75.789,75.879,76.0089,76.1559,73.6655,9.314760208,9.535280228,9.755800247,9.885518863,9.885518863,9.314760208,9.535280228,9.755800247,9.885518863,9.885518863
PHL,Philippines,608,71.3871,71.5156,71.689,71.8649,72.1191,8.621369839,8.446499825,8.707799911,8.969099998,8.969099998,8.621369839,8.446499825,8.707799911,8.969099998,8.969099998
PLW,Palau,585,63.8521,64.0828,64.3886,64.8043,65.3491,12.6872,12.5893,12.49143,12.49143,12.49143,12.6872,12.5893,12.49143,12.49143,12.49143
PNG,Papua New Guinea,598,64.8399,65.1028,65.1822,65.4738,65.7868,4.62,4.66,4.7,4.74,4.74,4.62,4.66,4.7,4.74,4.74
POL,Poland,616,77.8025,77.7205,77.6282,77.9272,76.9424,13.00481987,13.04480243,13.08478498,13.12476754,13.1647501,13.00481987,13.04480243,13.08478498,13.12476754,13.1647501
PRK,Democratic People's Republic of Korea,408,72.8045,72.9778,73.0309,73.1985,73.2741,,,,,,,,,,
PRT,Portugal,620,81.2324,81.498,81.3947,81.7007,81.0545,9.112580299,9.218230247,9.144709587,9.327420235,9.575940132,9.112580299,9.218230247,9.144709587,9.327420235,9.575940132
PRY,Paraguay,600,73.5336,73.6436,73.5676,73.6207,73.1816,8.351449966,8.468514919,8.585579872,8.810709953,8.861840248,8.351449966,8.468514919,8.585579872,8.810709953,8.861840248
PSE,Palestine,275,74.5544,74.8329,74.793,75.2406,74.4035,9.156229973,9.275179863,9.524060249,9.731270313,9.938480377,9.156229973,9.275179863,9.524060249,9.731270313,9.938480377
QAT,Qatar,634,80.4335,80.7171,80.8982,80.9897,79.0987,9.667340279,9.730019569,9.86211879,9.99601145,9.99601145,9.667340279,9.730019569,9.86211879,9.99601145,9.99601145
ROU,Romania,642,75.2458,75.9519,76.1546,76.5079,75.3456,11.08049011,11.14865017,11.21188498,11.27511978,11.27511978,11.08049011,11.14865017,11.21188498,11.27511978,11.27511978
RUS,Russian Federation,643,72.6609,73.3743,73.5306,73.9332,71.3423,12.56402159,12.72337438,12.72389289,12.77428805,12.77428805,12.56402159,12.72337438,12.72389289,12.77428805,12.77428805
RWA,Rwanda,646,65.7373,65.9409,66.2505,66.437,66.7741,4.195574999,4.265272498,4.334969997,4.425292358,4.425292358,4.195574999,4.265272498,4.334969997,4.425292358,4.425292358
SAU,Saudi Arabia,682,77.0643,77.1605,77.2115,77.3036,76.2392,10.08080983,10.22029972,10.58370972,10.94711971,11.31052971,10.08080983,10.22029972,10.58370972,10.94711971,11.31052971
SDN,Sudan,729,64.7801,65.4447,65.681,65.8755,65.6136,3.67,3.72,3.77,3.82,3.82,3.67,3.72,3.77,3.82,3.82
SEN,Senegal,686,67.4969,67.7503,68.0966,68.5258,68.0064,2.818639934,2.830689907,2.883815558,2.937938258,2.937938258,2.818639934,2.830689907,2.883815558,2.937938258,2.937938258
SGP,Singapore,702,83.0001,83.2236,83.4576,83.7584,82.861,11.58815956,11.5461998,11.74279022,11.85017014,11.92488003,11.58815956,11.5461998,11.74279022,11.85017014,11.92488003
SLB,Solomon Islands,90,69.8007,69.9882,70.1733,70.3821,70.1987,5.44073206,5.54073206,5.54073206,5.711848,5.711848,5.44073206,5.54073206,5.54073206,5.711848,5.711848
SLE,Sierra Leone,694,58.4045,58.6517,59.7959,60.2549,59.7632,4.21481171,4.335234901,4.455658093,4.576081285,4.576081285,4.21481171,4.335234901,4.455658093,4.576081285,4.576081285
SLV,El Salvador,222,72.0248,72.3108,72.5546,72.5586,71.0609,6.717559814,6.825099945,6.968569994,7.112040043,7.150929928,6.717559814,6.825099945,6.968569994,7.112040043,7.150929928
SMR,San Marino,674,82.9726,82.9161,82.9479,82.9863,79.5886,,,10.80146027,10.80146027,10.80146027,,,10.80146027,10.80146027,10.80146027
SOM,Somalia,706,55.0444,55.6536,56.3754,57.0776,55.9666,,,,,,,,,,
SRB,Serbia,688,76.2609,76.213,76.5115,76.704,75.4057,11.13010025,11.16240025,11.26613522,11.36987019,11.36987019,11.13010025,11.16240025,11.26613522,11.36987019,11.36987019
SSD,South Sudan,728,55.5437,55.3094,55.9495,55.912,55.4801,5.726140022,5.726140022,5.726140022,5.726140022,5.726140022,5.726140022,5.726140022,5.726140022,5.726140022,5.726140022
STP,Sao Tome and Principe,678,67.4917,68.2666,68.3549,68.5231,67.7848,5.77061182,5.918941025,6.06727023,6.215599435,6.215599435,5.77061182,5.918941025,6.06727023,6.215599435,6.215599435
SUR,Suriname,740,71.5924,72.417,72.5532,72.2423,72.5615,9.472836021,9.573077564,9.673319107,9.77680063,9.77680063,9.472836021,9.573077564,9.673319107,9.77680063,9.77680063
SVK,Slovakia,703,77.2146,77.219,77.264,77.6851,77.0054,12.71166039,12.76618004,12.86622047,12.91141987,12.91141987,12.71166039,12.76618004,12.86622047,12.91141987,12.91141987
SVN,Slovenia,705,81.1577,81.0714,81.3581,81.6042,80.4409,12.66755009,12.70028973,12.75198507,12.80368042,12.80368042,12.66755009,12.70028973,12.75198507,12.80368042,12.80368042
SWE,Sweden,752,82.3391,82.4382,82.5326,83.0524,82.4274,12.41359997,12.48604965,12.54788494,12.60972023,12.60972023,12.41359997,12.48604965,12.54788494,12.60972023,12.60972023
SWZ,Eswatini,748,56.6591,57.8951,59.4114,60.5492,59.6922,5.194,5.328,5.462,5.596,5.596,5.194,5.328,5.462,5.596,5.596
SYC,Seychelles,690,73.6425,73.8027,73.9529,74.169,73.5324,10.29844821,10.29333881,10.2882294,10.28312,10.28312,10.29844821,10.29333881,10.2882294,10.28312,10.28312
SYR,Syrian Arab Republic,760,65.9933,68.4811,70.145,71.8224,72.1399,5.0625,5.1,5.1,5.1,5.1,5.0625,5.1,5.1,5.1,5.1
TCD,Chad,148,52.0834,52.3076,52.8253,53.2594,52.7774,2.301458538,2.388868544,2.479598405,2.57377421,2.57377421,2.301458538,2.388868544,2.479598405,2.57377421,2.57377421
TGO,Togo,768,59.5501,60.1544,60.244,60.9011,61.035,4.636985989,4.763593115,4.890200241,5.016807367,5.016807367,4.636985989,4.763593115,4.890200241,5.016807367,5.016807367
THA,Thailand,764,78.0489,78.3939,78.6622,78.9751,79.2739,8.315620422,8.343885422,8.372150421,8.697119713,8.697119713,8.315620422,8.343885422,8.372150421,8.697119713,8.697119713
TJK,Tajikistan,762,69.5493,69.9047,70.3532,70.8674,67.9942,11.38479379,11.42107964,11.37723672,11.3333938,11.3333938,11.38479379,11.42107964,11.37723672,11.3333938,11.3333938
TKM,Turkmenistan,795,68.7774,68.9158,68.7963,69.0016,68.687,11.15854538,11.19282692,11.22710846,11.26139,11.26139,11.15854538,11.19282692,11.22710846,11.26139,11.26139
TLS,Timor-Leste,626,67.4461,67.7454,68.0167,68.2684,68.4755,5.43679,5.43679,5.43679,5.43679,5.43679,5.43679,5.43679,5.43679,5.43679,5.43679
TON,Tonga,776,70.661,70.7133,70.7787,70.8715,70.9276,11.30161499,11.33194133,11.36226767,11.392594,11.392594,11.30161499,11.33194133,11.36226767,11.392594,11.392594
TTO,Trinidad and Tobago,780,74.281,74.2301,73.8018,74.2279,74.4056,11.23672288,11.35999926,11.48462809,11.61062419,11.61062419,11.23672288,11.35999926,11.48462809,11.61062419,11.61062419
TUN,Tunisia,788,75.7861,75.8448,75.9501,75.9933,75.2923,7.196720123,7.274176324,7.352466164,7.431598614,7.431598614,7.196720123,7.274176324,7.352466164,7.431598614,7.431598614
TUR,Türkiye,792,76.6605,77.1408,77.5631,77.8318,75.85,8.099840164,8.268190384,8.450664997,8.63313961,8.63313961,8.099840164,8.268190384,8.450664997,8.63313961,8.63313961
TUV,Tuvalu,798,64.1075,64.1478,64.2117,64.2775,64.382,10.11381837,10.2286407,10.34346304,10.45828538,10.57310772,10.11381837,10.2286407,10.34346304,10.45828538,10.57310772
TZA,United Republic of Tanzania,834,65.3862,65.9987,66.5346,66.9885,66.4077,5.959358347,6.094134093,6.231957903,6.37289871,6.37289871,5.959358347,6.094134093,6.231957903,6.37289871,6.37289871
UGA,Uganda,800,61.6479,62.115,62.7139,62.9913,62.8513,5.563811567,5.619521567,5.675231566,5.730941566,5.730941566,5.563811567,5.619521567,5.675231566,5.730941566,5.730941566
UKR,Ukraine,804,74.3121,74.7181,74.4122,74.5364,72.5726,11.15577802,11.14765882,11.13953963,11.13142043,11.13142043,11.15577802,11.14765882,11.13953963,11.13142043,11.13142043
URY,Uruguay,858,77.5707,77.6247,77.611,77.5085,78.4298,8.70388031,8.831359863,8.906729698,8.982549667,8.982549667,8.70388031,8.831359863,8.906729698,8.982549667,8.982549667
USA,United States of America,840,78.8482,78.8213,78.9896,79.138,77.4144,13.34290981,13.42226505,13.50162029,13.59252501,13.68342972,13.34290981,13.42226505,13.50162029,13.59252501,13.68342972
UZB,Uzbekistan,860,70.7548,71.0095,71.1494,71.3441,70.3309,11.67308998,11.72383976,11.77458954,11.89558983,11.89558983,11.67308998,11.72383976,11.77458954,11.89558983,11.89558983
VCT,Saint Vincent and the Grenadines,670,74.2799,74.3052,74.1279,72.8347,72.1256,10.34760787,10.83343029,10.83343029,10.83343029,10.83343029,10.34760787,10.83343029,10.83343029,10.83343029,10.83343029
VEN,Venezuela (Bolivarian Republic of),862,72.0578,71.943,71.9788,72.1614,71.0949,10.31229973,10.57076027,10.8356987,11.10727736,11.10727736,10.31229973,10.57076027,10.8356987,11.10727736,11.10727736
VNM,Viet Nam,704,73.9382,73.9632,73.9757,74.0929,75.3779,8.12267518,8.205210209,8.287745237,8.370280266,8.370280266,8.12267518,8.205210209,8.287745237,8.370280266,8.370280266
VUT,Vanuatu,548,69.6496,69.7095,69.7948,69.8769,70.2995,6.68,6.76,6.84,7.064846,7.064846,6.68,6.76,6.84,7.064846,7.064846
WSM,Samoa,882,72.5397,72.59,72.6358,72.1572,72.7677,11.52649762,11.49582322,11.46514881,11.43447441,11.4038,11.52649762,11.49582322,11.46514881,11.43447441,11.4038
YEM,Yemen,887,66.0641,65.9573,64.5751,65.0917,64.6501,3,3,3.2,3.2,3.2,3,3,3.2,3.2,3.2
ZAF,South Africa,710,64.7469,65.402,65.6743,66.175,65.2522,10.18788004,10.14218044,10.7576704,11.37316036,11.37316036,10.18788004,10.14218044,10.7576704,11.37316036,11.37316036
ZMB,Zambia,894,61.7937,62.1201,62.3422,62.7926,62.3803,6.802171326,6.930478048,7.058784771,7.187091494,7.187091494,6.802171326,6.930478048,7.058784771,7.187091494,7.187091494
ZWE,Zimbabwe,716,60.3059,60.7095,61.4141,61.2925,61.1242,8.34528319,8.461689949,8.585394977,8.710908501,8.710908501,8.34528319,8.461689949,8.585394977,8.710908501,8.710908501
